Date,rain_mm,pet_mm
1980-01-01,0,5.0143
1980-01-02,0,4.9714
1980-01-03,0,4.9429
1980-01-04,0,4.9000
1980-01-05,25,4.7000
1980-01-06,7.4000000000000004,4.6714
1980-01-07,5.5999999999999996,4.5286
1980-01-08,0.80000000000000004,4.8143
1980-01-09,0,4.8714
1980-01-10,0,4.7857
1980-01-11,7.2999999999999998,4.9143
1980-01-12,2,5.5857
1980-01-13,0,6.2000
1980-01-14,0,6.7286
1980-01-15,0,6.9143
1980-01-16,0,7.0429
1980-01-17,0,7.3714
1980-01-18,0,7.7143
1980-01-19,0,7.6857
1980-01-20,47.600000000000001,7.9143
1980-01-21,44.200000000000003,7.9286
1980-01-22,1,7.5143
1980-01-23,0,7.2000
1980-01-24,0,6.9714
1980-01-25,0,6.9000
1980-01-26,0,6.7857
1980-01-27,0,6.3857
1980-01-28,0,6.0143
1980-01-29,0,6.0286
1980-01-30,0,5.9714
1980-01-31,0,5.8571
1980-02-01,0,5.7857
1980-02-02,0,5.7000
1980-02-03,0,5.9143
1980-02-04,0,6.1571
1980-02-05,0,6.0714
1980-02-06,0,6.1286
1980-02-07,0,6.1000
1980-02-08,0,5.9714
1980-02-09,0,5.6000
1980-02-10,0,4.9714
1980-02-11,14.6,4.3857
1980-02-12,7.5999999999999996,4.3143
1980-02-13,0,4.1286
1980-02-14,0,4.0143
1980-02-15,0,4.0286
1980-02-16,0,4.3857
1980-02-17,0,4.3714
1980-02-18,3.3999999999999999,4.7857
1980-02-19,0,4.8857
1980-02-20,0,5.1143
1980-02-21,0,5.1571
1980-02-22,22.199999999999999,5.2143
1980-02-23,0,5.3857
1980-02-24,0,5.8143
1980-02-25,4.5999999999999996,6.0429
1980-02-26,7.2000000000000002,6.0714
1980-02-27,15.6,5.8714
1980-02-28,9.4000000000000004,5.9143
1980-02-29,0,5.8429
1980-03-01,0,5.5143
1980-03-02,46.200000000000003,5.3143
1980-03-03,0,4.9429
1980-03-04,42.600000000000001,4.8714
1980-03-05,37.600000000000001,4.8571
1980-03-06,6.5999999999999996,4.4286
1980-03-07,0,4.2571
1980-03-08,0,4.1857
1980-03-09,0,4.2714
1980-03-10,6.2000000000000002,4.2714
1980-03-11,5.9000000000000004,3.9571
1980-03-12,0,4.0429
1980-03-13,0,4.6143
1980-03-14,0.40000000000000002,4.7429
1980-03-15,0,4.9429
1980-03-16,0,5.0714
1980-03-17,0,4.7857
1980-03-18,17.399999999999999,4.6571
1980-03-19,9,4.3429
1980-03-20,0,4.1286
1980-03-21,0,3.8857
1980-03-22,21.399999999999999,3.6429
1980-03-23,0,3.3429
1980-03-24,0,3.5571
1980-03-25,10,3.9429
1980-03-26,0,4.3714
1980-03-27,0,4.3857
1980-03-28,0,4.6571
1980-03-29,0,4.7857
1980-03-30,0,5.0857
1980-03-31,0,5.3000
1980-04-01,0,5.3714
1980-04-02,0,5.2857
1980-04-03,0,5.4286
1980-04-04,0,5.3857
1980-04-05,0,5.5286
1980-04-06,0,5.5571
1980-04-07,0,5.6429
1980-04-08,0,5.7143
1980-04-09,7.7999999999999998,5.4429
1980-04-10,8.4000000000000004,5.1857
1980-04-11,7.2000000000000002,4.9143
1980-04-12,0,4.5857
1980-04-13,0,4.2429
1980-04-14,20,3.9571
1980-04-15,4.2000000000000002,3.6429
1980-04-16,2.6000000000000001,3.7286
1980-04-17,6.4000000000000004,3.8286
1980-04-18,0,3.8714
1980-04-19,0,3.8286
1980-04-20,0,3.8571
1980-04-21,0,3.7429
1980-04-22,18,3.6714
1980-04-23,23,3.5571
1980-04-24,0,3.4286
1980-04-25,2.3999999999999999,3.6571
1980-04-26,5.5999999999999996,3.8571
1980-04-27,4.0999999999999996,3.8857
1980-04-28,0,3.9143
1980-04-29,0,3.9571
1980-04-30,0,3.9714
1980-05-01,0,3.8143
1980-05-02,0,3.4857
1980-05-03,32.200000000000003,3.0857
1980-05-04,0,2.9286
1980-05-05,0,2.9571
1980-05-06,0,3.0286
1980-05-07,0,3.1571
1980-05-08,0,3.5143
1980-05-09,0,3.8000
1980-05-10,0,4.1571
1980-05-11,0,4.3143
1980-05-12,0,4.4000
1980-05-13,0,4.4286
1980-05-14,0,4.5143
1980-05-15,0,4.2714
1980-05-16,0,4.0143
1980-05-17,0,4.0857
1980-05-18,0.10000000000000001,4.1000
1980-05-19,7.0999999999999996,3.9286
1980-05-20,7.5999999999999996,3.8714
1980-05-21,0,3.5714
1980-05-22,8,3.3000
1980-05-23,4.2000000000000002,3.1286
1980-05-24,3.1000000000000001,2.8286
1980-05-25,7.5999999999999996,2.6143
1980-05-26,4,2.5857
1980-05-27,7.4000000000000004,2.3571
1980-05-28,3,2.4571
1980-05-29,0,2.8143
1980-05-30,0,3.1143
1980-05-31,0,3.2429
1980-06-01,0,3.2429
1980-06-02,0,3.4000
1980-06-03,0,3.6143
1980-06-04,0,3.7000
1980-06-05,0,3.6714
1980-06-06,0,3.6000
1980-06-07,0,3.5143
1980-06-08,0,3.6000
1980-06-09,0,3.4000
1980-06-10,0,3.4000
1980-06-11,0,3.3143
1980-06-12,0,3.1429
1980-06-13,0,2.9857
1980-06-14,0,2.9286
1980-06-15,0,2.8286
1980-06-16,0,2.9571
1980-06-17,0,3.0143
1980-06-18,0,3.0714
1980-06-19,0,3.2000
1980-06-20,0,3.4857
1980-06-21,0,3.7857
1980-06-22,0,3.6429
1980-06-23,22.600000000000001,3.4857
1980-06-24,2.3999999999999999,3.3000
1980-06-25,2.7999999999999998,3.1000
1980-06-26,1.2,2.9857
1980-06-27,0,2.8143
1980-06-28,0,2.6286
1980-06-29,0,2.9571
1980-06-30,0,3.2286
1980-07-01,0,3.5000
1980-07-02,0,3.8571
1980-07-03,0,4.0429
1980-07-04,0,4.1000
1980-07-05,0,4.1286
1980-07-06,0,3.9857
1980-07-07,0,3.8857
1980-07-08,0,3.8143
1980-07-09,0,3.6000
1980-07-10,0,3.6571
1980-07-11,0,3.6857
1980-07-12,0,3.4857
1980-07-13,0,3.4286
1980-07-14,7.2000000000000002,3.2857
1980-07-15,8.1999999999999993,3.0000
1980-07-16,0.80000000000000004,3.0571
1980-07-17,0.10000000000000001,2.8143
1980-07-18,0,2.8429
1980-07-19,0,2.8857
1980-07-20,0,2.9143
1980-07-21,0,2.9571
1980-07-22,0,3.1714
1980-07-23,0,2.9000
1980-07-24,0,2.8857
1980-07-25,0,2.7429
1980-07-26,0,2.9000
1980-07-27,0,3.1571
1980-07-28,0,3.3429
1980-07-29,0,3.5714
1980-07-30,0,3.9571
1980-07-31,0,4.2143
1980-08-01,0,4.6286
1980-08-02,0,4.5571
1980-08-03,0,4.1429
1980-08-04,0,4.1571
1980-08-05,0,3.8714
1980-08-06,12,3.6143
1980-08-07,6,3.4286
1980-08-08,1.8,2.9571
1980-08-09,6.7999999999999998,2.8857
1980-08-10,3.7000000000000002,3.0429
1980-08-11,10,2.7714
1980-08-12,5.5999999999999996,2.8000
1980-08-13,4.2000000000000002,2.9143
1980-08-14,5.2000000000000002,2.9143
1980-08-15,0,3.0429
1980-08-16,5.5999999999999996,3.2000
1980-08-17,11.4,3.0714
1980-08-18,7.7999999999999998,3.1857
1980-08-19,0,3.1857
1980-08-20,11.4,3.3286
1980-08-21,2.6000000000000001,3.4857
1980-08-22,0,3.5286
1980-08-23,3,3.4286
1980-08-24,0,3.7857
1980-08-25,2,4.0429
1980-08-26,3.2000000000000002,4.1286
1980-08-27,0,3.9429
1980-08-28,0,4.0857
1980-08-29,0,4.1571
1980-08-30,0,4.2143
1980-08-31,0,4.4143
1980-09-01,0,4.3286
1980-09-02,0,4.5571
1980-09-03,0,4.9143
1980-09-04,0,4.9857
1980-09-05,0,5.1571
1980-09-06,0,5.5000
1980-09-07,0,5.5571
1980-09-08,0,5.8000
1980-09-09,0,5.8571
1980-09-10,0,5.8857
1980-09-11,0,5.9714
1980-09-12,0,6.0714
1980-09-13,0,6.2000
1980-09-14,0,6.3143
1980-09-15,0,6.3143
1980-09-16,0,6.5714
1980-09-17,0,6.6857
1980-09-18,0,6.8714
1980-09-19,0,7.1286
1980-09-20,0,7.1429
1980-09-21,0,7.0571
1980-09-22,0,7.0857
1980-09-23,0,6.9143
1980-09-24,0,6.9000
1980-09-25,0,6.7857
1980-09-26,0,6.6286
1980-09-27,0,6.6571
1980-09-28,0,6.6000
1980-09-29,0,6.6571
1980-09-30,0,6.8714
1980-10-01,0,6.9143
1980-10-02,0.10000000000000001,6.8714
1980-10-03,0.40000000000000002,6.8571
1980-10-04,0.10000000000000001,6.8286
1980-10-05,0,6.8286
1980-10-06,0,6.7714
1980-10-07,0,6.6429
1980-10-08,0,6.7286
1980-10-09,0,7.0857
1980-10-10,0,7.2429
1980-10-11,0,7.3571
1980-10-12,0,7.6286
1980-10-13,0,7.6000
1980-10-14,0,7.4286
1980-10-15,0,7.3143
1980-10-16,0,7.0000
1980-10-17,0,6.8714
1980-10-18,0,6.8429
1980-10-19,0,6.8286
1980-10-20,0,7.3714
1980-10-21,0,7.9286
1980-10-22,0,8.4000
1980-10-23,0,8.2000
1980-10-24,5,7.6714
1980-10-25,8,7.2571
1980-10-26,9,7.0571
1980-10-27,0,6.8571
1980-10-28,0,6.6429
1980-10-29,0,6.3143
1980-10-30,0,6.8143
1980-10-31,0,7.6000
1980-11-01,0,8.3286
1980-11-02,0,8.6286
1980-11-03,0,8.6286
1980-11-04,0,8.9000
1980-11-05,0,9.1000
1980-11-06,0,9.1571
1980-11-07,0.40000000000000002,9.1857
1980-11-08,0,9.0143
1980-11-09,24.600000000000001,8.9000
1980-11-10,0,8.6857
1980-11-11,3.7999999999999998,7.9286
1980-11-12,0,7.5429
1980-11-13,0.80000000000000004,7.1143
1980-11-14,6.2000000000000002,6.4857
1980-11-15,26.600000000000001,6.1714
1980-11-16,2.3999999999999999,5.9571
1980-11-17,0,6.1143
1980-11-18,0,6.5286
1980-11-19,0,6.6857
1980-11-20,0,6.9000
1980-11-21,0,7.2286
1980-11-22,0,7.5000
1980-11-23,0,7.7143
1980-11-24,0,7.6286
1980-11-25,0,7.6857
1980-11-26,0,7.6714
1980-11-27,0,7.5857
1980-11-28,0,7.7571
1980-11-29,0,7.8429
1980-11-30,0,8.0286
1980-12-01,0,8.1000
1980-12-02,0,8.0429
1980-12-03,0,7.8286
1980-12-04,0,7.8000
1980-12-05,0,7.5714
1980-12-06,0,7.5000
1980-12-07,0,7.3286
1980-12-08,0,7.0286
1980-12-09,2.3999999999999999,6.5571
1980-12-10,14,6.4571
1980-12-11,16.600000000000001,6.2857
1980-12-12,1.8,6.1000
1980-12-13,0,5.8000
1980-12-14,0,5.6429
1980-12-15,0,5.7571
1980-12-16,0,6.0571
1980-12-17,0,5.9429
1980-12-18,28,5.8571
1980-12-19,2.6000000000000001,5.8857
1980-12-20,4.5999999999999996,5.7000
1980-12-21,1.3999999999999999,5.4000
1980-12-22,4.5999999999999996,5.2857
1980-12-23,0,5.4000
1980-12-24,0,5.8143
1980-12-25,0,6.3429
1980-12-26,0,6.7571
1980-12-27,0,7.0000
1980-12-28,0,7.4143
1980-12-29,0,7.5143
1980-12-30,0,7.4571
1980-12-31,36.399999999999999,7.4714
1981-01-01,0,7.2429
1981-01-02,37,6.9571
1981-01-03,26.600000000000001,6.7286
1981-01-04,21,6.2571
1981-01-05,14,5.6857
1981-01-06,26.399999999999999,5.0143
1981-01-07,2.3999999999999999,4.2714
1981-01-08,20,3.5143
1981-01-09,50,2.7571
1981-01-10,60,2.1857
1981-01-11,35,1.8571
1981-01-12,34.399999999999999,1.7000
1981-01-13,45.600000000000001,1.6714
1981-01-14,24.600000000000001,1.7857
1981-01-15,8.1999999999999993,1.8143
1981-01-16,12,2.2714
1981-01-17,16.600000000000001,2.7143
1981-01-18,0,3.1286
1981-01-19,1,3.5286
1981-01-20,20,3.8714
1981-01-21,7.7999999999999998,3.9857
1981-01-22,30,4.2000
1981-01-23,4.2000000000000002,4.3000
1981-01-24,9.0999999999999996,4.2714
1981-01-25,3,4.4286
1981-01-26,1.8999999999999999,4.7429
1981-01-27,0.10000000000000001,4.7571
1981-01-28,1.2,5.1714
1981-01-29,0,5.7714
1981-01-30,0,6.0571
1981-01-31,0,6.5571
1981-02-01,0,6.6714
1981-02-02,0,6.5000
1981-02-03,39,6.5571
1981-02-04,41,6.3429
1981-02-05,0,5.9000
1981-02-06,6.7999999999999998,5.6714
1981-02-07,0,5.4857
1981-02-08,20.600000000000001,5.3571
1981-02-09,11,5.1571
1981-02-10,8.8000000000000007,4.8286
1981-02-11,17,4.7571
1981-02-12,39.200000000000003,4.8143
1981-02-13,0,5.0143
1981-02-14,5.5999999999999996,5.0571
1981-02-15,0,5.1286
1981-02-16,17.800000000000001,5.4286
1981-02-17,0,5.8143
1981-02-18,4.5999999999999996,6.0857
1981-02-19,0,6.2429
1981-02-20,0,6.0286
1981-02-21,2.3999999999999999,5.9000
1981-02-22,33.399999999999999,5.7286
1981-02-23,2.2000000000000002,5.5429
1981-02-24,30.199999999999999,5.4143
1981-02-25,15,4.9000
1981-02-26,27.199999999999999,4.2571
1981-02-27,36.399999999999999,4.3143
1981-02-28,1,4.4429
1981-03-01,0,4.7429
1981-03-02,0,5.0857
1981-03-03,2.3999999999999999,5.4857
1981-03-04,0,6.2000
1981-03-05,0,7.1429
1981-03-06,0,7.4429
1981-03-07,0,7.5714
1981-03-08,0,7.4000
1981-03-09,0,7.1143
1981-03-10,0,7.0286
1981-03-11,40.799999999999997,6.8857
1981-03-12,0,6.4571
1981-03-13,0,6.1571
1981-03-14,0,5.7143
1981-03-15,0,5.6714
1981-03-16,0,5.7429
1981-03-17,0,5.3714
1981-03-18,11.6,4.7714
1981-03-19,24.199999999999999,4.6000
1981-03-20,26,4.4286
1981-03-21,5,4.6000
1981-03-22,2.6000000000000001,4.6000
1981-03-23,0,4.7286
1981-03-24,1.2,4.9571
1981-03-25,4.5999999999999996,5.1143
1981-03-26,9.1999999999999993,5.2286
1981-03-27,6.4000000000000004,5.3143
1981-03-28,0.59999999999999998,5.3286
1981-03-29,0,5.2571
1981-03-30,0,4.9286
1981-03-31,0.59999999999999998,4.7429
1981-04-01,20.399999999999999,4.8143
1981-04-02,1,4.9000
1981-04-03,0,4.9429
1981-04-04,0,4.9429
1981-04-05,0,5.0143
1981-04-06,0,5.0429
1981-04-07,0,5.0714
1981-04-08,3.2000000000000002,4.9714
1981-04-09,10.4,5.0286
1981-04-10,0,4.9286
1981-04-11,0,4.8143
1981-04-12,0,4.5286
1981-04-13,5.5999999999999996,4.6143
1981-04-14,0,4.7429
1981-04-15,0,5.0571
1981-04-16,0,4.9714
1981-04-17,0,5.1286
1981-04-18,0,5.1571
1981-04-19,0,5.0286
1981-04-20,0,4.9571
1981-04-21,6.7999999999999998,4.6714
1981-04-22,2,4.3286
1981-04-23,0,4.1286
1981-04-24,0,3.7429
1981-04-25,0,3.7857
1981-04-26,0,4.0143
1981-04-27,4.5999999999999996,3.8714
1981-04-28,16.199999999999999,4.1000
1981-04-29,2.2000000000000002,4.2143
1981-04-30,0,4.3286
1981-05-01,0,4.5286
1981-05-02,0,4.3714
1981-05-03,0,4.4143
1981-05-04,0,4.6000
1981-05-05,1,4.4429
1981-05-06,0.20000000000000001,4.2571
1981-05-07,0,4.1000
1981-05-08,0,3.8857
1981-05-09,0,3.8571
1981-05-10,0,3.7286
1981-05-11,0,3.4857
1981-05-12,7.2000000000000002,3.3571
1981-05-13,9.1999999999999993,3.2286
1981-05-14,13.800000000000001,3.1000
1981-05-15,17,3.0714
1981-05-16,1,2.9000
1981-05-17,28,2.6714
1981-05-18,7.4000000000000004,2.6429
1981-05-19,7.7999999999999998,2.4857
1981-05-20,4.4000000000000004,2.3714
1981-05-21,22,2.2286
1981-05-22,10.4,2.4286
1981-05-23,0,2.5857
1981-05-24,0,2.6714
1981-05-25,0,2.6571
1981-05-26,3.6000000000000001,2.6857
1981-05-27,4.7999999999999998,2.9000
1981-05-28,0.80000000000000004,3.0714
1981-05-29,0,2.8286
1981-05-30,0,2.6143
1981-05-31,0,2.7429
1981-06-01,0,2.8714
1981-06-02,0,3.1143
1981-06-03,0,3.1571
1981-06-04,8,3.2429
1981-06-05,0,3.5857
1981-06-06,0,3.9143
1981-06-07,0,3.9429
1981-06-08,0,3.9857
1981-06-09,0,3.9714
1981-06-10,0,4.0429
1981-06-11,0,3.9857
1981-06-12,0,3.9143
1981-06-13,0,3.7571
1981-06-14,0,3.7429
1981-06-15,0,3.7714
1981-06-16,0,3.7714
1981-06-17,0,3.7143
1981-06-18,0,3.7429
1981-06-19,0,3.6571
1981-06-20,0,3.8000
1981-06-21,0,3.7571
1981-06-22,0,3.5143
1981-06-23,0,3.5571
1981-06-24,0,3.7143
1981-06-25,0,3.7571
1981-06-26,0,3.7857
1981-06-27,0,3.6857
1981-06-28,0,3.8571
1981-06-29,0,4.1000
1981-06-30,0,4.0429
1981-07-01,0,3.9286
1981-07-02,0,3.9571
1981-07-03,0,3.7857
1981-07-04,0,3.7571
1981-07-05,0,3.6000
1981-07-06,0,3.5286
1981-07-07,0,3.5429
1981-07-08,0,3.5286
1981-07-09,0,3.4429
1981-07-10,0,3.5143
1981-07-11,0,3.3286
1981-07-12,0,3.3429
1981-07-13,3.2000000000000002,3.2429
1981-07-14,0.59999999999999998,3.1000
1981-07-15,2.6000000000000001,3.1143
1981-07-16,6.2000000000000002,3.0143
1981-07-17,0,2.9143
1981-07-18,8,2.9714
1981-07-19,13.6,2.8429
1981-07-20,4.7999999999999998,2.7000
1981-07-21,0.80000000000000004,2.7000
1981-07-22,3.7999999999999998,2.6000
1981-07-23,0,2.7286
1981-07-24,1.3999999999999999,2.8429
1981-07-25,0,2.9714
1981-07-26,0,3.1143
1981-07-27,0,3.4143
1981-07-28,0,3.4429
1981-07-29,0,3.5000
1981-07-30,0,3.6000
1981-07-31,0,3.7143
1981-08-01,0,3.8143
1981-08-02,0,3.8571
1981-08-03,0,3.7714
1981-08-04,0,3.9714
1981-08-05,0,4.3714
1981-08-06,0,4.5429
1981-08-07,0,4.6429
1981-08-08,0,4.7143
1981-08-09,0,4.8857
1981-08-10,0,4.9714
1981-08-11,0,4.9571
1981-08-12,0,4.8714
1981-08-13,0,4.7714
1981-08-14,0,4.6714
1981-08-15,0,4.8143
1981-08-16,0,4.6429
1981-08-17,0,4.8286
1981-08-18,0,4.9571
1981-08-19,0,4.9143
1981-08-20,0,5.0000
1981-08-21,0,5.0857
1981-08-22,0,5.0571
1981-08-23,0,5.0429
1981-08-24,0,4.9000
1981-08-25,0,4.6429
1981-08-26,4.5999999999999996,4.6286
1981-08-27,0,4.6857
1981-08-28,0,4.7857
1981-08-29,0,5.0000
1981-08-30,0,5.5000
1981-08-31,0,5.9286
1981-09-01,0,6.2571
1981-09-02,0,6.1571
1981-09-03,0.59999999999999998,5.7857
1981-09-04,2.7999999999999998,5.4286
1981-09-05,8,4.9714
1981-09-06,6,4.4000
1981-09-07,0,3.6143
1981-09-08,7,3.1714
1981-09-09,4.4000000000000004,3.0571
1981-09-10,9,3.1143
1981-09-11,4.5999999999999996,3.1429
1981-09-12,4,3.1571
1981-09-13,4,3.3000
1981-09-14,17.199999999999999,3.5286
1981-09-15,7,3.6857
1981-09-16,1.8,3.8143
1981-09-17,0,4.1143
1981-09-18,0,4.2714
1981-09-19,0,4.2143
1981-09-20,5.4000000000000004,4.1000
1981-09-21,4,4.4571
1981-09-22,0.20000000000000001,4.8286
1981-09-23,0,4.9714
1981-09-24,0,5.0429
1981-09-25,0,5.3286
1981-09-26,0,5.7714
1981-09-27,0,6.1857
1981-09-28,0,6.2714
1981-09-29,0,5.8143
1981-09-30,1.3999999999999999,5.7000
1981-10-01,0,5.5857
1981-10-02,0,5.5143
1981-10-03,0,5.5286
1981-10-04,0,5.3571
1981-10-05,0,5.4000
1981-10-06,0,5.5571
1981-10-07,0,5.5000
1981-10-08,0,5.3429
1981-10-09,12,5.0857
1981-10-10,0.59999999999999998,4.8143
1981-10-11,0,4.6857
1981-10-12,0,4.5143
1981-10-13,0,4.8714
1981-10-14,3.2000000000000002,5.0571
1981-10-15,0,5.1571
1981-10-16,0,5.5000
1981-10-17,0,5.6429
1981-10-18,0,6.0143
1981-10-19,0,6.3857
1981-10-20,0,6.9000
1981-10-21,0,7.4286
1981-10-22,0,8.1714
1981-10-23,0,8.4857
1981-10-24,0,8.4286
1981-10-25,0,8.2143
1981-10-26,0,7.7286
1981-10-27,0,7.1286
1981-10-28,0,6.7429
1981-10-29,12,6.2286
1981-10-30,4.2000000000000002,5.5429
1981-10-31,13,5.7143
1981-11-01,0,5.9429
1981-11-02,0,6.2143
1981-11-03,0,6.5143
1981-11-04,0,6.6429
1981-11-05,0,7.0000
1981-11-06,0,7.6429
1981-11-07,0,7.7571
1981-11-08,1.1000000000000001,7.3857
1981-11-09,4,6.9429
1981-11-10,0,6.7571
1981-11-11,0,6.7429
1981-11-12,0,6.6714
1981-11-13,0,6.5714
1981-11-14,0,6.4571
1981-11-15,8.0999999999999996,6.5857
1981-11-16,17,6.9857
1981-11-17,2,6.9571
1981-11-18,0,6.5714
1981-11-19,2,6.0286
1981-11-20,2.2000000000000002,5.6571
1981-11-21,0,5.3571
1981-11-22,17.399999999999999,5.2429
1981-11-23,3.6000000000000001,4.9143
1981-11-24,33,4.7286
1981-11-25,0,4.7714
1981-11-26,0,5.0286
1981-11-27,23,5.0429
1981-11-28,0,5.0857
1981-11-29,21,5.1571
1981-11-30,8.8000000000000007,5.3429
1981-12-01,0,5.4000
1981-12-02,0,5.5429
1981-12-03,0,5.4429
1981-12-04,0,5.7429
1981-12-05,0,6.1000
1981-12-06,11.199999999999999,6.2286
1981-12-07,0,6.1143
1981-12-08,8,6.2286
1981-12-09,0,6.5000
1981-12-10,8.4000000000000004,6.8429
1981-12-11,0,6.6000
1981-12-12,11.199999999999999,6.4000
1981-12-13,0,6.4714
1981-12-14,0,6.4857
1981-12-15,0,6.5143
1981-12-16,0,6.0286
1981-12-17,0,5.7571
1981-12-18,8.1999999999999993,5.8286
1981-12-19,0,5.8857
1981-12-20,0,6.0571
1981-12-21,0,6.4000
1981-12-22,0,6.5000
1981-12-23,0,6.8429
1981-12-24,0,6.4429
1981-12-25,12,6.6571
1981-12-26,2.1000000000000001,6.5714
1981-12-27,11.300000000000001,6.3857
1981-12-28,0,6.4143
1981-12-29,0,6.2857
1981-12-30,0,6.2000
1981-12-31,0,6.7000
1982-01-01,0,6.6000
1982-01-02,0,6.9429
1982-01-03,0,7.2143
1982-01-04,0,7.1000
1982-01-05,0,7.2000
1982-01-06,0,7.2857
1982-01-07,0,7.2286
1982-01-08,0,7.1857
1982-01-09,0,6.9571
1982-01-10,0,6.7714
1982-01-11,0,6.4714
1982-01-12,12,6.1143
1982-01-13,4,5.7714
1982-01-14,4,5.7143
1982-01-15,0,5.4143
1982-01-16,0,5.2571
1982-01-17,0,5.0286
1982-01-18,1.3,5.1000
1982-01-19,3.7999999999999998,5.0143
1982-01-20,15.4,4.9143
1982-01-21,0,4.5429
1982-01-22,3,4.6000
1982-01-23,2,4.7714
1982-01-24,49,4.5143
1982-01-25,0,4.6571
1982-01-26,1,5.0143
1982-01-27,0,5.1000
1982-01-28,14,4.9143
1982-01-29,40.299999999999997,4.5429
1982-01-30,0,4.4857
1982-01-31,1.2,4.7143
1982-02-01,0,4.8143
1982-02-02,0,4.6857
1982-02-03,0,4.8857
1982-02-04,1.1000000000000001,4.9857
1982-02-05,10.199999999999999,5.1571
1982-02-06,4.7999999999999998,4.8857
1982-02-07,11.199999999999999,4.7429
1982-02-08,0,4.4286
1982-02-09,4.9000000000000004,4.4286
1982-02-10,0,4.5000
1982-02-11,0,5.0143
1982-02-12,0,5.2143
1982-02-13,0,5.2429
1982-02-14,0,5.3571
1982-02-15,0,5.5143
1982-02-16,8.8000000000000007,5.5429
1982-02-17,0.40000000000000002,5.4857
1982-02-18,0,5.5143
1982-02-19,0,5.6286
1982-02-20,0,5.9000
1982-02-21,1.3999999999999999,5.9000
1982-02-22,1.3999999999999999,5.7857
1982-02-23,0,5.6857
1982-02-24,4.5999999999999996,5.5000
1982-02-25,36.600000000000001,5.3857
1982-02-26,17.199999999999999,5.3000
1982-02-27,11.199999999999999,5.1429
1982-02-28,0,5.1714
1982-03-01,0,5.2857
1982-03-02,0,5.4143
1982-03-03,0,5.6429
1982-03-04,2,5.3000
1982-03-05,8,5.2286
1982-03-06,0,5.3000
1982-03-07,0,5.5286
1982-03-08,0,5.6571
1982-03-09,0,5.5857
1982-03-10,22,5.4714
1982-03-11,12.199999999999999,5.8429
1982-03-12,0,6.1286
1982-03-13,0,6.0857
1982-03-14,0,5.8286
1982-03-15,0,5.5571
1982-03-16,5.4000000000000004,5.3143
1982-03-17,16.800000000000001,4.9143
1982-03-18,3.3999999999999999,4.4000
1982-03-19,3.6000000000000001,3.9000
1982-03-20,0,3.6286
1982-03-21,0,3.4571
1982-03-22,0,3.4286
1982-03-23,32.200000000000003,3.4429
1982-03-24,5.2000000000000002,3.9286
1982-03-25,4.7999999999999998,4.3000
1982-03-26,0,4.4571
1982-03-27,1.8,4.5571
1982-03-28,0,4.7571
1982-03-29,0,4.8714
1982-03-30,0,4.8571
1982-03-31,19.199999999999999,4.3429
1982-04-01,9,3.9429
1982-04-02,83.200000000000003,3.7571
1982-04-03,10,3.6143
1982-04-04,56,3.5286
1982-04-05,4.2000000000000002,3.3429
1982-04-06,0,3.4714
1982-04-07,0,3.6000
1982-04-08,18,3.6286
1982-04-09,0,3.5714
1982-04-10,0,3.6857
1982-04-11,0,3.6857
1982-04-12,0,3.6571
1982-04-13,0,3.7286
1982-04-14,6.4000000000000004,3.5000
1982-04-15,39.399999999999999,3.5000
1982-04-16,41.200000000000003,3.5571
1982-04-17,0,3.2429
1982-04-18,0,3.0143
1982-04-19,34,3.0000
1982-04-20,2,2.8286
1982-04-21,0,3.2857
1982-04-22,0.40000000000000002,3.4714
1982-04-23,0,3.5429
1982-04-24,0,3.7000
1982-04-25,0,3.7000
1982-04-26,0,3.8571
1982-04-27,0,3.8714
1982-04-28,0,3.8571
1982-04-29,0,3.9286
1982-04-30,0,3.6429
1982-05-01,12.6,3.4286
1982-05-02,9.4000000000000004,3.6571
1982-05-03,0,3.6143
1982-05-04,0,3.5571
1982-05-05,0,3.4857
1982-05-06,0,3.4714
1982-05-07,0,3.8857
1982-05-08,0,4.1714
1982-05-09,0,4.0857
1982-05-10,0,4.0286
1982-05-11,0,4.0000
1982-05-12,0,3.9143
1982-05-13,0,3.8429
1982-05-14,0,3.7571
1982-05-15,0,3.7571
1982-05-16,2.7999999999999998,3.4286
1982-05-17,6.5999999999999996,3.3000
1982-05-18,7.4000000000000004,3.2286
1982-05-19,8.8000000000000007,3.0571
1982-05-20,4.2000000000000002,2.9286
1982-05-21,0,3.0000
1982-05-22,0,2.9714
1982-05-23,0,3.1429
1982-05-24,0,3.1571
1982-05-25,0,3.2429
1982-05-26,0,3.3000
1982-05-27,3.2999999999999998,3.4857
1982-05-28,0,3.2714
1982-05-29,0,3.1429
1982-05-30,0,3.1000
1982-05-31,0,3.0571
1982-06-01,0,3.0714
1982-06-02,0,3.0714
1982-06-03,0,3.0286
1982-06-04,0,3.0714
1982-06-05,9.4000000000000004,2.8571
1982-06-06,0,2.7429
1982-06-07,0,2.5429
1982-06-08,6.7999999999999998,2.3429
1982-06-09,0,2.4714
1982-06-10,0,2.4571
1982-06-11,0,2.5000
1982-06-12,0,2.9000
1982-06-13,0,3.1857
1982-06-14,0,3.4571
1982-06-15,0,3.7000
1982-06-16,0,3.7571
1982-06-17,0,3.9000
1982-06-18,0,4.0286
1982-06-19,0,4.1000
1982-06-20,0,4.1714
1982-06-21,0,4.3429
1982-06-22,0,4.4571
1982-06-23,0,4.3714
1982-06-24,0,4.1714
1982-06-25,0,4.1571
1982-06-26,0,4.0143
1982-06-27,0,3.9286
1982-06-28,0,3.7286
1982-06-29,2,3.3857
1982-06-30,0,3.3429
1982-07-01,0,3.4000
1982-07-02,0,3.3429
1982-07-03,0,3.4571
1982-07-04,0,3.6571
1982-07-05,0,3.8429
1982-07-06,0,4.0143
1982-07-07,0,4.1286
1982-07-08,0,3.9857
1982-07-09,0,3.6286
1982-07-10,0,3.5714
1982-07-11,0,3.3143
1982-07-12,0,2.9857
1982-07-13,4.2000000000000002,2.9000
1982-07-14,0,2.7286
1982-07-15,0,2.7000
1982-07-16,0,2.8714
1982-07-17,0,3.0286
1982-07-18,0,3.1286
1982-07-19,0,3.6571
1982-07-20,0,3.9143
1982-07-21,0,4.0429
1982-07-22,0,4.2429
1982-07-23,0,4.4000
1982-07-24,0,4.2000
1982-07-25,0,4.2143
1982-07-26,0,4.0429
1982-07-27,0,3.6857
1982-07-28,1,3.4714
1982-07-29,4.7999999999999998,3.3714
1982-07-30,0,3.5000
1982-07-31,0,3.9143
1982-08-01,0,3.9714
1982-08-02,0.59999999999999998,3.7286
1982-08-03,9.8000000000000007,3.6714
1982-08-04,4.2000000000000002,3.7429
1982-08-05,0,3.5143
1982-08-06,0,3.2714
1982-08-07,0,2.7571
1982-08-08,1,2.4714
1982-08-09,24,2.3714
1982-08-10,2,2.3857
1982-08-11,7.4000000000000004,2.3714
1982-08-12,2.7999999999999998,2.6571
1982-08-13,0.20000000000000001,2.6857
1982-08-14,3,2.9143
1982-08-15,1,3.3000
1982-08-16,4.2000000000000002,3.6143
1982-08-17,0,3.8429
1982-08-18,0,3.8857
1982-08-19,11.199999999999999,3.7714
1982-08-20,1.3999999999999999,3.7571
1982-08-21,0,3.5714
1982-08-22,3.2000000000000002,3.0714
1982-08-23,8.1999999999999993,2.9857
1982-08-24,0,3.1286
1982-08-25,0,3.2571
1982-08-26,0.59999999999999998,3.3143
1982-08-27,0,3.3429
1982-08-28,16.600000000000001,3.3857
1982-08-29,0,3.6429
1982-08-30,6.5999999999999996,3.5714
1982-08-31,1,3.5286
1982-09-01,0,3.6571
1982-09-02,0,3.8143
1982-09-03,0,4.0714
1982-09-04,0,4.3000
1982-09-05,0,4.5000
1982-09-06,0,4.7000
1982-09-07,0,4.7429
1982-09-08,0,4.6714
1982-09-09,0,4.7857
1982-09-10,0,4.9000
1982-09-11,0,4.8000
1982-09-12,0,4.6857
1982-09-13,0,4.7714
1982-09-14,0,4.6143
1982-09-15,0,4.7857
1982-09-16,0,4.8286
1982-09-17,0,4.8143
1982-09-18,0,5.0143
1982-09-19,0,5.1857
1982-09-20,0,5.2714
1982-09-21,0,5.7000
1982-09-22,0,5.6000
1982-09-23,0,5.6000
1982-09-24,0,5.6000
1982-09-25,0,5.6429
1982-09-26,0,5.7143
1982-09-27,0,5.7714
1982-09-28,0,5.9143
1982-09-29,0,6.3714
1982-09-30,0,6.9286
1982-10-01,0,7.0286
1982-10-02,0,7.0429
1982-10-03,0,6.8286
1982-10-04,0,6.6857
1982-10-05,0,6.4857
1982-10-06,0,6.4571
1982-10-07,0,6.0571
1982-10-08,0,6.0571
1982-10-09,0,6.1143
1982-10-10,0,6.7000
1982-10-11,0,7.3429
1982-10-12,0,7.7857
1982-10-13,0,7.7143
1982-10-14,0,7.8714
1982-10-15,0,8.0143
1982-10-16,0,8.1571
1982-10-17,0,8.2000
1982-10-18,0,7.7143
1982-10-19,0,7.4714
1982-10-20,0,7.5571
1982-10-21,0,7.6714
1982-10-22,0,7.8429
1982-10-23,0,7.7714
1982-10-24,0,7.6000
1982-10-25,0,7.7000
1982-10-26,0,7.6857
1982-10-27,0,7.5571
1982-10-28,0,7.4429
1982-10-29,0,7.4143
1982-10-30,0,7.3571
1982-10-31,0,7.3286
1982-11-01,0,7.2143
1982-11-02,0,7.1857
1982-11-03,2.2000000000000002,6.7286
1982-11-04,12,6.2857
1982-11-05,2,6.0286
1982-11-06,0,6.0143
1982-11-07,0,6.0000
1982-11-08,0,6.0714
1982-11-09,0,6.1857
1982-11-10,0,6.8429
1982-11-11,0,7.4857
1982-11-12,0,7.5286
1982-11-13,0.29999999999999999,7.6286
1982-11-14,1.7,7.4571
1982-11-15,0,7.4857
1982-11-16,0,7.3429
1982-11-17,0,7.1429
1982-11-18,0,6.7571
1982-11-19,0,6.9429
1982-11-20,0.80000000000000004,6.7143
1982-11-21,22.899999999999999,6.6714
1982-11-22,9.3000000000000007,6.3286
1982-11-23,6.4000000000000004,5.9000
1982-11-24,4.4000000000000004,5.7143
1982-11-25,8.8000000000000007,5.6571
1982-11-26,0.10000000000000001,5.6429
1982-11-27,0,6.1714
1982-11-28,0,6.5000
1982-11-29,0,6.8571
1982-11-30,0,7.3429
1982-12-01,0,7.5143
1982-12-02,0,7.7429
1982-12-03,0,7.6857
1982-12-04,0,7.2429
1982-12-05,2.3999999999999999,7.1143
1982-12-06,16.199999999999999,7.1429
1982-12-07,0,7.0857
1982-12-08,0,6.9000
1982-12-09,0,6.5429
1982-12-10,0,6.6286
1982-12-11,0,7.1857
1982-12-12,0,7.4714
1982-12-13,0,7.3429
1982-12-14,0,7.1000
1982-12-15,0,7.1143
1982-12-16,0,7.2286
1982-12-17,0,6.9714
1982-12-18,0,6.5571
1982-12-19,0,6.4429
1982-12-20,0,6.8143
1982-12-21,0,6.9286
1982-12-22,63.200000000000003,6.8857
1982-12-23,0,6.7143
1982-12-24,0,6.4857
1982-12-25,14.6,6.4571
1982-12-26,0,6.2429
1982-12-27,0,5.7714
1982-12-28,0,5.8857
1982-12-29,0,6.1000
1982-12-30,0,6.5143
1982-12-31,0,6.7429
1983-01-01,19.399999999999999,6.4000
1983-01-02,11,6.1429
1983-01-03,9,5.9571
1983-01-04,0,5.7714
1983-01-05,0,6.0714
1983-01-06,0.29999999999999999,6.1000
1983-01-07,0.40000000000000002,6.3571
1983-01-08,0,6.8143
1983-01-09,0,7.4000
1983-01-10,0,7.8286
1983-01-11,26.600000000000001,8.2000
1983-01-12,0,8.0000
1983-01-13,0,7.9000
1983-01-14,0,7.5429
1983-01-15,2.6000000000000001,7.4000
1983-01-16,6,7.0143
1983-01-17,0,6.9000
1983-01-18,0,6.8000
1983-01-19,0,6.9000
1983-01-20,0,6.9143
1983-01-21,0,7.3143
1983-01-22,0,7.4571
1983-01-23,0,7.6429
1983-01-24,0,7.8571
1983-01-25,0,7.8571
1983-01-26,0,7.6000
1983-01-27,0,7.3143
1983-01-28,5.2000000000000002,7.1143
1983-01-29,1.1000000000000001,6.7000
1983-01-30,6.2000000000000002,6.6286
1983-01-31,1.2,6.3857
1983-02-01,0.10000000000000001,6.2000
1983-02-02,6.2000000000000002,6.2571
1983-02-03,0,6.4857
1983-02-04,0,6.3714
1983-02-05,2.6000000000000001,6.6571
1983-02-06,7,6.5714
1983-02-07,14.6,6.3714
1983-02-08,0,6.2429
1983-02-09,8.4000000000000004,5.9429
1983-02-10,0,6.0429
1983-02-11,0,6.2429
1983-02-12,0,6.3429
1983-02-13,0,6.3714
1983-02-14,6.2000000000000002,6.7571
1983-02-15,0,7.1143
1983-02-16,0,7.5714
1983-02-17,2.3999999999999999,7.7714
1983-02-18,0,7.9143
1983-02-19,0,7.7714
1983-02-20,0,7.7286
1983-02-21,0.59999999999999998,7.3714
1983-02-22,0,7.1143
1983-02-23,0,6.6857
1983-02-24,0,6.5143
1983-02-25,0,6.4000
1983-02-26,0,6.5571
1983-02-27,0,6.4714
1983-02-28,4,6.6000
1983-03-01,5,6.4571
1983-03-02,32.799999999999997,6.6143
1983-03-03,8.4000000000000004,6.3429
1983-03-04,0,6.2000
1983-03-05,0,5.7857
1983-03-06,19,5.2429
1983-03-07,4.4000000000000004,4.7000
1983-03-08,21.300000000000001,4.2857
1983-03-09,3.2000000000000002,3.7000
1983-03-10,83,3.2000
1983-03-11,0,2.7000
1983-03-12,2.6000000000000001,2.3143
1983-03-13,0,2.4571
1983-03-14,3,2.9714
1983-03-15,0,3.4571
1983-03-16,0.59999999999999998,4.1143
1983-03-17,0,4.7000
1983-03-18,0,4.8714
1983-03-19,0,5.1857
1983-03-20,0.59999999999999998,5.4429
1983-03-21,0,5.6571
1983-03-22,0,5.6857
1983-03-23,0,5.7857
1983-03-24,0,5.8143
1983-03-25,0,5.9429
1983-03-26,10,5.8857
1983-03-27,22,5.9714
1983-03-28,0,5.5000
1983-03-29,0,5.4714
1983-03-30,0,5.2429
1983-03-31,0,5.0286
1983-04-01,0,5.0143
1983-04-02,0,5.1571
1983-04-03,0,5.1000
1983-04-04,14.6,5.3857
1983-04-05,0,5.3286
1983-04-06,80,5.1714
1983-04-07,3.2000000000000002,5.1714
1983-04-08,0,5.1143
1983-04-09,0,5.2143
1983-04-10,0,5.3429
1983-04-11,8,5.2143
1983-04-12,0,5.2857
1983-04-13,0,5.2571
1983-04-14,0,5.1286
1983-04-15,0,4.9286
1983-04-16,0,4.7000
1983-04-17,4,4.3429
1983-04-18,1,3.8857
1983-04-19,1.2,3.6714
1983-04-20,3.7999999999999998,3.5714
1983-04-21,4.7000000000000002,3.1857
1983-04-22,0.90000000000000002,3.0571
1983-04-23,0.80000000000000004,3.0286
1983-04-24,36,3.0571
1983-04-25,0,3.3000
1983-04-26,6,3.0429
1983-04-27,7,2.7714
1983-04-28,19.5,2.8571
1983-04-29,22.600000000000001,3.0429
1983-04-30,0,2.9857
1983-05-01,0,2.6857
1983-05-02,9.5999999999999996,2.5286
1983-05-03,0,2.7143
1983-05-04,0,3.0714
1983-05-05,0,3.6143
1983-05-06,4.4000000000000004,3.6429
1983-05-07,2.2000000000000002,3.6000
1983-05-08,3.3999999999999999,3.6714
1983-05-09,52.399999999999999,3.6143
1983-05-10,23.600000000000001,3.4143
1983-05-11,0,3.2429
1983-05-12,33.600000000000001,2.6714
1983-05-13,15,2.3000
1983-05-14,15,2.1429
1983-05-15,12,2.2714
1983-05-16,12,2.4571
1983-05-17,0,2.5571
1983-05-18,12.199999999999999,2.5571
1983-05-19,7,2.6286
1983-05-20,0,2.7286
1983-05-21,0,2.8714
1983-05-22,0,2.8571
1983-05-23,11.199999999999999,3.0714
1983-05-24,0,3.2143
1983-05-25,0,3.1714
1983-05-26,1,3.3000
1983-05-27,0,3.5714
1983-05-28,0,3.6714
1983-05-29,0,3.7571
1983-05-30,2.3999999999999999,3.4714
1983-05-31,0,3.2143
1983-06-01,58,3.0571
1983-06-02,0,3.0571
1983-06-03,7.2000000000000002,2.9714
1983-06-04,0,2.9286
1983-06-05,0,2.8286
1983-06-06,2,2.7714
1983-06-07,0,3.0000
1983-06-08,0,3.2286
1983-06-09,0,3.2143
1983-06-10,0,3.2143
1983-06-11,0,3.1714
1983-06-12,0,3.1714
1983-06-13,0,3.1571
1983-06-14,0,2.9714
1983-06-15,0,2.7714
1983-06-16,0,2.6429
1983-06-17,23,2.3714
1983-06-18,0,2.4571
1983-06-19,18.199999999999999,2.4714
1983-06-20,6,2.6000
1983-06-21,0,2.8429
1983-06-22,0,3.2143
1983-06-23,0,3.4571
1983-06-24,0,3.6714
1983-06-25,0,3.5857
1983-06-26,24.199999999999999,3.7429
1983-06-27,0,3.8000
1983-06-28,0,3.7429
1983-06-29,0,3.6286
1983-06-30,0,3.4714
1983-07-01,0,3.4429
1983-07-02,0,3.6000
1983-07-03,0,3.6286
1983-07-04,0,3.5857
1983-07-05,0,3.5429
1983-07-06,0,3.4714
1983-07-07,0,3.6286
1983-07-08,0,4.0857
1983-07-09,0,4.1714
1983-07-10,0,3.9429
1983-07-11,2.2000000000000002,3.8000
1983-07-12,0,3.5714
1983-07-13,0,3.4857
1983-07-14,0,3.2857
1983-07-15,2.3999999999999999,2.8000
1983-07-16,0,2.5857
1983-07-17,0,2.7714
1983-07-18,0,2.9286
1983-07-19,0,3.1286
1983-07-20,0,3.3714
1983-07-21,0,3.6857
1983-07-22,0,3.6429
1983-07-23,0,3.5286
1983-07-24,0,3.3571
1983-07-25,0,3.2571
1983-07-26,1,3.0857
1983-07-27,9,3.0286
1983-07-28,0,3.0000
1983-07-29,0,3.2714
1983-07-30,0,3.4857
1983-07-31,0,3.7143
1983-08-01,0,3.9000
1983-08-02,0,4.1429
1983-08-03,0,4.1714
1983-08-04,0,4.0429
1983-08-05,0,3.7571
1983-08-06,0,3.4286
1983-08-07,7,3.1857
1983-08-08,7.7999999999999998,3.0286
1983-08-09,0,2.9143
1983-08-10,0,2.9000
1983-08-11,0,2.7714
1983-08-12,7.2000000000000002,2.7857
1983-08-13,2.7999999999999998,3.0429
1983-08-14,0,3.0571
1983-08-15,15.4,3.0857
1983-08-16,4.7999999999999998,3.0714
1983-08-17,0.40000000000000002,3.0143
1983-08-18,0,2.9429
1983-08-19,0,3.1000
1983-08-20,0,3.3571
1983-08-21,0,3.6143
1983-08-22,0,3.8857
1983-08-23,0,4.2571
1983-08-24,0,4.4143
1983-08-25,0,4.6857
1983-08-26,0,4.7143
1983-08-27,0,4.6429
1983-08-28,0,4.7714
1983-08-29,0,4.7429
1983-08-30,0,4.7000
1983-08-31,0,4.7571
1983-09-01,0,5.0000
1983-09-02,0,5.2000
1983-09-03,0,5.2714
1983-09-04,0,5.2286
1983-09-05,0,5.2143
1983-09-06,0,5.2714
1983-09-07,0,5.3429
1983-09-08,0,5.3571
1983-09-09,0,5.5286
1983-09-10,0,5.6571
1983-09-11,0,5.7714
1983-09-12,0,5.8286
1983-09-13,0,5.7857
1983-09-14,0,5.9571
1983-09-15,0,5.9857
1983-09-16,0,5.9429
1983-09-17,0,5.8714
1983-09-18,0,5.7857
1983-09-19,0,5.8857
1983-09-20,8.4000000000000004,5.9143
1983-09-21,0,5.7571
1983-09-22,0,5.9000
1983-09-23,0,5.9571
1983-09-24,0,5.9714
1983-09-25,0,6.0571
1983-09-26,0,6.0429
1983-09-27,0,5.7857
1983-09-28,38.600000000000001,5.5143
1983-09-29,9.4000000000000004,5.3429
1983-09-30,0,5.3714
1983-10-01,0,5.4000
1983-10-02,0,5.4286
1983-10-03,0,5.4286
1983-10-04,0,5.9857
1983-10-05,0,6.4857
1983-10-06,0,6.8429
1983-10-07,0,6.6571
1983-10-08,0.5,6.7714
1983-10-09,1.7,6.5000
1983-10-10,0.59999999999999998,6.6143
1983-10-11,0,6.5429
1983-10-12,0,6.5000
1983-10-13,5.4000000000000004,6.2143
1983-10-14,8.4000000000000004,6.3857
1983-10-15,0,6.4143
1983-10-16,0,6.8857
1983-10-17,0,7.0429
1983-10-18,5.4000000000000004,7.0143
1983-10-19,46.899999999999999,6.9429
1983-10-20,0,6.8714
1983-10-21,0,6.8714
1983-10-22,0,6.8857
1983-10-23,0,6.7429
1983-10-24,0,6.6143
1983-10-25,0,6.9286
1983-10-26,0,6.9571
1983-10-27,0,7.1286
1983-10-28,0,7.1857
1983-10-29,0,7.2429
1983-10-30,0,7.2000
1983-10-31,0,7.1429
1983-11-01,0,6.8000
1983-11-02,0,6.8286
1983-11-03,1.2,6.7571
1983-11-04,0,6.3714
1983-11-05,0,6.3714
1983-11-06,0,6.6286
1983-11-07,0,6.8714
1983-11-08,0,6.9857
1983-11-09,0,7.2286
1983-11-10,0,7.4143
1983-11-11,0,7.8714
1983-11-12,0,7.7571
1983-11-13,0,7.3714
1983-11-14,0,7.1714
1983-11-15,0,7.0857
1983-11-16,0,6.8429
1983-11-17,5.5999999999999996,6.4714
1983-11-18,21.199999999999999,6.2000
1983-11-19,0,6.0000
1983-11-20,0,6.0143
1983-11-21,0,6.0571
1983-11-22,0,5.8286
1983-11-23,20,5.6857
1983-11-24,7,5.6714
1983-11-25,5.4000000000000004,5.6143
1983-11-26,8.4000000000000004,5.6857
1983-11-27,0,5.6857
1983-11-28,0,5.2000
1983-11-29,10.199999999999999,5.2857
1983-11-30,27,5.2286
1983-12-01,7.7999999999999998,5.4286
1983-12-02,4.2000000000000002,5.7143
1983-12-03,25,5.5000
1983-12-04,0,5.6000
1983-12-05,0,5.9143
1983-12-06,0,5.8857
1983-12-07,0,5.9000
1983-12-08,22.600000000000001,5.5857
1983-12-09,6,5.3286
1983-12-10,0,5.5000
1983-12-11,0,5.6000
1983-12-12,0,5.7143
1983-12-13,0,5.8286
1983-12-14,0,5.6714
1983-12-15,0,5.7571
1983-12-16,0,6.1143
1983-12-17,0,6.3714
1983-12-18,0,6.4286
1983-12-19,0,6.4000
1983-12-20,2.7999999999999998,6.1000
1983-12-21,9.1999999999999993,6.2714
1983-12-22,14.699999999999999,6.3429
1983-12-23,0,5.8714
1983-12-24,0,5.4857
1983-12-25,0,5.2714
1983-12-26,6.9000000000000004,5.0143
1983-12-27,10,5.3714
1983-12-28,0,5.5286
1983-12-29,0,5.7857
1983-12-30,0,6.0429
1983-12-31,0,6.4429
1984-01-01,0,6.5143
1984-01-02,0,6.6143
1984-01-03,0,6.5286
1984-01-04,0,6.1000
1984-01-05,10.800000000000001,5.9143
1984-01-06,0,5.9429
1984-01-07,0,5.7000
1984-01-08,2.8999999999999999,5.3857
1984-01-09,21.800000000000001,5.1429
1984-01-10,0,4.7286
1984-01-11,9.4000000000000004,4.5571
1984-01-12,0,4.4286
1984-01-13,0,4.0429
1984-01-14,62.100000000000001,4.0286
1984-01-15,25.800000000000001,3.9571
1984-01-16,5.2000000000000002,4.1429
1984-01-17,19.199999999999999,4.5857
1984-01-18,19.600000000000001,5.1429
1984-01-19,7.2000000000000002,5.3429
1984-01-20,0,5.6857
1984-01-21,0,5.7571
1984-01-22,0,6.1714
1984-01-23,0,6.4714
1984-01-24,0,6.4714
1984-01-25,0,6.5286
1984-01-26,0,6.4857
1984-01-27,7.2000000000000002,6.3714
1984-01-28,0.80000000000000004,6.4429
1984-01-29,18.399999999999999,6.4000
1984-01-30,3.3999999999999999,6.1571
1984-01-31,11,5.7143
1984-02-01,0,5.4143
1984-02-02,11,5.2429
1984-02-03,16,4.9571
1984-02-04,0,4.6286
1984-02-05,0,4.0571
1984-02-06,0,3.8429
1984-02-07,5,3.6429
1984-02-08,25,3.4143
1984-02-09,0,3.0714
1984-02-10,37.200000000000003,3.0857
1984-02-11,0,3.1143
1984-02-12,0,3.1857
1984-02-13,19.600000000000001,3.0000
1984-02-14,0,3.1714
1984-02-15,12.199999999999999,3.3714
1984-02-16,0,3.6571
1984-02-17,0,3.5571
1984-02-18,0,3.5857
1984-02-19,21,3.6143
1984-02-20,5.4000000000000004,3.6571
1984-02-21,8.1999999999999993,3.7286
1984-02-22,0,3.9000
1984-02-23,0,4.1143
1984-02-24,0,4.3143
1984-02-25,0,4.4143
1984-02-26,22.5,4.3714
1984-02-27,4.7999999999999998,4.4571
1984-02-28,5.2000000000000002,4.6714
1984-02-29,0,4.7571
1984-03-01,0,4.7286
1984-03-02,0,4.6857
1984-03-03,0,4.5000
1984-03-04,0,4.5571
1984-03-05,0,4.9000
1984-03-06,19.600000000000001,4.8000
1984-03-07,0,4.6286
1984-03-08,0,4.4286
1984-03-09,0,4.3714
1984-03-10,0,4.5429
1984-03-11,0,5.0286
1984-03-12,0,5.0286
1984-03-13,0,5.1857
1984-03-14,0,5.3143
1984-03-15,0,5.4714
1984-03-16,0,5.8143
1984-03-17,0,5.8571
1984-03-18,0,5.6000
1984-03-19,23,5.3857
1984-03-20,0,5.5714
1984-03-21,0,5.5571
1984-03-22,0,5.4571
1984-03-23,0,5.3857
1984-03-24,0,5.4286
1984-03-25,0,5.5429
1984-03-26,0,5.6429
1984-03-27,0,5.4000
1984-03-28,0,5.3000
1984-03-29,0,4.9714
1984-03-30,15.199999999999999,4.6857
1984-03-31,0,4.4286
1984-04-01,0,4.2000
1984-04-02,11.800000000000001,4.0857
1984-04-03,7,3.8571
1984-04-04,4,3.8286
1984-04-05,0,4.2000
1984-04-06,0,4.2571
1984-04-07,0,4.5143
1984-04-08,0,4.8714
1984-04-09,0,4.9714
1984-04-10,0,5.1571
1984-04-11,0,5.0857
1984-04-12,0,5.1143
1984-04-13,0,5.1000
1984-04-14,0,4.9857
1984-04-15,0,4.7857
1984-04-16,0,4.4429
1984-04-17,3,4.3286
1984-04-18,0,4.2857
1984-04-19,0,4.1857
1984-04-20,0,4.4000
1984-04-21,0,4.4000
1984-04-22,0,4.4571
1984-04-23,0,4.7571
1984-04-24,0,4.7000
1984-04-25,0,4.7571
1984-04-26,2,4.7571
1984-04-27,4,4.6571
1984-04-28,3,4.5000
1984-04-29,3,4.3000
1984-04-30,0,4.1000
1984-05-01,12.6,4.0143
1984-05-02,0,3.8429
1984-05-03,8,3.6714
1984-05-04,3.2000000000000002,3.4714
1984-05-05,0,3.3714
1984-05-06,2,3.3714
1984-05-07,4,3.4857
1984-05-08,0,3.4571
1984-05-09,7,3.3714
1984-05-10,0,3.6286
1984-05-11,0,3.7000
1984-05-12,0,3.8571
1984-05-13,0,3.8429
1984-05-14,0,3.8714
1984-05-15,0,4.0286
1984-05-16,0,4.2714
1984-05-17,0,4.2000
1984-05-18,0,4.3000
1984-05-19,0,4.3143
1984-05-20,0,4.2286
1984-05-21,9,4.0571
1984-05-22,4,3.9429
1984-05-23,2,3.8286
1984-05-24,0,3.5857
1984-05-25,0,3.5000
1984-05-26,5,3.3571
1984-05-27,5,3.3286
1984-05-28,7,3.3000
1984-05-29,8,3.3000
1984-05-30,0,3.1286
1984-05-31,0,3.0571
1984-06-01,3,3.0143
1984-06-02,7,3.0857
1984-06-03,4,3.1571
1984-06-04,8,3.2429
1984-06-05,2,3.2571
1984-06-06,30.399999999999999,3.2571
1984-06-07,3,3.3429
1984-06-08,0,3.2571
1984-06-09,0,3.0571
1984-06-10,4,2.9000
1984-06-11,0,2.8286
1984-06-12,1,2.6714
1984-06-13,6,2.6000
1984-06-14,1,2.5000
1984-06-15,3,2.4857
1984-06-16,0,2.4429
1984-06-17,0,2.4857
1984-06-18,0,2.7429
1984-06-19,0,2.9571
1984-06-20,0,3.1571
1984-06-21,0,3.4571
1984-06-22,2,3.5286
1984-06-23,7,3.6571
1984-06-24,0,3.6286
1984-06-25,0,3.4143
1984-06-26,0,3.3429
1984-06-27,0,3.3857
1984-06-28,0,3.3143
1984-06-29,0,3.5143
1984-06-30,0,3.7429
1984-07-01,0,4.1714
1984-07-02,0,4.3714
1984-07-03,0,4.5143
1984-07-04,0,4.7143
1984-07-05,0,4.8571
1984-07-06,0,4.8714
1984-07-07,0,4.8286
1984-07-08,0,4.6571
1984-07-09,0,4.4857
1984-07-10,0,4.2286
1984-07-11,5,4.0143
1984-07-12,2,3.6857
1984-07-13,0,3.3857
1984-07-14,0,3.2000
1984-07-15,7,2.8714
1984-07-16,2.8999999999999999,2.6571
1984-07-17,4.4000000000000004,2.7286
1984-07-18,5.2000000000000002,2.6000
1984-07-19,3,2.5714
1984-07-20,4,2.5857
1984-07-21,3,2.6714
1984-07-22,1,2.8857
1984-07-23,0,3.1571
1984-07-24,0,3.0143
1984-07-25,0,2.9000
1984-07-26,0,2.8429
1984-07-27,0,3.0143
1984-07-28,0,3.2714
1984-07-29,0,3.4143
1984-07-30,0,3.4571
1984-07-31,0,3.8286
1984-08-01,0,4.1286
1984-08-02,0,4.3857
1984-08-03,0,4.4000
1984-08-04,0,4.0571
1984-08-05,0,4.0571
1984-08-06,0,4.1714
1984-08-07,0,4.1714
1984-08-08,0,4.2286
1984-08-09,0,4.2857
1984-08-10,0,4.3857
1984-08-11,0,4.6000
1984-08-12,0,4.6857
1984-08-13,0,4.7143
1984-08-14,0,4.7429
1984-08-15,0,4.9143
1984-08-16,0,4.9429
1984-08-17,0,5.0143
1984-08-18,0,5.0571
1984-08-19,0,5.0000
1984-08-20,0,4.9429
1984-08-21,0,5.1143
1984-08-22,0,5.0286
1984-08-23,0,5.1857
1984-08-24,0,5.2143
1984-08-25,0,5.1857
1984-08-26,0,4.9429
1984-08-27,0,4.9714
1984-08-28,0,4.9143
1984-08-29,0,4.9000
1984-08-30,0,4.6714
1984-08-31,0,4.6143
1984-09-01,0,4.7000
1984-09-02,0,4.8714
1984-09-03,0,4.7857
1984-09-04,0,4.7000
1984-09-05,0,4.5714
1984-09-06,0,4.8143
1984-09-07,0,4.8571
1984-09-08,0,5.0000
1984-09-09,0,5.3571
1984-09-10,0,5.6143
1984-09-11,0,5.7857
1984-09-12,0,6.0571
1984-09-13,0,6.1000
1984-09-14,0,6.2000
1984-09-15,0,6.1571
1984-09-16,0,6.1429
1984-09-17,0,6.2000
1984-09-18,17,6.4429
1984-09-19,0,6.6000
1984-09-20,0,6.4143
1984-09-21,0,6.2857
1984-09-22,0,6.3143
1984-09-23,0,6.4000
1984-09-24,0,6.1429
1984-09-25,0,5.9714
1984-09-26,0,5.9286
1984-09-27,0,6.1857
1984-09-28,0,6.2143
1984-09-29,0,6.2000
1984-09-30,0,6.0286
1984-10-01,0,6.0714
1984-10-02,0,5.9143
1984-10-03,0,5.7714
1984-10-04,0,5.7000
1984-10-05,0,5.8857
1984-10-06,0,5.8000
1984-10-07,0,5.5143
1984-10-08,0,5.3286
1984-10-09,0,5.1143
1984-10-10,0,5.0143
1984-10-11,22.399999999999999,5.0714
1984-10-12,0,5.0286
1984-10-13,0,5.2286
1984-10-14,0,5.6571
1984-10-15,0,6.1429
1984-10-16,0,6.6857
1984-10-17,0,7.2286
1984-10-18,0,7.3000
1984-10-19,0,7.2857
1984-10-20,0,7.0857
1984-10-21,1.8999999999999999,6.7429
1984-10-22,0,6.6714
1984-10-23,0,6.5857
1984-10-24,0,6.3714
1984-10-25,3.2000000000000002,6.4571
1984-10-26,0,6.6429
1984-10-27,0,6.8571
1984-10-28,0,7.3000
1984-10-29,0,7.4143
1984-10-30,3.2000000000000002,7.5429
1984-10-31,0,7.5714
1984-11-01,3.7999999999999998,7.4429
1984-11-02,0,7.2000
1984-11-03,16.800000000000001,7.0714
1984-11-04,0,6.9000
1984-11-05,16.399999999999999,6.6857
1984-11-06,0,6.5000
1984-11-07,6.7999999999999998,6.3857
1984-11-08,8.4000000000000004,6.4000
1984-11-09,0,6.6000
1984-11-10,3.7000000000000002,6.7571
1984-11-11,2.3999999999999999,6.8286
1984-11-12,0,6.9571
1984-11-13,0,7.2143
1984-11-14,0,7.3571
1984-11-15,0,7.2571
1984-11-16,0,7.1143
1984-11-17,0,7.0571
1984-11-18,0,6.9143
1984-11-19,0,6.6286
1984-11-20,0,6.3857
1984-11-21,0,6.2000
1984-11-22,0,6.3857
1984-11-23,0,6.5714
1984-11-24,20,6.4857
1984-11-25,42.399999999999999,6.3571
1984-11-26,0,6.5143
1984-11-27,16,6.2571
1984-11-28,2,5.9714
1984-11-29,3,5.8571
1984-11-30,0,5.9286
1984-12-01,0,6.1571
1984-12-02,0,6.6571
1984-12-03,0,7.0286
1984-12-04,0,7.3714
1984-12-05,0,7.8286
1984-12-06,0,7.7286
1984-12-07,0,7.3143
1984-12-08,0,7.3286
1984-12-09,0,7.1429
1984-12-10,0,6.3714
1984-12-11,0,5.8286
1984-12-12,0,5.5000
1984-12-13,0,5.5000
1984-12-14,0,5.7571
1984-12-15,24.800000000000001,5.4857
1984-12-16,5,5.3000
1984-12-17,0,5.8000
1984-12-18,0,6.2286
1984-12-19,0,6.4000
1984-12-20,0,6.6143
1984-12-21,21.300000000000001,6.4571
1984-12-22,0,6.5571
1984-12-23,0,6.3714
1984-12-24,0,6.4000
1984-12-25,0,5.8857
1984-12-26,40,5.8429
1984-12-27,39,5.9286
1984-12-28,7,6.1429
1984-12-29,18,6.2857
1984-12-30,0,6.9000
1984-12-31,30,7.1143
1985-01-01,0,7.7571
1985-01-02,0,7.8857
1985-01-03,0,7.6714
1985-01-04,0,7.5857
1985-01-05,0,7.5429
1985-01-06,0,7.4286
1985-01-07,0,7.3000
1985-01-08,0,7.2571
1985-01-09,0,7.2857
1985-01-10,0,7.4571
1985-01-11,0,7.8000
1985-01-12,0,7.8000
1985-01-13,0,7.4000
1985-01-14,3.2000000000000002,6.9286
1985-01-15,0,6.3857
1985-01-16,180,5.7143
1985-01-17,45,5.6143
1985-01-18,0,5.4857
1985-01-19,0,5.4714
1985-01-20,5,5.4857
1985-01-21,20,5.4857
1985-01-22,0,5.8571
1985-01-23,0,6.4429
1985-01-24,0,6.4286
1985-01-25,0,6.1286
1985-01-26,0,6.1143
1985-01-27,0,6.1143
1985-01-28,4,6.2429
1985-01-29,7,6.0714
1985-01-30,0,5.9571
1985-01-31,0,5.8857
1985-02-01,0,5.7286
1985-02-02,0,5.4429
1985-02-03,13.5,5.3571
1985-02-04,0,5.4429
1985-02-05,0,5.3143
1985-02-06,0,4.7857
1985-02-07,0,4.3000
1985-02-08,0,4.1286
1985-02-09,0,4.0429
1985-02-10,0,4.1143
1985-02-11,0,4.1000
1985-02-12,0,4.2571
1985-02-13,0,4.3286
1985-02-14,16,4.5571
1985-02-15,15.4,4.3429
1985-02-16,20,4.0857
1985-02-17,15.800000000000001,4.2286
1985-02-18,0,3.8714
1985-02-19,1.3999999999999999,3.5571
1985-02-20,8.4000000000000004,3.4714
1985-02-21,3.2000000000000002,3.5143
1985-02-22,0.20000000000000001,3.9714
1985-02-23,0,4.2714
1985-02-24,0,4.2429
1985-02-25,71,4.4714
1985-02-26,12.4,4.8286
1985-02-27,0,5.4143
1985-02-28,8.5999999999999996,5.5000
1985-03-01,18,5.4000
1985-03-02,0,5.7143
1985-03-03,0,5.8286
1985-03-04,0,6.1571
1985-03-05,0,6.2286
1985-03-06,0,6.1000
1985-03-07,0,5.9714
1985-03-08,12,6.0143
1985-03-09,87.599999999999994,5.8143
1985-03-10,0,5.6571
1985-03-11,3.2000000000000002,5.3714
1985-03-12,17.199999999999999,5.2857
1985-03-13,10,5.1714
1985-03-14,0,5.1571
1985-03-15,18.600000000000001,4.9286
1985-03-16,10,4.4714
1985-03-17,6,4.2000
1985-03-18,14,4.0571
1985-03-19,4.5999999999999996,3.9429
1985-03-20,3.6000000000000001,3.7429
1985-03-21,10.6,3.3429
1985-03-22,50,3.0286
1985-03-23,69.400000000000006,2.9429
1985-03-24,12.6,2.7429
1985-03-25,11.4,2.6143
1985-03-26,7.2000000000000002,2.4571
1985-03-27,8,2.7143
1985-03-28,4.5999999999999996,3.0429
1985-03-29,3.7999999999999998,3.3857
1985-03-30,0,3.6000
1985-03-31,0,3.6714
1985-04-01,6.5999999999999996,3.6000
1985-04-02,2,3.5143
1985-04-03,2.3999999999999999,3.2714
1985-04-04,2.7999999999999998,3.4429
1985-04-05,1.2,3.6000
1985-04-06,0,3.7429
1985-04-07,0,4.0286
1985-04-08,1,4.2857
1985-04-09,5,4.5143
1985-04-10,39,4.6571
1985-04-11,39.799999999999997,4.4857
1985-04-12,3,4.6286
1985-04-13,0,4.7286
1985-04-14,0,4.6857
1985-04-15,0,4.8143
1985-04-16,0,4.9857
1985-04-17,0,5.1857
1985-04-18,0,5.4143
1985-04-19,0,5.4000
1985-04-20,7,5.4429
1985-04-21,0,5.3000
1985-04-22,18.600000000000001,4.9857
1985-04-23,4,4.6857
1985-04-24,1,4.3571
1985-04-25,1.8,4.1286
1985-04-26,0,3.8000
1985-04-27,4.2000000000000002,3.6000
1985-04-28,0,3.5857
1985-04-29,0,3.7714
1985-04-30,0,3.9571
1985-05-01,0,4.1143
1985-05-02,0,4.0000
1985-05-03,0,4.0571
1985-05-04,0,4.1143
1985-05-05,0,4.0857
1985-05-06,0,4.1286
1985-05-07,0,3.9857
1985-05-08,2,3.9000
1985-05-09,0.80000000000000004,3.9000
1985-05-10,0,3.9286
1985-05-11,0,3.9000
1985-05-12,0,4.1286
1985-05-13,9,3.9000
1985-05-14,12.4,3.8429
1985-05-15,6.2000000000000002,3.7143
1985-05-16,9.1999999999999993,3.5714
1985-05-17,0,3.3143
1985-05-18,5.5999999999999996,3.1429
1985-05-19,4.2000000000000002,2.7286
1985-05-20,0.40000000000000002,2.8000
1985-05-21,0,2.9429
1985-05-22,0,2.7429
1985-05-23,0,2.6571
1985-05-24,16.399999999999999,2.6571
1985-05-25,5.4000000000000004,2.4714
1985-05-26,7,2.4000
1985-05-27,22.399999999999999,2.3429
1985-05-28,0,2.2857
1985-05-29,0.59999999999999998,2.4429
1985-05-30,3.2000000000000002,2.6286
1985-05-31,12.4,2.6286
1985-06-01,2,2.7857
1985-06-02,0.40000000000000002,2.8714
1985-06-03,0,2.8286
1985-06-04,5.4000000000000004,2.7000
1985-06-05,0,2.9286
1985-06-06,0,3.2429
1985-06-07,0,3.5000
1985-06-08,0,3.6286
1985-06-09,0,3.7714
1985-06-10,0,3.9143
1985-06-11,0,3.9571
1985-06-12,0,3.7857
1985-06-13,0,3.5000
1985-06-14,0,3.3571
1985-06-15,0,3.1714
1985-06-16,0,3.2000
1985-06-17,4,3.1000
1985-06-18,0,2.9714
1985-06-19,1.6000000000000001,3.0714
1985-06-20,0,3.1429
1985-06-21,0,3.3429
1985-06-22,0,3.8143
1985-06-23,0,3.9429
1985-06-24,0,4.0286
1985-06-25,0,4.1000
1985-06-26,0,4.0571
1985-06-27,0,4.1286
1985-06-28,0,4.0571
1985-06-29,0,3.8571
1985-06-30,0,3.7714
1985-07-01,0,3.8143
1985-07-02,0,3.9429
1985-07-03,0,4.0000
1985-07-04,0,3.9429
1985-07-05,2.3999999999999999,3.7571
1985-07-06,2,3.4000
1985-07-07,0.80000000000000004,3.0571
1985-07-08,4,2.7857
1985-07-09,0,2.9429
1985-07-10,0,3.0714
1985-07-11,0,3.1286
1985-07-12,0,3.3286
1985-07-13,0,3.6286
1985-07-14,0,3.9429
1985-07-15,0,4.0714
1985-07-16,0,3.9143
1985-07-17,0,3.8286
1985-07-18,0,3.8714
1985-07-19,0,3.9714
1985-07-20,0,3.7857
1985-07-21,0,3.6143
1985-07-22,0,3.6429
1985-07-23,0,3.7286
1985-07-24,0,3.6571
1985-07-25,0,3.5000
1985-07-26,0,3.1143
1985-07-27,0,3.2429
1985-07-28,11.800000000000001,3.3857
1985-07-29,0,3.3000
1985-07-30,0,3.3714
1985-07-31,0,3.6286
1985-08-01,0,3.4286
1985-08-02,0,3.7714
1985-08-03,0,3.7857
1985-08-04,0,3.8429
1985-08-05,0,4.0286
1985-08-06,0,3.9571
1985-08-07,0,3.8857
1985-08-08,0,4.1571
1985-08-09,0,4.0571
1985-08-10,0,4.2286
1985-08-11,0,4.3857
1985-08-12,0,4.5857
1985-08-13,0,4.5571
1985-08-14,0,4.5143
1985-08-15,0,4.6286
1985-08-16,0,4.6857
1985-08-17,0,4.7857
1985-08-18,0,4.8857
1985-08-19,0,4.9000
1985-08-20,0,4.9286
1985-08-21,0,4.9429
1985-08-22,0,5.0143
1985-08-23,0,5.2714
1985-08-24,0,5.2714
1985-08-25,0,5.2000
1985-08-26,0,5.0286
1985-08-27,0,5.0286
1985-08-28,0,5.2429
1985-08-29,0,5.3714
1985-08-30,0,5.4000
1985-08-31,0,5.4571
1985-09-01,0,5.6429
1985-09-02,0,6.1143
1985-09-03,0,6.5571
1985-09-04,0,6.4000
1985-09-05,0,6.3714
1985-09-06,0,6.2286
1985-09-07,0,5.8571
1985-09-08,0,5.4429
1985-09-09,0,4.6286
1985-09-10,0,4.0429
1985-09-11,0,3.9857
1985-09-12,0,4.0000
1985-09-13,0,4.1429
1985-09-14,0,4.6429
1985-09-15,0,5.1000
1985-09-16,0,5.6571
1985-09-17,0,6.2571
1985-09-18,0,6.6286
1985-09-19,0,6.7571
1985-09-20,0,6.6571
1985-09-21,0,6.5857
1985-09-22,0,6.4143
1985-09-23,0,6.5429
1985-09-24,0,6.4000
1985-09-25,0,6.3000
1985-09-26,0,6.3000
1985-09-27,0,6.7286
1985-09-28,0,6.9571
1985-09-29,0,6.9286
1985-09-30,0,6.9429
1985-10-01,3.3999999999999999,6.5857
1985-10-02,8,6.3286
1985-10-03,0,6.1143
1985-10-04,0,5.6143
1985-10-05,0,5.2714
1985-10-06,3,5.3571
1985-10-07,0,5.1857
1985-10-08,4.2000000000000002,5.2571
1985-10-09,0,5.5000
1985-10-10,0,5.7286
1985-10-11,0,5.8857
1985-10-12,6.5999999999999996,6.0857
1985-10-13,0,6.3143
1985-10-14,0,6.6000
1985-10-15,0,6.8857
1985-10-16,11.6,6.8571
1985-10-17,0,6.9000
1985-10-18,4.9000000000000004,7.2143
1985-10-19,0,7.3571
1985-10-20,0,7.1286
1985-10-21,49.799999999999997,7.1143
1985-10-22,0,7.2714
1985-10-23,0,7.2571
1985-10-24,0,7.0286
1985-10-25,4.5999999999999996,6.3857
1985-10-26,6.4000000000000004,6.0571
1985-10-27,0,6.2714
1985-10-28,0,6.1286
1985-10-29,0,5.9286
1985-10-30,0,6.0143
1985-10-31,0,6.2286
1985-11-01,0,6.6000
1985-11-02,0,6.7143
1985-11-03,0,6.4429
1985-11-04,1.6000000000000001,6.2143
1985-11-05,0,5.8429
1985-11-06,0,5.3714
1985-11-07,5.2000000000000002,5.1571
1985-11-08,0,5.0000
1985-11-09,0,5.0429
1985-11-10,0,5.3143
1985-11-11,0,5.6714
1985-11-12,0,6.0857
1985-11-13,0,6.3000
1985-11-14,0,6.4429
1985-11-15,14.6,6.5857
1985-11-16,0,6.7000
1985-11-17,0,6.8571
1985-11-18,0,7.0857
1985-11-19,0,7.3286
1985-11-20,0,7.6143
1985-11-21,0,7.6857
1985-11-22,0,7.8571
1985-11-23,16.399999999999999,7.6286
1985-11-24,23,7.1714
1985-11-25,28,6.5571
1985-11-26,72.599999999999994,6.2714
1985-11-27,4.5999999999999996,6.2429
1985-11-28,0,6.4000
1985-11-29,0,6.4286
1985-11-30,0,6.4857
1985-12-01,0,6.7143
1985-12-02,0,7.1714
1985-12-03,2.6000000000000001,7.2143
1985-12-04,13.800000000000001,6.7143
1985-12-05,7.4000000000000004,6.4429
1985-12-06,0,6.3000
1985-12-07,0,6.3143
1985-12-08,0,6.2429
1985-12-09,12.4,5.8143
1985-12-10,0,5.5571
1985-12-11,0,6.0143
1985-12-12,13.4,6.3286
1985-12-13,0,6.5286
1985-12-14,0,6.7571
1985-12-15,0,6.9000
1985-12-16,0,7.2857
1985-12-17,0,7.6286
1985-12-18,12.800000000000001,7.7143
1985-12-19,2,7.4286
1985-12-20,5.4000000000000004,7.4286
1985-12-21,0,7.4714
1985-12-22,0,7.5286
1985-12-23,0,7.3571
1985-12-24,0,7.5286
1985-12-25,0,7.5571
1985-12-26,0,7.5286
1985-12-27,0,7.1857
1985-12-28,0,6.8857
1985-12-29,0,6.8429
1985-12-30,12.4,6.6286
1985-12-31,0,6.4429
1986-01-01,0,6.2429
1986-01-02,0,6.0571
1986-01-03,0,6.3000
1986-01-04,28,6.3571
1986-01-05,0,6.0429
1986-01-06,3,6.2571
1986-01-07,6,6.1286
1986-01-08,0,6.2714
1986-01-09,0,6.6286
1986-01-10,0,6.7571
1986-01-11,0,6.7857
1986-01-12,0,7.1000
1986-01-13,0,6.9857
1986-01-14,0,6.9286
1986-01-15,0,6.7429
1986-01-16,0,6.1286
1986-01-17,0,5.5571
1986-01-18,0,5.1143
1986-01-19,0,4.6143
1986-01-20,37.399999999999999,4.5143
1986-01-21,0,4.2571
1986-01-22,89.799999999999997,3.8143
1986-01-23,0,3.7571
1986-01-24,68.599999999999994,3.9286
1986-01-25,2,4.4000
1986-01-26,11,4.7000
1986-01-27,0,4.5571
1986-01-28,0,4.4000
1986-01-29,12.199999999999999,4.3000
1986-01-30,88.400000000000006,4.0714
1986-01-31,51.799999999999997,3.5857
1986-02-01,0,2.8571
1986-02-02,119.59999999999999,2.6000
1986-02-03,10,2.8000
1986-02-04,10.800000000000001,3.2714
1986-02-05,0,3.9571
1986-02-06,0,4.6857
1986-02-07,20,5.1571
1986-02-08,29.399999999999999,5.7286
1986-02-09,14,6.0286
1986-02-10,0,6.1857
1986-02-11,0,6.1714
1986-02-12,0,6.1571
1986-02-13,0,6.0143
1986-02-14,0,5.9429
1986-02-15,0,6.1286
1986-02-16,0,6.1571
1986-02-17,0,6.2857
1986-02-18,0,6.2429
1986-02-19,0,6.2429
1986-02-20,0,6.4571
1986-02-21,0,6.8000
1986-02-22,0,6.5714
1986-02-23,1.3999999999999999,6.2429
1986-02-24,10,5.9000
1986-02-25,29.600000000000001,5.9143
1986-02-26,13.6,5.7286
1986-02-27,0,5.6429
1986-02-28,3.2000000000000002,5.3857
1986-03-01,8.1999999999999993,5.4000
1986-03-02,6,5.5714
1986-03-03,0,5.7571
1986-03-04,0,5.4143
1986-03-05,0,5.2286
1986-03-06,16,5.2714
1986-03-07,4,5.2000
1986-03-08,0,5.2429
1986-03-09,0,5.3857
1986-03-10,0,5.4000
1986-03-11,0,5.6000
1986-03-12,0,5.8571
1986-03-13,0,5.7714
1986-03-14,0,6.0429
1986-03-15,0,5.9571
1986-03-16,0,5.9429
1986-03-17,0,5.9000
1986-03-18,0,5.8857
1986-03-19,21.199999999999999,5.8000
1986-03-20,0.59999999999999998,5.5429
1986-03-21,0,5.2143
1986-03-22,191.80000000000001,5.0571
1986-03-23,0,4.7286
1986-03-24,16,4.5286
1986-03-25,3.3999999999999999,4.2429
1986-03-26,30.800000000000001,3.7857
1986-03-27,7,3.6571
1986-03-28,0,3.5429
1986-03-29,0,3.5714
1986-03-30,0,3.5143
1986-03-31,0,3.3429
1986-04-01,12,3.6000
1986-04-02,10,3.8714
1986-04-03,9,4.1000
1986-04-04,18,4.1429
1986-04-05,13.6,3.7714
1986-04-06,0,3.8143
1986-04-07,0,3.9143
1986-04-08,2,3.7714
1986-04-09,0,3.8429
1986-04-10,0,3.8000
1986-04-11,3,3.9143
1986-04-12,7,4.1571
1986-04-13,0,3.9571
1986-04-14,0,3.7000
1986-04-15,0,3.7714
1986-04-16,0,3.6857
1986-04-17,0,3.4857
1986-04-18,9,3.3714
1986-04-19,0,3.4571
1986-04-20,0,3.6286
1986-04-21,0,4.0000
1986-04-22,0,4.1714
1986-04-23,0,4.3286
1986-04-24,0,4.5429
1986-04-25,0,4.6286
1986-04-26,0,4.3143
1986-04-27,58,4.1000
1986-04-28,0,3.8714
1986-04-29,0,3.6143
1986-04-30,0,3.4000
1986-05-01,2.2000000000000002,3.1571
1986-05-02,1,2.9143
1986-05-03,10,2.9286
1986-05-04,0,2.9143
1986-05-05,3.2000000000000002,3.0714
1986-05-06,7,3.1000
1986-05-07,6.5,3.1857
1986-05-08,5,3.3143
1986-05-09,9,3.4429
1986-05-10,0,3.5714
1986-05-11,18.199999999999999,3.8857
1986-05-12,7,3.7857
1986-05-13,4.2999999999999998,3.8857
1986-05-14,0,3.9000
1986-05-15,0,3.9857
1986-05-16,13,4.0143
1986-05-17,9.5999999999999996,4.2143
1986-05-18,0,4.2143
1986-05-19,0,4.3429
1986-05-20,7,4.4000
1986-05-21,11,4.5429
1986-05-22,3.7999999999999998,4.4286
1986-05-23,5.2000000000000002,4.3857
1986-05-24,0,4.3143
1986-05-25,11,4.1571
1986-05-26,7,3.7286
1986-05-27,4,3.3143
1986-05-28,9.5999999999999996,2.9857
1986-05-29,0,3.0000
1986-05-30,3,2.9857
1986-05-31,10.199999999999999,2.7000
1986-06-01,3,2.6143
1986-06-02,7,2.7857
1986-06-03,2,2.8143
1986-06-04,0,2.7714
1986-06-05,0,2.6143
1986-06-06,2,2.4857
1986-06-07,0,2.5857
1986-06-08,5,2.5286
1986-06-09,6,2.5857
1986-06-10,0,2.7143
1986-06-11,1,2.9286
1986-06-12,0,2.9714
1986-06-13,1,2.9571
1986-06-14,0,2.9857
1986-06-15,0,3.1429
1986-06-16,9,3.2714
1986-06-17,2,3.3429
1986-06-18,0,3.3714
1986-06-19,0,3.4429
1986-06-20,0,3.5857
1986-06-21,0,3.6000
1986-06-22,0,3.5143
1986-06-23,0,3.4714
1986-06-24,0,3.3429
1986-06-25,0,3.1857
1986-06-26,0,3.3143
1986-06-27,0,3.4143
1986-06-28,0,3.6714
1986-06-29,0,3.8857
1986-06-30,0,3.8429
1986-07-01,0,3.9286
1986-07-02,0,3.9857
1986-07-03,0,3.7286
1986-07-04,2.2999999999999998,3.6429
1986-07-05,1.2,3.4857
1986-07-06,0,3.4286
1986-07-07,0,3.4571
1986-07-08,0,3.5143
1986-07-09,0,3.5714
1986-07-10,0,3.9429
1986-07-11,4,3.9429
1986-07-12,0,3.8571
1986-07-13,0,3.7857
1986-07-14,0,3.7000
1986-07-15,0,3.5571
1986-07-16,0,3.4429
1986-07-17,0,3.1429
1986-07-18,2.6000000000000001,3.0714
1986-07-19,3,3.0000
1986-07-20,0,2.8286
1986-07-21,0,2.7857
1986-07-22,0,2.9143
1986-07-23,0,2.9143
1986-07-24,0,3.1000
1986-07-25,1.6000000000000001,3.1714
1986-07-26,2.7999999999999998,3.4000
1986-07-27,4,3.6857
1986-07-28,0,3.5571
1986-07-29,0,3.3857
1986-07-30,0,3.6714
1986-07-31,0,3.6143
1986-08-01,0,3.5000
1986-08-02,0,3.3857
1986-08-03,0,3.4000
1986-08-04,0,3.7571
1986-08-05,0,4.3143
1986-08-06,0,4.5429
1986-08-07,0,4.8143
1986-08-08,0,5.2429
1986-08-09,0,5.4714
1986-08-10,0,5.3571
1986-08-11,0,5.3429
1986-08-12,0,5.0714
1986-08-13,0,4.6714
1986-08-14,6.7999999999999998,4.2429
1986-08-15,2,4.1429
1986-08-16,0,4.0571
1986-08-17,0,4.0000
1986-08-18,4,3.9857
1986-08-19,2,3.9143
1986-08-20,1,3.8571
1986-08-21,0,3.9714
1986-08-22,0,3.9571
1986-08-23,0,3.9857
1986-08-24,0,4.3286
1986-08-25,0,4.4714
1986-08-26,8.0999999999999996,4.7000
1986-08-27,2.8999999999999999,4.5286
1986-08-28,0,4.6571
1986-08-29,0,4.5571
1986-08-30,0,4.4857
1986-08-31,0,4.3714
1986-09-01,0,4.1000
1986-09-02,0,3.7429
1986-09-03,0,3.9000
1986-09-04,0,3.8714
1986-09-05,0,4.0429
1986-09-06,0,4.2429
1986-09-07,0,4.3857
1986-09-08,0,4.6286
1986-09-09,0,4.9000
1986-09-10,0,5.2571
1986-09-11,0,5.5429
1986-09-12,0,5.5714
1986-09-13,0,5.6286
1986-09-14,0,5.8571
1986-09-15,0,6.1714
1986-09-16,0,6.3000
1986-09-17,0,6.3857
1986-09-18,0,6.2286
1986-09-19,0,6.2286
1986-09-20,0,6.4571
1986-09-21,0,6.2571
1986-09-22,0,6.3571
1986-09-23,0,6.6429
1986-09-24,0,6.7286
1986-09-25,0,7.0286
1986-09-26,0,7.2286
1986-09-27,0,7.0000
1986-09-28,0,6.7857
1986-09-29,0,6.4286
1986-09-30,0,6.2143
1986-10-01,0,6.0143
1986-10-02,0,5.8857
1986-10-03,0,5.7857
1986-10-04,0,5.6857
1986-10-05,0,6.1571
1986-10-06,0,6.6000
1986-10-07,0,6.7571
1986-10-08,0,6.9857
1986-10-09,0,7.0571
1986-10-10,3,6.9000
1986-10-11,0,6.9143
1986-10-12,0,6.8429
1986-10-13,0,6.4857
1986-10-14,0,6.6143
1986-10-15,0,6.6286
1986-10-16,0,6.7571
1986-10-17,0,7.1429
1986-10-18,0,7.4000
1986-10-19,0,7.1857
1986-10-20,0,6.8857
1986-10-21,0,6.6857
1986-10-22,0,6.6571
1986-10-23,0,6.1286
1986-10-24,12,6.0571
1986-10-25,0,6.2286
1986-10-26,0,6.4714
1986-10-27,0,6.8857
1986-10-28,18,6.6571
1986-10-29,0,6.4571
1986-10-30,25,6.7286
1986-10-31,0,6.5286
1986-11-01,0,6.3286
1986-11-02,0,6.5286
1986-11-03,0,6.5571
1986-11-04,0,6.6000
1986-11-05,0,6.5714
1986-11-06,0,6.3429
1986-11-07,0,6.4857
1986-11-08,0,6.4286
1986-11-09,0,6.2000
1986-11-10,0,6.2571
1986-11-11,0,6.4857
1986-11-12,0,6.8000
1986-11-13,0,7.3714
1986-11-14,0,7.5571
1986-11-15,0,7.7857
1986-11-16,0,7.7429
1986-11-17,0,7.5571
1986-11-18,0,7.3429
1986-11-19,0,7.6143
1986-11-20,0,7.8571
1986-11-21,0,7.9000
1986-11-22,0,7.7000
1986-11-23,0,7.8000
1986-11-24,0,8.0857
1986-11-25,0,8.4143
1986-11-26,0,8.1714
1986-11-27,0,8.0571
1986-11-28,0,8.0143
1986-11-29,0,8.2000
1986-11-30,0,8.3143
1986-12-01,0,8.3429
1986-12-02,0,8.1571
1986-12-03,0,7.8143
1986-12-04,0,7.1143
1986-12-05,0,6.6571
1986-12-06,0,6.2143
1986-12-07,0,5.7286
1986-12-08,11,5.4286
1986-12-09,0,5.4571
1986-12-10,0,5.7143
1986-12-11,0,6.2857
1986-12-12,0,6.8429
1986-12-13,0,7.2857
1986-12-14,0,7.6571
1986-12-15,9,7.9857
1986-12-16,0,8.1571
1986-12-17,17,8.4143
1986-12-18,0,8.2571
1986-12-19,0,7.9286
1986-12-20,17.199999999999999,8.0571
1986-12-21,0,8.3000
1986-12-22,8.9000000000000004,8.1286
1986-12-23,0,7.9571
1986-12-24,0,7.9000
1986-12-25,0,8.0429
1986-12-26,0,8.2571
1986-12-27,0,8.1857
1986-12-28,0,8.0429
1986-12-29,0,8.3143
1986-12-30,0,8.5429
1986-12-31,0,8.3429
1987-01-01,0,8.1000
1987-01-02,0,7.6429
1987-01-03,12,7.2571
1987-01-04,0,7.0000
1987-01-05,0,6.5571
1987-01-06,0,6.4143
1987-01-07,0,6.3429
1987-01-08,0,6.4429
1987-01-09,0,6.8143
1987-01-10,0,7.0857
1987-01-11,0,7.2571
1987-01-12,0,7.5571
1987-01-13,0,7.5000
1987-01-14,11.199999999999999,7.3571
1987-01-15,13.6,7.0571
1987-01-16,0,6.8143
1987-01-17,37.600000000000001,6.5714
1987-01-18,0,6.5143
1987-01-19,0,6.3143
1987-01-20,0,6.3714
1987-01-21,0,6.6143
1987-01-22,0,6.8286
1987-01-23,0,7.1429
1987-01-24,0,7.2429
1987-01-25,0,7.2000
1987-01-26,0,7.2000
1987-01-27,0,7.1286
1987-01-28,0,6.9143
1987-01-29,32.799999999999997,6.9857
1987-01-30,0,6.8143
1987-01-31,0,6.7143
1987-02-01,0,6.0714
1987-02-02,14.6,5.7286
1987-02-03,0,5.4429
1987-02-04,0,5.3143
1987-02-05,53.399999999999999,5.0571
1987-02-06,0,4.9429
1987-02-07,0,4.8571
1987-02-08,0,5.3714
1987-02-09,0,5.7143
1987-02-10,0,5.9286
1987-02-11,0,6.0857
1987-02-12,0,6.1571
1987-02-13,25.600000000000001,5.5857
1987-02-14,32.399999999999999,5.3429
1987-02-15,2.7999999999999998,4.8429
1987-02-16,14.199999999999999,4.5571
1987-02-17,0,4.1714
1987-02-18,0,4.0571
1987-02-19,0,3.9857
1987-02-20,0,4.2857
1987-02-21,0,4.6286
1987-02-22,0,5.0429
1987-02-23,0,5.2143
1987-02-24,0,5.6571
1987-02-25,12,5.8143
1987-02-26,5,5.7286
1987-02-27,0,5.8286
1987-02-28,0,5.8000
1987-03-01,0,5.7429
1987-03-02,21.600000000000001,5.7143
1987-03-03,2.2000000000000002,5.5714
1987-03-04,19,5.0714
1987-03-05,3.2000000000000002,5.1429
1987-03-06,0,5.1429
1987-03-07,0,4.8857
1987-03-08,0,4.7571
1987-03-09,13.6,4.5571
1987-03-10,5.5999999999999996,4.4429
1987-03-11,5.4000000000000004,4.5000
1987-03-12,0,4.5286
1987-03-13,0,4.6286
1987-03-14,6,4.9714
1987-03-15,0,5.0571
1987-03-16,0,5.3571
1987-03-17,0,5.5571
1987-03-18,0,5.9714
1987-03-19,0,5.9857
1987-03-20,0,5.8429
1987-03-21,5.4000000000000004,5.6429
1987-03-22,16.600000000000001,5.7143
1987-03-23,0,5.5429
1987-03-24,4.4000000000000004,5.4571
1987-03-25,23.199999999999999,5.3000
1987-03-26,0,4.8714
1987-03-27,0,4.7429
1987-03-28,10,4.7429
1987-03-29,0,4.7143
1987-03-30,0,4.8429
1987-03-31,0,4.9000
1987-04-01,0,4.8143
1987-04-02,17.399999999999999,5.0857
1987-04-03,9.5999999999999996,5.0714
1987-04-04,13.4,4.9286
1987-04-05,15.199999999999999,4.7000
1987-04-06,15.6,4.3857
1987-04-07,12.4,4.1143
1987-04-08,5,4.2429
1987-04-09,0.40000000000000002,4.2429
1987-04-10,0,4.3571
1987-04-11,0.80000000000000004,4.4000
1987-04-12,6.2000000000000002,4.3857
1987-04-13,10.199999999999999,4.4286
1987-04-14,11,4.4000
1987-04-15,9.1999999999999993,4.1571
1987-04-16,6.2000000000000002,4.1857
1987-04-17,0.40000000000000002,3.9857
1987-04-18,2.2000000000000002,3.9857
1987-04-19,0.59999999999999998,4.1286
1987-04-20,0,4.2429
1987-04-21,0,4.2429
1987-04-22,7,4.2000
1987-04-23,12.800000000000001,3.9000
1987-04-24,45.799999999999997,3.7571
1987-04-25,15.199999999999999,3.3857
1987-04-26,19.800000000000001,3.2571
1987-04-27,8.5999999999999996,3.1571
1987-04-28,3.3999999999999999,2.9571
1987-04-29,9.4000000000000004,2.9143
1987-04-30,9,3.1286
1987-05-01,19,3.3143
1987-05-02,0,3.6429
1987-05-03,8,3.7286
1987-05-04,7,3.6000
1987-05-05,11,3.7000
1987-05-06,4,3.6571
1987-05-07,0,3.3857
1987-05-08,0,3.2000
1987-05-09,41.399999999999999,2.9571
1987-05-10,0,2.8000
1987-05-11,0,2.7429
1987-05-12,0,2.8714
1987-05-13,0,3.1286
1987-05-14,0,3.3857
1987-05-15,0,3.6429
1987-05-16,0,3.9571
1987-05-17,7.4000000000000004,4.0857
1987-05-18,0,4.2714
1987-05-19,0,4.1571
1987-05-20,0,4.0429
1987-05-21,0,3.8714
1987-05-22,0,3.5571
1987-05-23,5.7999999999999998,3.3429
1987-05-24,3.2000000000000002,3.2571
1987-05-25,0,3.0571
1987-05-26,0,3.1143
1987-05-27,0,3.0857
1987-05-28,0,3.4857
1987-05-29,0,3.6857
1987-05-30,0,3.8000
1987-05-31,0,3.7143
1987-06-01,0,3.8857
1987-06-02,0,3.7143
1987-06-03,0,3.4000
1987-06-04,0,2.9857
1987-06-05,0,2.6857
1987-06-06,0,2.4714
1987-06-07,0,2.3857
1987-06-08,0,2.1571
1987-06-09,0,2.2857
1987-06-10,3.2999999999999998,2.5857
1987-06-11,0,2.4000
1987-06-12,0,2.5571
1987-06-13,9.3000000000000007,2.4286
1987-06-14,0,2.3714
1987-06-15,0,2.2286
1987-06-16,0,2.0143
1987-06-17,40,1.9000
1987-06-18,20.399999999999999,2.0857
1987-06-19,2,2.0143
1987-06-20,9.1999999999999993,2.3143
1987-06-21,1,2.6000
1987-06-22,3,2.8857
1987-06-23,11,3.1429
1987-06-24,0,3.1286
1987-06-25,0,3.1000
1987-06-26,4,3.3429
1987-06-27,0,3.5143
1987-06-28,7,3.3857
1987-06-29,0,3.3714
1987-06-30,0,3.2429
1987-07-01,0,3.3000
1987-07-02,0,3.4714
1987-07-03,0,3.4571
1987-07-04,0,3.1286
1987-07-05,12.6,2.8857
1987-07-06,2,2.8714
1987-07-07,0,2.9143
1987-07-08,0,2.5857
1987-07-09,0,2.4286
1987-07-10,0,2.3143
1987-07-11,0,2.4714
1987-07-12,0,2.8571
1987-07-13,0,2.8714
1987-07-14,0,2.8571
1987-07-15,0,3.3000
1987-07-16,0,3.6143
1987-07-17,0,4.0143
1987-07-18,0,4.0286
1987-07-19,0,4.0286
1987-07-20,0,4.0571
1987-07-21,0,4.1286
1987-07-22,0,4.0571
1987-07-23,0,4.0714
1987-07-24,0,3.8286
1987-07-25,0,3.7571
1987-07-26,0,3.6286
1987-07-27,0,3.5286
1987-07-28,0,3.5571
1987-07-29,0,3.7429
1987-07-30,0,3.6000
1987-07-31,0,3.6286
1987-08-01,0,3.7429
1987-08-02,0,3.8714
1987-08-03,0,4.0857
1987-08-04,0,4.0571
1987-08-05,0,3.9429
1987-08-06,0,4.1429
1987-08-07,0,4.2571
1987-08-08,0,4.2143
1987-08-09,0,4.1857
1987-08-10,0,4.2143
1987-08-11,0,4.3000
1987-08-12,0,4.4714
1987-08-13,0,4.1143
1987-08-14,0,3.9143
1987-08-15,0,3.8714
1987-08-16,0,3.9000
1987-08-17,0,3.7429
1987-08-18,0,3.7429
1987-08-19,0,3.7286
1987-08-20,0,4.0143
1987-08-21,0,4.2286
1987-08-22,0,4.5429
1987-08-23,0,4.7143
1987-08-24,0,4.9857
1987-08-25,0,5.3000
1987-08-26,0,5.4286
1987-08-27,0,5.4857
1987-08-28,0,5.6857
1987-08-29,0,6.0286
1987-08-30,0,6.0429
1987-08-31,0,6.0429
1987-09-01,0,6.0571
1987-09-02,0,6.1000
1987-09-03,0,6.1857
1987-09-04,0,6.2571
1987-09-05,0,6.0429
1987-09-06,0,6.0571
1987-09-07,0,6.1429
1987-09-08,0,5.7286
1987-09-09,5.4000000000000004,5.1714
1987-09-10,0,4.8143
1987-09-11,0,4.4286
1987-09-12,0,4.1000
1987-09-13,0,3.9429
1987-09-14,0,3.9143
1987-09-15,0,4.0714
1987-09-16,0,4.5714
1987-09-17,0,5.0571
1987-09-18,0,5.1714
1987-09-19,0,5.3571
1987-09-20,0,5.6714
1987-09-21,0,5.7143
1987-09-22,0,5.7143
1987-09-23,0,5.3857
1987-09-24,0,4.9286
1987-09-25,12,4.9143
1987-09-26,3.6000000000000001,4.8286
1987-09-27,0,4.5857
1987-09-28,0,4.6000
1987-09-29,0,4.7571
1987-09-30,0,5.0571
1987-10-01,0,5.4714
1987-10-02,0,5.5857
1987-10-03,0,5.5143
1987-10-04,0,5.6857
1987-10-05,0,5.9429
1987-10-06,0,6.2714
1987-10-07,0,6.3429
1987-10-08,0,6.6143
1987-10-09,0,6.9000
1987-10-10,0,7.2714
1987-10-11,0,7.4571
1987-10-12,0,7.3000
1987-10-13,0,7.2143
1987-10-14,0,7.4143
1987-10-15,0,7.2571
1987-10-16,0,7.2286
1987-10-17,0,7.2714
1987-10-18,0,7.4000
1987-10-19,0,7.3857
1987-10-20,0,7.4714
1987-10-21,0,7.7143
1987-10-22,0,8.0571
1987-10-23,0,8.3714
1987-10-24,0,8.9429
1987-10-25,0,9.0857
1987-10-26,0,9.1286
1987-10-27,0,9.0286
1987-10-28,0,8.7429
1987-10-29,0,8.2714
1987-10-30,0,7.9000
1987-10-31,8.1999999999999993,6.9000
1987-11-01,8.1999999999999993,6.1714
1987-11-02,4,5.8286
1987-11-03,0,5.6714
1987-11-04,0,5.7857
1987-11-05,0,6.0429
1987-11-06,0,5.9714
1987-11-07,0,6.0714
1987-11-08,0,6.4857
1987-11-09,0,6.8429
1987-11-10,0,6.8857
1987-11-11,0,6.9714
1987-11-12,0,6.9857
1987-11-13,0,7.0429
1987-11-14,0,7.3000
1987-11-15,0,7.2143
1987-11-16,46,6.8286
1987-11-17,49,6.5429
1987-11-18,0,5.9286
1987-11-19,0,5.5571
1987-11-20,0,5.4143
1987-11-21,0,5.4429
1987-11-22,0,5.6857
1987-11-23,0,6.1857
1987-11-24,0,6.8286
1987-11-25,0,7.2714
1987-11-26,0,7.5571
1987-11-27,0,7.6714
1987-11-28,0,7.5714
1987-11-29,40,7.2857
1987-11-30,57,6.9143
1987-12-01,0,6.3714
1987-12-02,0,6.2000
1987-12-03,0,5.9857
1987-12-04,0,5.5429
1987-12-05,21,5.3429
1987-12-06,0,5.5000
1987-12-07,0,5.6857
1987-12-08,0,5.9429
1987-12-09,0,6.1857
1987-12-10,0,6.2571
1987-12-11,0,6.8000
1987-12-12,0,6.9000
1987-12-13,0,6.7857
1987-12-14,0,6.7571
1987-12-15,0,6.8714
1987-12-16,0,6.7857
1987-12-17,0,6.8429
1987-12-18,0,6.6286
1987-12-19,0,6.8714
1987-12-20,0,7.0286
1987-12-21,0,7.0714
1987-12-22,0,7.0286
1987-12-23,0,7.0429
1987-12-24,0,7.2286
1987-12-25,0,7.3000
1987-12-26,0,7.0429
1987-12-27,10,6.5286
1987-12-28,25,6.0429
1987-12-29,15,5.4857
1987-12-30,159.80000000000001,5.1857
1987-12-31,0,4.8571
1988-01-01,0,4.8857
1988-01-02,5.2000000000000002,5.1714
1988-01-03,0,5.6571
1988-01-04,0,6.0571
1988-01-05,0,6.4000
1988-01-06,0,6.4714
1988-01-07,5.2999999999999998,6.4714
1988-01-08,0,6.2143
1988-01-09,0,6.0286
1988-01-10,0,5.7857
1988-01-11,0,5.7143
1988-01-12,0,5.6143
1988-01-13,0,5.5571
1988-01-14,0,5.6143
1988-01-15,0,5.9143
1988-01-16,0,6.1286
1988-01-17,0,6.3857
1988-01-18,0,6.6143
1988-01-19,0,6.8714
1988-01-20,0,7.0143
1988-01-21,4.0999999999999996,7.0429
1988-01-22,0,7.0571
1988-01-23,0,7.0571
1988-01-24,0,7.0857
1988-01-25,0,7.0000
1988-01-26,0,6.9286
1988-01-27,0,6.8714
1988-01-28,0,6.9571
1988-01-29,0,6.9000
1988-01-30,0,6.7286
1988-01-31,0,6.7143
1988-02-01,0,6.8857
1988-02-02,0,7.0000
1988-02-03,0,7.0714
1988-02-04,0,6.7714
1988-02-05,0,6.4143
1988-02-06,37,6.1000
1988-02-07,100,5.7571
1988-02-08,11,5.4857
1988-02-09,0,5.1429
1988-02-10,0,4.9286
1988-02-11,0,4.7000
1988-02-12,0,4.8143
1988-02-13,54,4.7286
1988-02-14,7.4000000000000004,4.4000
1988-02-15,19,3.9714
1988-02-16,0,3.7714
1988-02-17,0,3.8714
1988-02-18,0,4.2429
1988-02-19,0,4.4429
1988-02-20,0,4.8571
1988-02-21,0,5.2571
1988-02-22,0,5.5571
1988-02-23,0,5.5857
1988-02-24,0,5.1714
1988-02-25,0,5.0571
1988-02-26,2,5.1000
1988-02-27,0,4.9429
1988-02-28,0,4.5714
1988-02-29,0,4.5857
1988-03-01,0,5.0286
1988-03-02,0,5.5857
1988-03-03,0,5.8571
1988-03-04,0,5.8714
1988-03-05,0,5.8143
1988-03-06,0,5.9857
1988-03-07,0,5.8143
1988-03-08,0,5.4000
1988-03-09,0,5.0571
1988-03-10,0,4.4571
1988-03-11,0,3.9714
1988-03-12,0,3.9571
1988-03-13,0,4.2857
1988-03-14,0,4.4571
1988-03-15,0,4.6286
1988-03-16,2.1000000000000001,4.6143
1988-03-17,15.6,4.6429
1988-03-18,5.2000000000000002,4.4857
1988-03-19,2.7999999999999998,4.2000
1988-03-20,0,3.6571
1988-03-21,0,3.2143
1988-03-22,4.7999999999999998,2.9571
1988-03-23,41.399999999999999,2.7143
1988-03-24,2,2.9286
1988-03-25,4.7000000000000002,3.2857
1988-03-26,7.2000000000000002,3.5429
1988-03-27,3.7999999999999998,3.5714
1988-03-28,5,3.6571
1988-03-29,4,3.6857
1988-03-30,2.3999999999999999,3.8429
1988-03-31,0,3.7714
1988-04-01,0,3.9000
1988-04-02,0,4.0714
1988-04-03,0,4.5429
1988-04-04,25.399999999999999,4.9286
1988-04-05,0,5.1571
1988-04-06,1.6000000000000001,5.5143
1988-04-07,0,5.7571
1988-04-08,0,5.6857
1988-04-09,0,5.4857
1988-04-10,0,5.3286
1988-04-11,0,5.2714
1988-04-12,0,5.3286
1988-04-13,0,5.2714
1988-04-14,0,5.1143
1988-04-15,0,4.9286
1988-04-16,0,4.7571
1988-04-17,0,4.5571
1988-04-18,3,4.3286
1988-04-19,4.0999999999999996,4.1143
1988-04-20,0,3.7714
1988-04-21,0,3.5143
1988-04-22,3.7999999999999998,3.3714
1988-04-23,1.2,3.2857
1988-04-24,0,2.9857
1988-04-25,8.5,2.9714
1988-04-26,3.3999999999999999,2.8857
1988-04-27,0,3.1286
1988-04-28,0,3.4286
1988-04-29,0,3.6286
1988-04-30,2,3.5857
1988-05-01,1.2,3.8571
1988-05-02,0,3.9857
1988-05-03,0,4.1000
1988-05-04,0,4.1000
1988-05-05,7,4.0000
1988-05-06,0,4.0000
1988-05-07,10,4.3714
1988-05-08,0,4.6286
1988-05-09,0,4.6714
1988-05-10,0,4.6571
1988-05-11,6,4.3714
1988-05-12,2.2999999999999998,4.2000
1988-05-13,9.3000000000000007,3.9857
1988-05-14,13.4,3.7000
1988-05-15,10.699999999999999,3.5429
1988-05-16,4.7999999999999998,3.2857
1988-05-17,2.8999999999999999,3.1714
1988-05-18,0.5,3.2857
1988-05-19,0.10000000000000001,3.3857
1988-05-20,6.2000000000000002,3.6857
1988-05-21,0.20000000000000001,4.0143
1988-05-22,0.20000000000000001,4.0143
1988-05-23,0.20000000000000001,4.2429
1988-05-24,0.20000000000000001,4.4857
1988-05-25,0,4.5857
1988-05-26,0,4.6714
1988-05-27,0,4.5714
1988-05-28,2.3999999999999999,4.4286
1988-05-29,5,4.4571
1988-05-30,7,4.3714
1988-05-31,9,3.9857
1988-06-01,11.4,3.5714
1988-06-02,0,3.2857
1988-06-03,0,3.3429
1988-06-04,0,3.3429
1988-06-05,0,3.3429
1988-06-06,0,3.3286
1988-06-07,0,3.4857
1988-06-08,0,3.7857
1988-06-09,0,3.9286
1988-06-10,0,4.0571
1988-06-11,0,4.1000
1988-06-12,0,3.9857
1988-06-13,0,3.9571
1988-06-14,0,3.9000
1988-06-15,0,4.0714
1988-06-16,0,4.3429
1988-06-17,0,4.3143
1988-06-18,0,4.3286
1988-06-19,0,4.4714
1988-06-20,0,4.3857
1988-06-21,0,4.1143
1988-06-22,0,3.9143
1988-06-23,0,3.8143
1988-06-24,2,3.7000
1988-06-25,2.6000000000000001,3.2714
1988-06-26,1.3999999999999999,2.9143
1988-06-27,3,2.8429
1988-06-28,2.1000000000000001,3.0000
1988-06-29,2.3999999999999999,3.0429
1988-06-30,1.7,2.8857
1988-07-01,3.7999999999999998,2.6571
1988-07-02,7.4000000000000004,2.7714
1988-07-03,14,2.8143
1988-07-04,7.2000000000000002,2.8857
1988-07-05,2.6000000000000001,2.8143
1988-07-06,5.5999999999999996,2.6714
1988-07-07,21,2.5714
1988-07-08,1.2,2.5714
1988-07-09,0,2.6286
1988-07-10,1.3999999999999999,2.6429
1988-07-11,0,2.7857
1988-07-12,0,2.9857
1988-07-13,7.5999999999999996,3.1429
1988-07-14,4.2999999999999998,3.1143
1988-07-15,0,3.2714
1988-07-16,1.1000000000000001,3.2286
1988-07-17,2.3999999999999999,3.2571
1988-07-18,1.6000000000000001,3.1571
1988-07-19,3.2000000000000002,3.0571
1988-07-20,0,2.8714
1988-07-21,0,2.9143
1988-07-22,0,3.0000
1988-07-23,3.7000000000000002,3.3429
1988-07-24,5.0999999999999996,3.6714
1988-07-25,0,3.7571
1988-07-26,9.1999999999999993,3.9429
1988-07-27,3.1000000000000001,4.0857
1988-07-28,0,4.0857
1988-07-29,2.8999999999999999,3.8143
1988-07-30,4.7000000000000002,3.4000
1988-07-31,6.0999999999999996,3.1429
1988-08-01,0,2.9857
1988-08-02,0,2.8714
1988-08-03,0,2.8571
1988-08-04,0,2.8857
1988-08-05,0,3.2000
1988-08-06,0,3.6286
1988-08-07,0,3.6143
1988-08-08,0,3.9571
1988-08-09,0.59999999999999998,4.1143
1988-08-10,0.40000000000000002,4.3000
1988-08-11,1.2,4.2429
1988-08-12,0.80000000000000004,3.9286
1988-08-13,0.40000000000000002,3.5571
1988-08-14,20,3.4857
1988-08-15,7,3.2000
1988-08-16,11.800000000000001,3.1714
1988-08-17,0,3.0000
1988-08-18,0.29999999999999999,3.2571
1988-08-19,0.20000000000000001,3.6571
1988-08-20,0,4.1571
1988-08-21,0.20000000000000001,4.2143
1988-08-22,0,4.1857
1988-08-23,0.20000000000000001,4.1714
1988-08-24,0,4.3143
1988-08-25,18.399999999999999,4.4000
1988-08-26,18,4.3857
1988-08-27,0.29999999999999999,4.2429
1988-08-28,0.20000000000000001,4.3286
1988-08-29,0,4.5143
1988-08-30,0.90000000000000002,4.2000
1988-08-31,0.69999999999999996,3.9143
1988-09-01,16.199999999999999,3.6286
1988-09-02,0,3.6000
1988-09-03,0,3.4857
1988-09-04,0,3.5714
1988-09-05,12,3.4857
1988-09-06,0,3.6571
1988-09-07,5,4.1286
1988-09-08,0,4.3571
1988-09-09,0.69999999999999996,4.2286
1988-09-10,0,4.1857
1988-09-11,0,4.3714
1988-09-12,0,4.6571
1988-09-13,0,4.9286
1988-09-14,0,5.2429
1988-09-15,0,5.5571
1988-09-16,0,5.8143
1988-09-17,0,6.3143
1988-09-18,0,6.4857
1988-09-19,0,6.7857
1988-09-20,0,7.3000
1988-09-21,0,6.9714
1988-09-22,0,6.8714
1988-09-23,0,6.9286
1988-09-24,0,6.8286
1988-09-25,0,6.7571
1988-09-26,6,6.2286
1988-09-27,0,5.9143
1988-09-28,0,6.1286
1988-09-29,0,6.3714
1988-09-30,0,6.5143
1988-10-01,0,6.5714
1988-10-02,0,6.6857
1988-10-03,0,7.0143
1988-10-04,0,7.2429
1988-10-05,0,7.1714
1988-10-06,0,7.1000
1988-10-07,0,7.0429
1988-10-08,0,6.6429
1988-10-09,5,6.5714
1988-10-10,0,6.8429
1988-10-11,0,6.6286
1988-10-12,0,6.5429
1988-10-13,0,6.5857
1988-10-14,0,6.6286
1988-10-15,0,7.0000
1988-10-16,0,7.1286
1988-10-17,0,7.0429
1988-10-18,0,7.3286
1988-10-19,0,7.5429
1988-10-20,0,7.5286
1988-10-21,0,7.5714
1988-10-22,0,7.6714
1988-10-23,0,7.7571
1988-10-24,0,7.8571
1988-10-25,0,7.8143
1988-10-26,0,7.7714
1988-10-27,0,7.8429
1988-10-28,0,7.9000
1988-10-29,0,7.6714
1988-10-30,17,7.2429
1988-10-31,0,6.6714
1988-11-01,3,5.9286
1988-11-02,2,5.3000
1988-11-03,1,4.7429
1988-11-04,2,4.2286
1988-11-05,0,4.1714
1988-11-06,0,4.4429
1988-11-07,2,4.4286
1988-11-08,3,4.7714
1988-11-09,1,5.4571
1988-11-10,1.3999999999999999,5.7571
1988-11-11,0,6.1857
1988-11-12,0,6.2857
1988-11-13,0,6.1000
1988-11-14,0,6.4143
1988-11-15,39,6.5429
1988-11-16,0,6.6143
1988-11-17,0,6.4857
1988-11-18,0,6.4000
1988-11-19,0,6.2571
1988-11-20,0,6.3000
1988-11-21,31.899999999999999,6.2286
1988-11-22,7.4000000000000004,6.2429
1988-11-23,9.8000000000000007,5.8857
1988-11-24,15.199999999999999,5.8714
1988-11-25,21.300000000000001,5.9000
1988-11-26,0,6.0286
1988-11-27,0,6.2429
1988-11-28,0,6.6143
1988-11-29,0,6.8714
1988-11-30,0,7.1571
1988-12-01,0,7.0857
1988-12-02,0,6.9000
1988-12-03,0,6.8143
1988-12-04,0,6.6571
1988-12-05,0,6.5143
1988-12-06,0,6.1714
1988-12-07,0,5.7286
1988-12-08,7,5.8000
1988-12-09,13.6,5.7714
1988-12-10,21,5.7000
1988-12-11,85,5.4857
1988-12-12,20.199999999999999,4.9429
1988-12-13,14.199999999999999,4.4857
1988-12-14,34.600000000000001,4.4000
1988-12-15,9.5,4.5143
1988-12-16,0,4.5429
1988-12-17,0,4.7857
1988-12-18,0,5.1429
1988-12-19,0,5.6143
1988-12-20,5.2000000000000002,6.2286
1988-12-21,9,6.5286
1988-12-22,7,6.5714
1988-12-23,0,6.6286
1988-12-24,0,6.6000
1988-12-25,0,6.6429
1988-12-26,0,6.5429
1988-12-27,0,6.3857
1988-12-28,104,6.1286
1988-12-29,10.199999999999999,5.5571
1988-12-30,64.900000000000006,5.1000
1988-12-31,26.600000000000001,4.6714
1989-01-01,5.2000000000000002,4.5429
1989-01-02,0,4.6429
1989-01-03,18,4.5286
1989-01-04,0,4.5857
1989-01-05,42,4.8857
1989-01-06,0,5.3714
1989-01-07,0,5.8000
1989-01-08,0,5.7286
1989-01-09,0,5.5857
1989-01-10,0,5.8571
1989-01-11,0,5.7000
1989-01-12,0,5.8857
1989-01-13,0,5.8286
1989-01-14,0,5.6000
1989-01-15,0,5.4000
1989-01-16,34,5.1143
1989-01-17,0,4.8857
1989-01-18,0,5.0143
1989-01-19,0,5.2857
1989-01-20,0,5.4571
1989-01-21,0,5.7571
1989-01-22,0,6.1286
1989-01-23,10,6.4714
1989-01-24,0,6.4143
1989-01-25,2,6.2571
1989-01-26,0,5.5857
1989-01-27,0,5.3714
1989-01-28,0,5.2857
1989-01-29,0,5.0857
1989-01-30,20.899999999999999,4.8286
1989-01-31,22,4.8000
1989-02-01,22.399999999999999,4.5714
1989-02-02,17.600000000000001,4.4857
1989-02-03,0,4.2429
1989-02-04,3.7999999999999998,3.9143
1989-02-05,13,3.8000
1989-02-06,0,4.1143
1989-02-07,0,4.3571
1989-02-08,16,4.9571
1989-02-09,0,5.4286
1989-02-10,0,5.7000
1989-02-11,0,6.1143
1989-02-12,0,6.3714
1989-02-13,0,6.2571
1989-02-14,0,6.1286
1989-02-15,0,6.0429
1989-02-16,0,6.0571
1989-02-17,0,6.0714
1989-02-18,0,5.9714
1989-02-19,0,6.0286
1989-02-20,0,6.1571
1989-02-21,0,6.2571
1989-02-22,0,6.5286
1989-02-23,0,6.5000
1989-02-24,0,6.4714
1989-02-25,0,6.3429
1989-02-26,0,6.1714
1989-02-27,0,6.0143
1989-02-28,0,6.0286
1989-03-01,0,5.7857
1989-03-02,0,5.8000
1989-03-03,0,5.8571
1989-03-04,0,5.8429
1989-03-05,30,5.6714
1989-03-06,200,5.2143
1989-03-07,17,4.9714
1989-03-08,10,4.4143
1989-03-09,48,3.8714
1989-03-10,4,3.3000
1989-03-11,2.7999999999999998,3.1143
1989-03-12,5,2.8714
1989-03-13,2,3.1000
1989-03-14,84,2.9714
1989-03-15,0,3.3286
1989-03-16,0,3.8000
1989-03-17,72,4.2429
1989-03-18,0,4.2714
1989-03-19,17,4.4714
1989-03-20,4,4.1857
1989-03-21,69,3.9000
1989-03-22,0,3.7714
1989-03-23,0,3.7429
1989-03-24,0,3.8286
1989-03-25,0,4.0714
1989-03-26,0,4.2429
1989-03-27,0,4.6857
1989-03-28,0,5.2429
1989-03-29,5,5.5286
1989-03-30,9,5.4286
1989-03-31,7,5.2143
1989-04-01,5,4.7714
1989-04-02,2,4.6143
1989-04-03,4,4.4286
1989-04-04,5,3.9714
1989-04-05,10,3.8429
1989-04-06,0,3.8714
1989-04-07,0,3.7714
1989-04-08,0,3.9714
1989-04-09,0,3.9714
1989-04-10,1,4.0143
1989-04-11,11,4.2571
1989-04-12,8,4.3286
1989-04-13,2,4.3857
1989-04-14,0,4.4000
1989-04-15,0,4.2429
1989-04-16,0,4.0286
1989-04-17,2,4.0714
1989-04-18,0,4.0143
1989-04-19,0,3.9143
1989-04-20,0,3.4000
1989-04-21,87.599999999999994,3.1571
1989-04-22,9.8000000000000007,3.2000
1989-04-23,8.1999999999999993,3.2714
1989-04-24,47,2.9429
1989-04-25,0,3.2000
1989-04-26,0.40000000000000002,3.2714
1989-04-27,0,3.6857
1989-04-28,0,4.0286
1989-04-29,0,4.1143
1989-04-30,2,4.0857
1989-05-01,0,4.2571
1989-05-02,0,4.1286
1989-05-03,0,3.9714
1989-05-04,0,3.9429
1989-05-05,0,3.8143
1989-05-06,0,3.8286
1989-05-07,0,3.9571
1989-05-08,0,3.8571
1989-05-09,46.600000000000001,3.5857
1989-05-10,0,3.4857
1989-05-11,0,3.5000
1989-05-12,0,3.5000
1989-05-13,0,3.2857
1989-05-14,0,3.1143
1989-05-15,29.800000000000001,2.9429
1989-05-16,0,2.9857
1989-05-17,0,3.1857
1989-05-18,4,3.2714
1989-05-19,0,3.3714
1989-05-20,0,3.3286
1989-05-21,0,3.2571
1989-05-22,0,3.4286
1989-05-23,0,3.4286
1989-05-24,7,3.2000
1989-05-25,5,2.9143
1989-05-26,9,2.9286
1989-05-27,0,3.1000
1989-05-28,0,3.4286
1989-05-29,2.3999999999999999,3.3286
1989-05-30,0,3.3857
1989-05-31,0,3.5286
1989-06-01,0,3.7571
1989-06-02,0,3.7429
1989-06-03,0,3.7714
1989-06-04,0,3.4714
1989-06-05,21.399999999999999,3.3143
1989-06-06,0,3.3714
1989-06-07,0,3.4000
1989-06-08,0,3.2571
1989-06-09,0,3.2143
1989-06-10,8,3.3429
1989-06-11,0,3.5000
1989-06-12,0,4.0429
1989-06-13,0,3.9714
1989-06-14,0,3.7857
1989-06-15,0,3.6571
1989-06-16,5,3.5000
1989-06-17,7.5999999999999996,3.2571
1989-06-18,4.2000000000000002,3.1000
1989-06-19,0,2.8714
1989-06-20,0,2.8429
1989-06-21,0,3.1000
1989-06-22,0,3.3857
1989-06-23,0,3.4857
1989-06-24,13.800000000000001,3.5286
1989-06-25,0,3.7429
1989-06-26,0,3.6429
1989-06-27,6.4000000000000004,3.5286
1989-06-28,0,3.1286
1989-06-29,0,2.9571
1989-06-30,0,2.8429
1989-07-01,0,2.9714
1989-07-02,0,2.7571
1989-07-03,0,2.8571
1989-07-04,0,2.9143
1989-07-05,0,3.0857
1989-07-06,0,3.0857
1989-07-07,8,2.9286
1989-07-08,7,2.6143
1989-07-09,2.3999999999999999,2.5714
1989-07-10,0,2.5857
1989-07-11,0,2.7286
1989-07-12,0,2.7000
1989-07-13,0,2.7429
1989-07-14,0,2.9429
1989-07-15,0,3.2286
1989-07-16,0,3.2714
1989-07-17,0,3.2429
1989-07-18,0,3.3286
1989-07-19,0,3.5286
1989-07-20,0,3.5857
1989-07-21,0,3.6857
1989-07-22,0,3.6571
1989-07-23,0,3.8286
1989-07-24,0,4.0000
1989-07-25,0,4.1000
1989-07-26,0,3.9857
1989-07-27,0,3.9429
1989-07-28,4.7999999999999998,3.7000
1989-07-29,0,3.6857
1989-07-30,2.6000000000000001,3.5286
1989-07-31,0,3.5714
1989-08-01,0,3.4571
1989-08-02,0,3.5286
1989-08-03,0,3.6429
1989-08-04,0,4.1429
1989-08-05,0,4.5857
1989-08-06,0,4.7857
1989-08-07,0,4.8429
1989-08-08,0,5.0143
1989-08-09,0,5.0286
1989-08-10,0,4.9143
1989-08-11,0,4.5571
1989-08-12,0,4.2429
1989-08-13,0,4.2000
1989-08-14,0,4.0286
1989-08-15,0,3.7857
1989-08-16,1,3.6286
1989-08-17,4.5999999999999996,3.7000
1989-08-18,0,4.2000
1989-08-19,0,4.4286
1989-08-20,2,4.3571
1989-08-21,0,4.4286
1989-08-22,0,4.5857
1989-08-23,0,4.6571
1989-08-24,0,4.6286
1989-08-25,0,4.3286
1989-08-26,0,4.2857
1989-08-27,0,4.5143
1989-08-28,3.5,4.4143
1989-08-29,0,4.2571
1989-08-30,0,4.4286
1989-08-31,0,4.6714
1989-09-01,0,4.9714
1989-09-02,0,4.9714
1989-09-03,0,4.9714
1989-09-04,0,5.0571
1989-09-05,0,5.3714
1989-09-06,0,5.3571
1989-09-07,0,5.0143
1989-09-08,0,4.5429
1989-09-09,0,4.2000
1989-09-10,0,4.2143
1989-09-11,0,4.4143
1989-09-12,0,4.3571
1989-09-13,0,4.7571
1989-09-14,0,4.9143
1989-09-15,0,5.3143
1989-09-16,0,5.8714
1989-09-17,0,6.0714
1989-09-18,0,6.4429
1989-09-19,0,7.0000
1989-09-20,0,7.1286
1989-09-21,0,7.7714
1989-09-22,0,7.9714
1989-09-23,0,7.9286
1989-09-24,0,8.1571
1989-09-25,0,8.1143
1989-09-26,0,7.7286
1989-09-27,0,7.2857
1989-09-28,0,6.8143
1989-09-29,0,6.6857
1989-09-30,3.2000000000000002,6.4571
1989-10-01,0,6.1571
1989-10-02,0,5.9143
1989-10-03,0,5.9429
1989-10-04,0,6.2000
1989-10-05,0,6.4571
1989-10-06,0,6.6286
1989-10-07,0,7.1714
1989-10-08,0,7.2571
1989-10-09,0,7.4000
1989-10-10,0,7.3286
1989-10-11,0,7.4000
1989-10-12,0,7.1714
1989-10-13,0,7.0143
1989-10-14,0,6.6429
1989-10-15,0,6.6857
1989-10-16,0,6.5857
1989-10-17,0,6.6571
1989-10-18,0,6.5857
1989-10-19,0,6.7571
1989-10-20,0,6.9286
1989-10-21,0,6.9857
1989-10-22,0,7.0714
1989-10-23,0,7.0857
1989-10-24,0,7.1143
1989-10-25,0,7.1286
1989-10-26,0,7.3000
1989-10-27,16,7.2000
1989-10-28,3.3999999999999999,7.2000
1989-10-29,0,6.5571
1989-10-30,0,6.4714
1989-10-31,0,6.6286
1989-11-01,0,6.8286
1989-11-02,0,6.6286
1989-11-03,0,6.6429
1989-11-04,14,6.5714
1989-11-05,0,6.9143
1989-11-06,0,6.7286
1989-11-07,2.2000000000000002,6.5286
1989-11-08,0,6.1714
1989-11-09,0,5.9143
1989-11-10,0,5.8286
1989-11-11,0,5.8143
1989-11-12,0,6.0571
1989-11-13,0,6.4714
1989-11-14,0,6.5714
1989-11-15,0,6.8000
1989-11-16,0,7.1857
1989-11-17,0,7.3429
1989-11-18,0,7.5143
1989-11-19,0,7.2286
1989-11-20,0,7.0000
1989-11-21,75,6.2143
1989-11-22,30,5.4571
1989-11-23,28,4.7571
1989-11-24,53,4.4286
1989-11-25,0,4.0143
1989-11-26,0,4.1571
1989-11-27,17,3.9429
1989-11-28,4,4.1857
1989-11-29,0,4.5714
1989-11-30,0,4.8000
1989-12-01,0,4.7857
1989-12-02,0,4.9714
1989-12-03,0,5.0571
1989-12-04,0,5.4143
1989-12-05,0,5.8143
1989-12-06,0,6.0571
1989-12-07,0,6.4571
1989-12-08,0,6.6714
1989-12-09,0,6.7571
1989-12-10,0,6.8000
1989-12-11,0,6.7571
1989-12-12,0,6.8714
1989-12-13,0,7.1000
1989-12-14,0,6.9857
1989-12-15,57,6.7571
1989-12-16,60,6.1714
1989-12-17,11,5.7857
1989-12-18,0,5.8000
1989-12-19,0,5.7286
1989-12-20,0,5.5000
1989-12-21,0,5.7429
1989-12-22,0,6.0000
1989-12-23,0,6.6143
1989-12-24,0,6.9571
1989-12-25,0,7.0571
1989-12-26,0,7.1857
1989-12-27,0,7.3000
1989-12-28,0,7.2571
1989-12-29,6.2000000000000002,7.3714
1989-12-30,0,7.3714
1989-12-31,0,7.4429
1990-01-01,0,7.3857
1990-01-02,0,7.4286
1990-01-03,0,7.2286
1990-01-04,0,7.1000
1990-01-05,0,6.9714
1990-01-06,0,6.9571
1990-01-07,0,6.8286
1990-01-08,0,6.8571
1990-01-09,9,6.5714
1990-01-10,1.2,6.4429
1990-01-11,0,6.1000
1990-01-12,0,5.9286
1990-01-13,6,5.9429
1990-01-14,0,6.0571
1990-01-15,0,5.8571
1990-01-16,0,5.9714
1990-01-17,8.1999999999999993,5.8286
1990-01-18,0,6.1143
1990-01-19,0,6.4000
1990-01-20,0,6.4714
1990-01-21,0,6.2429
1990-01-22,8.5999999999999996,6.0429
1990-01-23,6.5999999999999996,6.0571
1990-01-24,2,6.3714
1990-01-25,6,6.4286
1990-01-26,0,6.4286
1990-01-27,0,6.4429
1990-01-28,0,6.9571
1990-01-29,0,7.5429
1990-01-30,3,7.2000
1990-01-31,0,7.1429
1990-02-01,0,7.2286
1990-02-02,0,7.5000
1990-02-03,0,7.9857
1990-02-04,0,8.1429
1990-02-05,0,8.2429
1990-02-06,0,8.9143
1990-02-07,0,9.3286
1990-02-08,0,9.4000
1990-02-09,0,9.2286
1990-02-10,0,8.8714
1990-02-11,0,8.7286
1990-02-12,0,8.6286
1990-02-13,0,8.2429
1990-02-14,50,8.0000
1990-02-15,0,7.9429
1990-02-16,0,7.7857
1990-02-17,0,7.7000
1990-02-18,0,7.3714
1990-02-19,0,7.0857
1990-02-20,0,6.9143
1990-02-21,0.40000000000000002,6.7571
1990-02-22,0,6.5714
1990-02-23,2,6.1857
1990-02-24,0,6.0000
1990-02-25,0,5.9000
1990-02-26,0,5.8857
1990-02-27,0,6.0429
1990-02-28,0,5.9143
1990-03-01,0,5.6571
1990-03-02,0,5.5286
1990-03-03,0,5.1429
1990-03-04,40.399999999999999,4.7429
1990-03-05,9.4000000000000004,4.6000
1990-03-06,0,4.2429
1990-03-07,0,4.1857
1990-03-08,9.0999999999999996,4.4429
1990-03-09,0,4.5286
1990-03-10,0,4.9714
1990-03-11,0,5.4857
1990-03-12,0,5.7429
1990-03-13,0,6.2143
1990-03-14,0,6.2143
1990-03-15,0,6.1286
1990-03-16,0,6.5286
1990-03-17,4.2000000000000002,6.2143
1990-03-18,127,5.5286
1990-03-19,0,4.7000
1990-03-20,0,4.0286
1990-03-21,38,3.6429
1990-03-22,0,3.1857
1990-03-23,100,2.5143
1990-03-24,35,2.4857
1990-03-25,0,3.0571
1990-03-26,0,3.7143
1990-03-27,0,3.9714
1990-03-28,0,4.3000
1990-03-29,38,4.4857
1990-03-30,4.7000000000000002,4.5286
1990-03-31,0,4.5857
1990-04-01,20,4.2429
1990-04-02,39,3.9286
1990-04-03,20,3.9714
1990-04-04,19,4.1714
1990-04-05,17.399999999999999,4.3000
1990-04-06,0,4.6429
1990-04-07,0,4.7429
1990-04-08,6,4.8429
1990-04-09,3,4.8429
1990-04-10,0,4.8571
1990-04-11,0,4.6714
1990-04-12,0,4.6000
1990-04-13,7,4.4714
1990-04-14,3.3999999999999999,4.2857
1990-04-15,2,4.2000
1990-04-16,5,4.1429
1990-04-17,4.9000000000000004,3.8000
1990-04-18,28,3.2857
1990-04-19,38,2.9714
1990-04-20,0,2.9143
1990-04-21,0,3.0857
1990-04-22,0,3.3286
1990-04-23,0,3.5000
1990-04-24,0,3.8857
1990-04-25,0,4.5000
1990-04-26,0,4.9571
1990-04-27,0,5.1857
1990-04-28,0,5.1286
1990-04-29,0,5.0429
1990-04-30,0,5.0429
1990-05-01,10,4.8286
1990-05-02,7,4.3286
1990-05-03,12,3.8286
1990-05-04,13,3.3714
1990-05-05,4,2.9714
1990-05-06,7,2.7714
1990-05-07,2.3999999999999999,2.5286
1990-05-08,3,2.6429
1990-05-09,15.6,2.9143
1990-05-10,14,2.9571
1990-05-11,17,3.0286
1990-05-12,5,3.1714
1990-05-13,4.4000000000000004,3.0714
1990-05-14,2,3.0857
1990-05-15,2.1000000000000001,3.0571
1990-05-16,1.1000000000000001,3.0000
1990-05-17,2,3.1571
1990-05-18,0,3.3857
1990-05-19,0,3.5857
1990-05-20,0,3.7143
1990-05-21,0,3.6857
1990-05-22,4,3.3000
1990-05-23,20,3.1429
1990-05-24,2.3999999999999999,3.1286
1990-05-25,3,2.7714
1990-05-26,4.5999999999999996,2.3000
1990-05-27,3.7999999999999998,2.0429
1990-05-28,2.7999999999999998,1.9429
1990-05-29,0,2.3000
1990-05-30,0,2.7286
1990-05-31,0,2.7000
1990-06-01,0,2.8857
1990-06-02,0,3.1857
1990-06-03,4.2000000000000002,3.2286
1990-06-04,3,3.2714
1990-06-05,0,2.8286
1990-06-06,0,2.3714
1990-06-07,0,2.3714
1990-06-08,0,2.4571
1990-06-09,0,2.4429
1990-06-10,2,2.4571
1990-06-11,2.5,2.6714
1990-06-12,0,2.9429
1990-06-13,0,3.0286
1990-06-14,0,2.9714
1990-06-15,0,2.8429
1990-06-16,0,2.9000
1990-06-17,0,2.9857
1990-06-18,0,2.9571
1990-06-19,0,3.2571
1990-06-20,0,3.4286
1990-06-21,0,3.3143
1990-06-22,0,3.2286
1990-06-23,0,3.1571
1990-06-24,0,3.1714
1990-06-25,0,3.2143
1990-06-26,0,3.2286
1990-06-27,0,3.3143
1990-06-28,0,3.6571
1990-06-29,0,3.9000
1990-06-30,0,3.8714
1990-07-01,0,3.9286
1990-07-02,0,3.7286
1990-07-03,0,3.8286
1990-07-04,20,3.8714
1990-07-05,9.8000000000000007,3.8429
1990-07-06,0,3.7714
1990-07-07,0,3.7714
1990-07-08,0,3.4286
1990-07-09,0,3.2857
1990-07-10,7.5999999999999996,2.7571
1990-07-11,4,2.4286
1990-07-12,0,2.2857
1990-07-13,0,2.0857
1990-07-14,0,1.9143
1990-07-15,0,2.2143
1990-07-16,0,2.5286
1990-07-17,3,2.7857
1990-07-18,5.2000000000000002,3.0571
1990-07-19,0,3.2143
1990-07-20,0,3.3000
1990-07-21,0,3.3571
1990-07-22,0,3.3714
1990-07-23,0,3.4143
1990-07-24,0,3.4714
1990-07-25,0,3.1857
1990-07-26,0,3.0143
1990-07-27,0,3.2143
1990-07-28,0,3.4286
1990-07-29,0,3.3857
1990-07-30,0,3.4429
1990-07-31,0,3.4286
1990-08-01,0,3.6000
1990-08-02,0,4.0714
1990-08-03,0,4.3714
1990-08-04,0,4.5714
1990-08-05,0,4.8143
1990-08-06,0,4.8857
1990-08-07,0,5.0571
1990-08-08,0,5.2000
1990-08-09,0,5.0857
1990-08-10,0,5.0286
1990-08-11,0,5.1571
1990-08-12,0,5.1000
1990-08-13,0,5.1143
1990-08-14,0,5.2143
1990-08-15,0,5.3714
1990-08-16,0,5.7286
1990-08-17,0,5.8571
1990-08-18,0,5.8857
1990-08-19,0,6.0000
1990-08-20,0,6.0429
1990-08-21,0,6.0571
1990-08-22,0,6.1571
1990-08-23,0,6.0714
1990-08-24,0,6.2143
1990-08-25,0,6.0571
1990-08-26,0,6.1143
1990-08-27,0,6.0286
1990-08-28,0,5.8286
1990-08-29,0,5.6714
1990-08-30,5,5.3000
1990-08-31,0,5.0286
1990-09-01,0,5.1286
1990-09-02,0,4.9571
1990-09-03,0,5.0000
1990-09-04,0,5.3286
1990-09-05,0,5.4000
1990-09-06,0,5.4714
1990-09-07,0,5.3714
1990-09-08,2.2999999999999998,5.2571
1990-09-09,0,5.3000
1990-09-10,0,5.2429
1990-09-11,0,4.9000
1990-09-12,0,4.8571
1990-09-13,0,5.0857
1990-09-14,0,5.4571
1990-09-15,0,5.8286
1990-09-16,0,6.1857
1990-09-17,0,6.1857
1990-09-18,11.5,6.0429
1990-09-19,2,5.6857
1990-09-20,0,5.3286
1990-09-21,0,4.8857
1990-09-22,0,4.4714
1990-09-23,0,4.1857
1990-09-24,10,4.3143
1990-09-25,4,4.6286
1990-09-26,0,4.9429
1990-09-27,0,5.1429
1990-09-28,0,5.4143
1990-09-29,0,5.3429
1990-09-30,9.1999999999999993,5.1571
1990-10-01,0,4.9143
1990-10-02,4.5,4.9000
1990-10-03,0,5.2000
1990-10-04,0,5.3000
1990-10-05,0,5.4000
1990-10-06,0,5.8714
1990-10-07,0,6.4429
1990-10-08,0,6.8857
1990-10-09,0,7.0429
1990-10-10,0,7.1143
1990-10-11,0,7.2571
1990-10-12,0,7.5429
1990-10-13,0,7.6429
1990-10-14,0,7.4571
1990-10-15,0,7.3143
1990-10-16,0,7.4286
1990-10-17,0,7.3286
1990-10-18,0,7.3286
1990-10-19,0,7.0714
1990-10-20,0,6.8143
1990-10-21,0,6.7286
1990-10-22,0,6.6571
1990-10-23,0,6.6714
1990-10-24,0,6.5571
1990-10-25,0,6.4714
1990-10-26,0,6.5000
1990-10-27,0,6.6429
1990-10-28,0,6.8000
1990-10-29,0,6.9857
1990-10-30,0,6.8286
1990-10-31,0,7.0000
1990-11-01,0,7.1857
1990-11-02,0,7.3429
1990-11-03,0,7.3714
1990-11-04,0,7.3571
1990-11-05,0,7.3714
1990-11-06,0,7.5000
1990-11-07,0,7.5429
1990-11-08,0,7.5286
1990-11-09,0,7.4429
1990-11-10,0,7.5857
1990-11-11,0,7.8429
1990-11-12,0,7.7714
1990-11-13,0,7.4429
1990-11-14,0,7.3000
1990-11-15,0,7.2714
1990-11-16,0,7.2571
1990-11-17,0,7.3286
1990-11-18,0,7.5571
1990-11-19,0,8.1714
1990-11-20,0,8.5429
1990-11-21,0,8.2571
1990-11-22,0,8.2571
1990-11-23,0,8.3571
1990-11-24,0,8.2571
1990-11-25,0,7.8000
1990-11-26,0,7.3571
1990-11-27,0,7.0714
1990-11-28,0,7.4714
1990-11-29,0,7.4571
1990-11-30,0,7.3429
1990-12-01,0,7.1571
1990-12-02,0,7.1714
1990-12-03,0,7.0000
1990-12-04,23,7.1000
1990-12-05,9.8000000000000007,6.9000
1990-12-06,0,6.8143
1990-12-07,0,6.7000
1990-12-08,0,6.8571
1990-12-09,0,6.7857
1990-12-10,0,6.6571
1990-12-11,0,6.5143
1990-12-12,0,6.7286
1990-12-13,0,6.8429
1990-12-14,0,6.9286
1990-12-15,0,6.7429
1990-12-16,0,6.8000
1990-12-17,0,6.6429
1990-12-18,0,6.8429
1990-12-19,0,6.5000
1990-12-20,0,6.4286
1990-12-21,0,6.1857
1990-12-22,0,5.5714
1990-12-23,51,4.8143
1990-12-24,94,4.4429
1990-12-25,39,3.8429
1990-12-26,0,3.8857
1990-12-27,0,3.7571
1990-12-28,0,3.8000
1990-12-29,0,4.2429
1990-12-30,7,4.7429
1990-12-31,17,5.0000
1991-01-01,9,5.2857
1991-01-02,18,5.1857
1991-01-03,108.40000000000001,4.8714
1991-01-04,20,4.9714
1991-01-05,10,4.8571
1991-01-06,18,4.9143
1991-01-07,26,4.9000
1991-01-08,44,5.0286
1991-01-09,12.4,4.9714
1991-01-10,150,4.7857
1991-01-11,20,4.1857
1991-01-12,30,3.8714
1991-01-13,49,3.4571
1991-01-14,76,3.2286
1991-01-15,12.800000000000001,2.8429
1991-01-16,17,2.6571
1991-01-17,9,2.7571
1991-01-18,15,2.9429
1991-01-19,55,3.2286
1991-01-20,7,3.6857
1991-01-21,17,3.9714
1991-01-22,0,4.3429
1991-01-23,7,4.7857
1991-01-24,20,4.9429
1991-01-25,14,4.9286
1991-01-26,90,4.7857
1991-01-27,24,4.6571
1991-01-28,0.5,4.9000
1991-01-29,0.80000000000000004,4.8286
1991-01-30,51.200000000000003,4.6857
1991-01-31,0,4.6000
1991-02-01,125,4.3429
1991-02-02,58.299999999999997,4.2143
1991-02-03,0,3.8000
1991-02-04,5.4000000000000004,3.5571
1991-02-05,0,3.5286
1991-02-06,2,3.3714
1991-02-07,10.1,3.3857
1991-02-08,0,3.8429
1991-02-09,0,4.3143
1991-02-10,13,4.7571
1991-02-11,6.7999999999999998,4.5000
1991-02-12,10.6,4.2571
1991-02-13,17.199999999999999,4.2143
1991-02-14,19.100000000000001,4.3000
1991-02-15,97.799999999999997,4.2286
1991-02-16,38,3.6286
1991-02-17,9.4000000000000004,3.1000
1991-02-18,17,3.4000
1991-02-19,8,3.4286
1991-02-20,39,3.2286
1991-02-21,0,2.9714
1991-02-22,0,2.9286
1991-02-23,0,3.3000
1991-02-24,15,3.6857
1991-02-25,30.399999999999999,3.3857
1991-02-26,0,3.5429
1991-02-27,21,3.8571
1991-02-28,0,4.1857
1991-03-01,0,4.3714
1991-03-02,0,4.6143
1991-03-03,0,4.6571
1991-03-04,0,5.0286
1991-03-05,0,5.0286
1991-03-06,0,5.2286
1991-03-07,0,4.9714
1991-03-08,0,5.0286
1991-03-09,0,5.1143
1991-03-10,0,5.0714
1991-03-11,0,5.2857
1991-03-12,0,5.5571
1991-03-13,0,5.4429
1991-03-14,0,5.3429
1991-03-15,0,5.2429
1991-03-16,0,5.1000
1991-03-17,0,5.3286
1991-03-18,0,5.2857
1991-03-19,0,5.2429
1991-03-20,0,5.5143
1991-03-21,0,6.0000
1991-03-22,0,6.1000
1991-03-23,0,6.1286
1991-03-24,0,5.6571
1991-03-25,0,5.6000
1991-03-26,0,5.6000
1991-03-27,0,5.4571
1991-03-28,0,5.5143
1991-03-29,4,5.5000
1991-03-30,0,5.4714
1991-03-31,0,5.9000
1991-04-01,0,5.9429
1991-04-02,0,5.8286
1991-04-03,0,5.6857
1991-04-04,0,5.3429
1991-04-05,8.5999999999999996,5.0429
1991-04-06,0,4.7000
1991-04-07,0,4.4143
1991-04-08,7,4.1571
1991-04-09,9,4.0000
1991-04-10,4,3.9857
1991-04-11,0,4.0857
1991-04-12,0,4.1143
1991-04-13,0,4.3429
1991-04-14,4,4.4714
1991-04-15,14,4.6714
1991-04-16,12,4.6714
1991-04-17,1,4.6429
1991-04-18,9,4.4571
1991-04-19,0,4.0857
1991-04-20,0,3.6000
1991-04-21,0,3.1857
1991-04-22,0,2.7143
1991-04-23,0,2.7000
1991-04-24,3,2.6143
1991-04-25,5,2.8714
1991-04-26,0,3.2714
1991-04-27,0,3.6714
1991-04-28,7,4.0714
1991-04-29,0,4.4286
1991-04-30,0,4.3000
1991-05-01,7,4.2429
1991-05-02,0,3.9286
1991-05-03,4,3.9429
1991-05-04,5,3.9143
1991-05-05,0,3.7857
1991-05-06,23,3.6286
1991-05-07,0,3.6143
1991-05-08,3,3.7143
1991-05-09,8.0999999999999996,3.7429
1991-05-10,11,3.6857
1991-05-11,2,3.6857
1991-05-12,5,3.7571
1991-05-13,4,3.6429
1991-05-14,2,3.4286
1991-05-15,1,3.1857
1991-05-16,3.2000000000000002,3.3429
1991-05-17,3,3.3571
1991-05-18,6,3.2571
1991-05-19,2,2.9429
1991-05-20,2.3999999999999999,3.0714
1991-05-21,1.6000000000000001,3.4143
1991-05-22,3,3.5429
1991-05-23,3.1000000000000001,3.4143
1991-05-24,5,3.3286
1991-05-25,2,3.1143
1991-05-26,4,3.2429
1991-05-27,1,3.1000
1991-05-28,3,3.0714
1991-05-29,6,3.0000
1991-05-30,2,2.9286
1991-05-31,3.3999999999999999,2.7571
1991-06-01,9,2.9000
1991-06-02,8,2.8571
1991-06-03,5,2.9714
1991-06-04,6,2.7571
1991-06-05,4,2.8714
1991-06-06,0,3.0286
1991-06-07,2,3.3143
1991-06-08,0,3.6714
1991-06-09,0,4.0714
1991-06-10,0,4.2714
1991-06-11,0,4.6000
1991-06-12,0,4.6571
1991-06-13,0,4.7000
1991-06-14,0,4.6857
1991-06-15,0,4.4857
1991-06-16,0,4.3286
1991-06-17,0,4.2857
1991-06-18,0,4.3143
1991-06-19,0,4.0714
1991-06-20,0,3.8571
1991-06-21,0,3.7143
1991-06-22,0,3.6429
1991-06-23,0,3.5714
1991-06-24,0,3.3857
1991-06-25,0,3.2000
1991-06-26,0,3.2571
1991-06-27,0,3.4000
1991-06-28,0,3.4857
1991-06-29,0,3.4286
1991-06-30,0,3.4571
1991-07-01,0,3.4286
1991-07-02,0,3.3714
1991-07-03,0,3.3000
1991-07-04,0,3.2000
1991-07-05,0,3.1000
1991-07-06,0,3.1429
1991-07-07,0,3.1571
1991-07-08,0,3.2000
1991-07-09,0,3.4143
1991-07-10,0,3.7000
1991-07-11,0,4.0000
1991-07-12,0,4.2286
1991-07-13,0,4.5143
1991-07-14,0,4.6286
1991-07-15,0,4.8429
1991-07-16,0,4.7571
1991-07-17,0,4.6429
1991-07-18,0,4.4857
1991-07-19,0,4.2429
1991-07-20,0,3.9286
1991-07-21,0,3.8429
1991-07-22,0,3.8000
1991-07-23,0,3.9286
1991-07-24,0,4.1143
1991-07-25,0,4.1571
1991-07-26,0,4.4714
1991-07-27,0,4.5429
1991-07-28,0,4.4286
1991-07-29,0,4.4571
1991-07-30,0,4.4429
1991-07-31,0,4.3429
1991-08-01,0,4.3714
1991-08-02,0,4.4286
1991-08-03,0,4.4143
1991-08-04,0,4.4857
1991-08-05,0,4.5143
1991-08-06,0,4.4857
1991-08-07,0,4.5143
1991-08-08,0,4.4857
1991-08-09,0,4.6286
1991-08-10,0,4.7143
1991-08-11,4.5,4.5571
1991-08-12,3.8999999999999999,4.2714
1991-08-13,0,4.1143
1991-08-14,0,4.1143
1991-08-15,0,4.0286
1991-08-16,0,3.6571
1991-08-17,0,3.6714
1991-08-18,0,3.8143
1991-08-19,0,3.6714
1991-08-20,0,3.7571
1991-08-21,0,3.7571
1991-08-22,0,3.9143
1991-08-23,0,3.6429
1991-08-24,0,3.6429
1991-08-25,0,3.5286
1991-08-26,0,3.6857
1991-08-27,0,3.8429
1991-08-28,0,3.7000
1991-08-29,0,3.5857
1991-08-30,0,4.0000
1991-08-31,0,4.1286
1991-09-01,0,4.5714
1991-09-02,0,4.8571
1991-09-03,0,4.9000
1991-09-04,0,5.2286
1991-09-05,0,5.4429
1991-09-06,0,5.6000
1991-09-07,0,5.6857
1991-09-08,0,5.5714
1991-09-09,0,5.5857
1991-09-10,0,5.6286
1991-09-11,0,5.8286
1991-09-12,0,6.1857
1991-09-13,0,6.4429
1991-09-14,0,6.6429
1991-09-15,0,6.6571
1991-09-16,0,6.8429
1991-09-17,0,7.1143
1991-09-18,0,7.1286
1991-09-19,0,7.1143
1991-09-20,0,7.1857
1991-09-21,0,7.1286
1991-09-22,0,7.4143
1991-09-23,0,7.5571
1991-09-24,0,7.6571
1991-09-25,0,7.6286
1991-09-26,0,7.5000
1991-09-27,0,7.4000
1991-09-28,0,7.4143
1991-09-29,0,7.4429
1991-09-30,0,7.5429
1991-10-01,0,7.3571
1991-10-02,0,7.3429
1991-10-03,0,7.3286
1991-10-04,0,7.1857
1991-10-05,0,7.2286
1991-10-06,0,7.1286
1991-10-07,0,6.8857
1991-10-08,0,6.9857
1991-10-09,0,7.2571
1991-10-10,0,7.7286
1991-10-11,0,7.7429
1991-10-12,0,7.7143
1991-10-13,0,7.7429
1991-10-14,0,7.8429
1991-10-15,7.0999999999999996,7.7286
1991-10-16,0,7.5429
1991-10-17,0,7.1000
1991-10-18,0,7.0857
1991-10-19,0,7.1000
1991-10-20,0,7.1143
1991-10-21,0,7.0286
1991-10-22,0,7.1429
1991-10-23,0,7.2000
1991-10-24,0,7.2143
1991-10-25,0,7.3286
1991-10-26,0,7.3000
1991-10-27,0,7.3714
1991-10-28,0,7.4143
1991-10-29,0,7.2714
1991-10-30,0.40000000000000002,6.8143
1991-10-31,0,6.7429
1991-11-01,0,6.6286
1991-11-02,0,6.7000
1991-11-03,0,6.5714
1991-11-04,0,6.6143
1991-11-05,0,6.8571
1991-11-06,0,7.4571
1991-11-07,0,7.6000
1991-11-08,0,7.8000
1991-11-09,0,7.7857
1991-11-10,0,7.8714
1991-11-11,0,7.8714
1991-11-12,0,7.7429
1991-11-13,0,7.4714
1991-11-14,9.1999999999999993,7.6000
1991-11-15,1,7.6143
1991-11-16,1.2,7.2429
1991-11-17,68,6.8429
1991-11-18,6,6.7143
1991-11-19,26,6.6714
1991-11-20,17.899999999999999,6.6429
1991-11-21,0,6.3286
1991-11-22,9.1999999999999993,6.0429
1991-11-23,1,6.0857
1991-11-24,1.2,6.2000
1991-11-25,0,6.1714
1991-11-26,0,6.0429
1991-11-27,0,6.0286
1991-11-28,0,5.9714
1991-11-29,0,5.9714
1991-11-30,0,5.9714
1991-12-01,2,6.0000
1991-12-02,25,6.1429
1991-12-03,0,6.2571
1991-12-04,6,6.4714
1991-12-05,0,6.6429
1991-12-06,0,6.9143
1991-12-07,0,7.1857
1991-12-08,0,7.3286
1991-12-09,0,7.0286
1991-12-10,32.399999999999999,6.7857
1991-12-11,30,6.4286
1991-12-12,0,6.3429
1991-12-13,0,6.3429
1991-12-14,0,6.4571
1991-12-15,0,6.4143
1991-12-16,0,6.7000
1991-12-17,6.7999999999999998,6.6857
1991-12-18,26.600000000000001,6.8857
1991-12-19,0,6.8000
1991-12-20,38.399999999999999,6.5857
1991-12-21,0,6.4143
1991-12-22,9,6.6429
1991-12-23,0,6.8857
1991-12-24,0,7.0286
1991-12-25,0,6.9286
1991-12-26,0,7.0429
1991-12-27,0,7.1857
1991-12-28,0,7.3143
1991-12-29,0,7.1714
1991-12-30,0,6.9857
1991-12-31,0,7.0857
1992-01-01,31.600000000000001,7.1429
1992-01-02,8.4000000000000004,7.1143
1992-01-03,0,6.9857
1992-01-04,0,6.8286
1992-01-05,18.199999999999999,6.9571
1992-01-06,0,6.9286
1992-01-07,0,6.8429
1992-01-08,17.399999999999999,6.7429
1992-01-09,0,6.6143
1992-01-10,0,6.4286
1992-01-11,0,6.4714
1992-01-12,0,6.3286
1992-01-13,0,6.4286
1992-01-14,0,6.7000
1992-01-15,0,6.7857
1992-01-16,3.8999999999999999,6.8857
1992-01-17,0,7.1857
1992-01-18,0,7.1857
1992-01-19,2.7999999999999998,7.2143
1992-01-20,0,7.0714
1992-01-21,0,6.8143
1992-01-22,4.9000000000000004,6.6429
1992-01-23,0,6.3429
1992-01-24,0,6.1286
1992-01-25,0,6.1429
1992-01-26,0,6.1571
1992-01-27,0,6.1571
1992-01-28,0,6.0714
1992-01-29,0,6.1714
1992-01-30,7,6.3857
1992-01-31,18,6.4143
1992-02-01,0,6.3857
1992-02-02,0,6.1857
1992-02-03,0,6.1000
1992-02-04,0,5.9714
1992-02-05,0,5.8714
1992-02-06,0,5.3857
1992-02-07,0,4.9286
1992-02-08,49,4.5857
1992-02-09,45,4.4714
1992-02-10,2,4.6000
1992-02-11,0,4.8714
1992-02-12,0,5.1714
1992-02-13,0,5.6857
1992-02-14,0,6.1143
1992-02-15,0,6.4429
1992-02-16,0,6.6286
1992-02-17,0,6.5143
1992-02-18,0,6.2857
1992-02-19,12.199999999999999,6.1143
1992-02-20,0,6.2286
1992-02-21,0,6.2714
1992-02-22,0,6.3000
1992-02-23,0,6.2143
1992-02-24,5,6.0000
1992-02-25,0,5.8571
1992-02-26,0,5.5000
1992-02-27,12.6,5.1286
1992-02-28,0,4.8143
1992-02-29,10.5,4.3857
1992-03-01,0,4.4000
1992-03-02,10,4.3571
1992-03-03,0,4.6714
1992-03-04,13,4.8857
1992-03-05,0,5.2286
1992-03-06,0,5.4857
1992-03-07,0,5.7571
1992-03-08,0,5.7571
1992-03-09,0,5.9286
1992-03-10,0,5.8286
1992-03-11,5,5.9143
1992-03-12,6.9000000000000004,5.7429
1992-03-13,0,5.8000
1992-03-14,0,5.8429
1992-03-15,0,5.8143
1992-03-16,0,5.8857
1992-03-17,0,6.1429
1992-03-18,0,6.3286
1992-03-19,0,6.4429
1992-03-20,0,6.3429
1992-03-21,0,6.1857
1992-03-22,0,6.3143
1992-03-23,0,6.1714
1992-03-24,0,5.8857
1992-03-25,0,5.6429
1992-03-26,0,5.6000
1992-03-27,0,5.6429
1992-03-28,0,5.8143
1992-03-29,0,5.5857
1992-03-30,3.3999999999999999,5.3714
1992-03-31,3,5.1714
1992-04-01,0,4.9286
1992-04-02,2,4.7714
1992-04-03,4,4.5429
1992-04-04,3,4.2143
1992-04-05,5.9000000000000004,4.0571
1992-04-06,0,4.2143
1992-04-07,6,4.3000
1992-04-08,7,4.4714
1992-04-09,5,4.4000
1992-04-10,3,4.2714
1992-04-11,5,4.2429
1992-04-12,2,4.2143
1992-04-13,2,4.0429
1992-04-14,1,3.9714
1992-04-15,1.8999999999999999,3.7714
1992-04-16,7,3.6714
1992-04-17,2,3.8000
1992-04-18,0,3.7857
1992-04-19,0,3.9429
1992-04-20,3.8999999999999999,4.1000
1992-04-21,0,4.2000
1992-04-22,0,4.4000
1992-04-23,0,4.5714
1992-04-24,0,4.5857
1992-04-25,0,4.7143
1992-04-26,0,4.6286
1992-04-27,0,4.5857
1992-04-28,0,4.5143
1992-04-29,0,4.3857
1992-04-30,0,4.2000
1992-05-01,0,4.1286
1992-05-02,9.5999999999999996,4.0857
1992-05-03,0,4.0286
1992-05-04,7,3.9429
1992-05-05,5.4000000000000004,3.7857
1992-05-06,0,3.6286
1992-05-07,2.2000000000000002,3.4857
1992-05-08,5,3.2571
1992-05-09,10,3.1571
1992-05-10,0,3.2000
1992-05-11,0,3.1429
1992-05-12,9,3.1857
1992-05-13,0,3.1000
1992-05-14,0,3.2143
1992-05-15,0,3.4571
1992-05-16,0,3.5714
1992-05-17,7,3.6000
1992-05-18,5.2000000000000002,3.6143
1992-05-19,0,3.6286
1992-05-20,3,3.8429
1992-05-21,0,3.9000
1992-05-22,0,3.9286
1992-05-23,0,3.9429
1992-05-24,4,3.6000
1992-05-25,2,3.6000
1992-05-26,0,3.6143
1992-05-27,3,3.5429
1992-05-28,0,3.4857
1992-05-29,0,3.3143
1992-05-30,0,3.2286
1992-05-31,0,3.3429
1992-06-01,0,3.2000
1992-06-02,0,3.0571
1992-06-03,0,3.0857
1992-06-04,0,2.9714
1992-06-05,0,2.9714
1992-06-06,0,3.0143
1992-06-07,0,3.2286
1992-06-08,0,3.3571
1992-06-09,0,3.5143
1992-06-10,0,3.5714
1992-06-11,0,3.7857
1992-06-12,0,3.8143
1992-06-13,0,3.7286
1992-06-14,0,3.5714
1992-06-15,0,3.6857
1992-06-16,0,3.6571
1992-06-17,0,3.6143
1992-06-18,0,3.5143
1992-06-19,0,3.7429
1992-06-20,0,3.7571
1992-06-21,0,3.9429
1992-06-22,0,3.7857
1992-06-23,0,3.8286
1992-06-24,0,3.8000
1992-06-25,0,3.8286
1992-06-26,0,3.5714
1992-06-27,0,3.6429
1992-06-28,0,3.6000
1992-06-29,0,3.8571
1992-06-30,0,3.7571
1992-07-01,0,3.6857
1992-07-02,0,3.6286
1992-07-03,0,3.5714
1992-07-04,0,3.4143
1992-07-05,0,3.3143
1992-07-06,0,3.1286
1992-07-07,0,3.1714
1992-07-08,0,3.3857
1992-07-09,0,3.3857
1992-07-10,0,3.5143
1992-07-11,0,3.5429
1992-07-12,0,3.4000
1992-07-13,9,3.0571
1992-07-14,1.3999999999999999,2.9286
1992-07-15,12.199999999999999,2.7714
1992-07-16,5.4000000000000004,2.7429
1992-07-17,0,2.6714
1992-07-18,4,2.6429
1992-07-19,0,2.8857
1992-07-20,3.2000000000000002,3.2571
1992-07-21,0,3.6571
1992-07-22,4,3.7429
1992-07-23,3,3.5000
1992-07-24,6,3.4571
1992-07-25,5,3.4286
1992-07-26,2,3.2429
1992-07-27,2,3.0857
1992-07-28,2.2000000000000002,2.6714
1992-07-29,0,2.4714
1992-07-30,0,2.7429
1992-07-31,0,2.8571
1992-08-01,0,2.9714
1992-08-02,0,3.1286
1992-08-03,0,3.1429
1992-08-04,0,3.3000
1992-08-05,0,3.5571
1992-08-06,0,3.5857
1992-08-07,0,3.7571
1992-08-08,0,4.0143
1992-08-09,0,4.5000
1992-08-10,0,4.8714
1992-08-11,0,4.9000
1992-08-12,0,5.1000
1992-08-13,0,5.3143
1992-08-14,0,5.4714
1992-08-15,0,5.4000
1992-08-16,0,5.1571
1992-08-17,0,5.1286
1992-08-18,0,5.2857
1992-08-19,0,5.3000
1992-08-20,0,5.0286
1992-08-21,0,4.6571
1992-08-22,0,4.4714
1992-08-23,0,4.1714
1992-08-24,0,4.0857
1992-08-25,0,3.9000
1992-08-26,0,3.7000
1992-08-27,0,4.1429
1992-08-28,0,4.5857
1992-08-29,0,5.1286
1992-08-30,0,5.6857
1992-08-31,0,5.7571
1992-09-01,0,6.0571
1992-09-02,0,6.3857
1992-09-03,0,6.3857
1992-09-04,0,6.2571
1992-09-05,0,6.0714
1992-09-06,0,5.8571
1992-09-07,0,5.9857
1992-09-08,0,6.1143
1992-09-09,0,6.3143
1992-09-10,0,6.2143
1992-09-11,44.399999999999999,6.0571
1992-09-12,9.8000000000000007,5.7571
1992-09-13,3.6000000000000001,5.6429
1992-09-14,6.2000000000000002,5.3857
1992-09-15,0,5.3143
1992-09-16,9,5.0286
1992-09-17,0,5.2429
1992-09-18,0,5.6000
1992-09-19,0,5.9714
1992-09-20,0,6.4571
1992-09-21,0,6.5714
1992-09-22,0,6.2286
1992-09-23,0,6.2000
1992-09-24,0,6.1571
1992-09-25,0,6.1714
1992-09-26,0,6.2000
1992-09-27,0,5.9714
1992-09-28,0,6.1857
1992-09-29,0,6.6143
1992-09-30,0,6.7286
1992-10-01,0,6.6571
1992-10-02,0,6.6429
1992-10-03,0,6.6571
1992-10-04,0,6.5143
1992-10-05,0,6.5286
1992-10-06,0,6.5571
1992-10-07,0,6.6429
1992-10-08,0,6.7429
1992-10-09,0,6.7857
1992-10-10,0,6.7143
1992-10-11,0,6.9143
1992-10-12,0,6.8286
1992-10-13,0,6.7429
1992-10-14,0,6.5571
1992-10-15,0,6.5429
1992-10-16,0,6.5429
1992-10-17,0,6.6571
1992-10-18,0,6.7000
1992-10-19,0,6.7571
1992-10-20,0,6.7143
1992-10-21,0,6.9429
1992-10-22,0,7.0000
1992-10-23,0,6.9714
1992-10-24,0,6.6714
1992-10-25,3,6.5714
1992-10-26,0,6.7143
1992-10-27,2.1000000000000001,6.9571
1992-10-28,2.8999999999999999,6.9286
1992-10-29,0,6.9429
1992-10-30,0,7.0286
1992-10-31,0,7.2429
1992-11-01,0,7.0286
1992-11-02,0,6.8857
1992-11-03,0,6.8000
1992-11-04,0,6.7286
1992-11-05,0,6.8286
1992-11-06,0,7.1857
1992-11-07,0,7.2143
1992-11-08,0,7.4000
1992-11-09,0,7.4429
1992-11-10,0,7.5000
1992-11-11,0,7.7143
1992-11-12,0,8.2286
1992-11-13,0,7.7714
1992-11-14,0,7.8714
1992-11-15,0,7.9571
1992-11-16,0,8.0571
1992-11-17,0,8.1143
1992-11-18,0,8.0000
1992-11-19,0,7.5571
1992-11-20,0,8.1571
1992-11-21,0,8.2714
1992-11-22,10,8.3857
1992-11-23,0,8.5286
1992-11-24,0,8.7429
1992-11-25,5,8.6143
1992-11-26,0,8.4714
1992-11-27,12,7.9143
1992-11-28,0,7.9286
1992-11-29,0,8.0429
1992-11-30,0,8.3857
1992-12-01,0,8.6286
1992-12-02,0,8.7714
1992-12-03,0,8.5714
1992-12-04,0,8.4429
1992-12-05,0,8.2571
1992-12-06,0,7.8000
1992-12-07,44,7.1714
1992-12-08,0,6.6000
1992-12-09,0,6.6000
1992-12-10,0,6.8714
1992-12-11,0,7.0857
1992-12-12,0,7.2000
1992-12-13,0,7.2429
1992-12-14,0,7.2857
1992-12-15,0,7.4000
1992-12-16,0,7.1571
1992-12-17,0,6.9857
1992-12-18,0,6.2857
1992-12-19,25,5.4143
1992-12-20,10,4.9000
1992-12-21,20,4.4143
1992-12-22,19,3.9571
1992-12-23,0,3.6857
1992-12-24,0,3.1429
1992-12-25,7,3.1571
1992-12-26,8,3.4429
1992-12-27,2,3.6571
1992-12-28,0,3.7429
1992-12-29,0,4.0571
1992-12-30,0,4.4000
1992-12-31,0,5.0143
1993-01-01,0,5.3286
1993-01-02,8,5.7429
1993-01-03,0,6.1429
1993-01-04,0,6.6714
1993-01-05,0,6.5429
1993-01-06,0,6.3429
1993-01-07,0,5.7000
1993-01-08,0,5.4714
1993-01-09,5,5.2143
1993-01-10,0,5.2286
1993-01-11,29,4.9143
1993-01-12,16,4.6571
1993-01-13,0,4.6000
1993-01-14,0,4.9286
1993-01-15,0,5.4143
1993-01-16,0,5.4571
1993-01-17,0,5.1857
1993-01-18,34.399999999999999,4.9857
1993-01-19,2.2000000000000002,5.1571
1993-01-20,0,5.2143
1993-01-21,0,5.2714
1993-01-22,0,5.2000
1993-01-23,0,5.3286
1993-01-24,0,5.2286
1993-01-25,0,5.3429
1993-01-26,0,5.4143
1993-01-27,10,5.3286
1993-01-28,8,5.2857
1993-01-29,7.2999999999999998,4.8857
1993-01-30,12.9,4.3286
1993-01-31,35.5,4.0714
1993-02-01,15.800000000000001,3.7714
1993-02-02,8.4000000000000004,3.5143
1993-02-03,5.7999999999999998,3.3714
1993-02-04,0,3.3714
1993-02-05,23.399999999999999,3.3143
1993-02-06,0,3.6714
1993-02-07,0,4.0000
1993-02-08,0,4.2571
1993-02-09,0,4.5143
1993-02-10,0,4.6857
1993-02-11,4,4.5286
1993-02-12,7,4.8429
1993-02-13,5,4.9571
1993-02-14,4,5.1286
1993-02-15,3,5.1286
1993-02-16,12,4.8143
1993-02-17,0,4.7714
1993-02-18,0,4.6714
1993-02-19,0,4.5429
1993-02-20,10,4.5857
1993-02-21,9,4.5000
1993-02-22,10.9,4.4714
1993-02-23,4.5,4.4143
1993-02-24,0,4.4000
1993-02-25,5.4000000000000004,4.8571
1993-02-26,0,5.1143
1993-02-27,0,5.1429
1993-02-28,14,5.2714
1993-03-01,5,5.4714
1993-03-02,0,6.2143
1993-03-03,0,6.4714
1993-03-04,25.5,6.3143
1993-03-05,0,6.2857
1993-03-06,0,6.1571
1993-03-07,3,6.1857
1993-03-08,2,6.2286
1993-03-09,0,5.9429
1993-03-10,7,6.0000
1993-03-11,0,6.0857
1993-03-12,0,6.0429
1993-03-13,0,6.2000
1993-03-14,0,6.1857
1993-03-15,0,6.2143
1993-03-16,0,6.2857
1993-03-17,0,6.4143
1993-03-18,0,6.5143
1993-03-19,0,6.5286
1993-03-20,0,6.4714
1993-03-21,0,6.4000
1993-03-22,0,6.4143
1993-03-23,0,6.1429
1993-03-24,0,5.6429
1993-03-25,0,5.3571
1993-03-26,0,5.3143
1993-03-27,0,5.2714
1993-03-28,6,5.3857
1993-03-29,4,5.3429
1993-03-30,0,5.4714
1993-03-31,0,5.6714
1993-04-01,0,5.8714
1993-04-02,5,5.9143
1993-04-03,0,5.9857
1993-04-04,0,5.8000
1993-04-05,5,5.4714
1993-04-06,0,5.2286
1993-04-07,8,5.3000
1993-04-08,3,5.2714
1993-04-09,4.5999999999999996,5.2286
1993-04-10,0,5.0429
1993-04-11,0,4.9286
1993-04-12,0,5.0143
1993-04-13,0,5.0000
1993-04-14,9,4.9286
1993-04-15,8,4.8000
1993-04-16,9.4000000000000004,4.7143
1993-04-17,17,4.6000
1993-04-18,10,4.4857
1993-04-19,9,4.4143
1993-04-20,5,4.4429
1993-04-21,4,4.1429
1993-04-22,6.4000000000000004,3.9571
1993-04-23,0,3.7286
1993-04-24,16.600000000000001,3.6429
1993-04-25,0,3.7143
1993-04-26,0,3.7857
1993-04-27,0,3.6714
1993-04-28,0,3.6857
1993-04-29,19.399999999999999,3.7714
1993-04-30,0,3.8286
1993-05-01,3,3.8714
1993-05-02,0,3.8143
1993-05-03,5,3.7286
1993-05-04,7,3.6000
1993-05-05,0,3.7000
1993-05-06,0,3.6143
1993-05-07,4,3.7000
1993-05-08,0,3.6857
1993-05-09,0,3.6857
1993-05-10,0,3.5857
1993-05-11,9,3.7143
1993-05-12,2,3.5857
1993-05-13,4,3.7143
1993-05-14,3,3.6857
1993-05-15,2,3.7714
1993-05-16,0.10000000000000001,3.6714
1993-05-17,1.3,3.6571
1993-05-18,0,3.6000
1993-05-19,3,3.6143
1993-05-20,2,3.3714
1993-05-21,2,3.2000
1993-05-22,4,3.0714
1993-05-23,0,3.0714
1993-05-24,2,3.0429
1993-05-25,3,2.9571
1993-05-26,7,3.0571
1993-05-27,3,3.1286
1993-05-28,4,3.1286
1993-05-29,2,3.1143
1993-05-30,1,3.1857
1993-05-31,3,3.2000
1993-06-01,0,3.2143
1993-06-02,5,3.1000
1993-06-03,2,3.0286
1993-06-04,4,3.1286
1993-06-05,3.2000000000000002,3.1571
1993-06-06,2,3.0571
1993-06-07,0,3.0714
1993-06-08,2,3.3000
1993-06-09,5,3.2571
1993-06-10,0,3.1429
1993-06-11,7,3.1286
1993-06-12,0,3.2429
1993-06-13,3,3.4857
1993-06-14,2,3.4143
1993-06-15,2,3.1571
1993-06-16,3,3.0714
1993-06-17,5.4000000000000004,3.1000
1993-06-18,0,2.9857
1993-06-19,0,2.8429
1993-06-20,4.5999999999999996,2.8000
1993-06-21,2,2.8571
1993-06-22,1.3999999999999999,3.0143
1993-06-23,6,3.0429
1993-06-24,5,2.9857
1993-06-25,2,2.9429
1993-06-26,4.5999999999999996,2.9000
1993-06-27,3,2.7286
1993-06-28,7,2.7571
1993-06-29,0,2.6429
1993-06-30,3,2.6286
1993-07-01,2,2.7000
1993-07-02,4,2.9000
1993-07-03,0,2.9429
1993-07-04,3,2.8714
1993-07-05,2,2.7857
1993-07-06,0,2.7286
1993-07-07,4.5999999999999996,2.7429
1993-07-08,7.2000000000000002,2.6143
1993-07-09,8,2.2714
1993-07-10,5,2.2286
1993-07-11,0,2.4286
1993-07-12,0,2.6714
1993-07-13,0,2.9286
1993-07-14,0,3.2429
1993-07-15,0,3.5571
1993-07-16,0,3.9429
1993-07-17,3,3.8571
1993-07-18,2.5,3.7143
1993-07-19,1,3.3857
1993-07-20,4,3.1571
1993-07-21,0,2.8143
1993-07-22,0,2.5000
1993-07-23,0,2.3000
1993-07-24,2,2.4143
1993-07-25,1,2.5000
1993-07-26,3,2.7857
1993-07-27,0,3.0143
1993-07-28,0,3.1857
1993-07-29,0,3.6143
1993-07-30,0,3.9143
1993-07-31,0,4.0857
1993-08-01,0,4.2000
1993-08-02,0,4.2143
1993-08-03,0,4.1429
1993-08-04,0,4.0714
1993-08-05,0,3.9571
1993-08-06,0,3.8429
1993-08-07,0,3.7857
1993-08-08,0,3.7000
1993-08-09,0,3.7143
1993-08-10,0,3.7857
1993-08-11,0,3.9714
1993-08-12,0,3.9857
1993-08-13,0,3.9714
1993-08-14,0,3.8571
1993-08-15,1.2,3.8857
1993-08-16,0,3.7429
1993-08-17,0,3.7571
1993-08-18,0,3.5714
1993-08-19,1.2,3.6000
1993-08-20,10,3.5000
1993-08-21,7.4000000000000004,3.5571
1993-08-22,11.199999999999999,3.4714
1993-08-23,0,3.5000
1993-08-24,2.3999999999999999,3.3286
1993-08-25,0,3.3571
1993-08-26,0,3.3571
1993-08-27,0,3.3429
1993-08-28,0,3.4857
1993-08-29,0,3.5714
1993-08-30,0,3.5857
1993-08-31,0,3.7571
1993-09-01,0,4.0286
1993-09-02,2.6000000000000001,4.0143
1993-09-03,3,4.3286
1993-09-04,3.6000000000000001,4.2714
1993-09-05,6.4000000000000004,4.3857
1993-09-06,7,4.5000
1993-09-07,0,4.6429
1993-09-08,0,4.5286
1993-09-09,0,4.6571
1993-09-10,0,4.7000
1993-09-11,0,4.8857
1993-09-12,0,4.9857
1993-09-13,0,5.1286
1993-09-14,0,5.0571
1993-09-15,0,5.1286
1993-09-16,0,5.1286
1993-09-17,13.4,5.1286
1993-09-18,0,5.2429
1993-09-19,0,5.5143
1993-09-20,0,5.7571
1993-09-21,0,6.0000
1993-09-22,0,6.3143
1993-09-23,0,6.3429
1993-09-24,0,6.3000
1993-09-25,0,6.0000
1993-09-26,0,5.7714
1993-09-27,0,5.7143
1993-09-28,3,5.3286
1993-09-29,10.199999999999999,4.8714
1993-09-30,0,4.6857
1993-10-01,0,4.7000
1993-10-02,0,4.9714
1993-10-03,0,5.0429
1993-10-04,0,4.9286
1993-10-05,0,5.2143
1993-10-06,0,5.6571
1993-10-07,0,5.9857
1993-10-08,0,6.1571
1993-10-09,0,6.3143
1993-10-10,0,6.4714
1993-10-11,0,6.9714
1993-10-12,0,7.0857
1993-10-13,0,6.9857
1993-10-14,0,7.0143
1993-10-15,0,6.7571
1993-10-16,0,6.7143
1993-10-17,0,6.7286
1993-10-18,0,6.4714
1993-10-19,0,6.5143
1993-10-20,0,6.6571
1993-10-21,0,6.7286
1993-10-22,0,6.9286
1993-10-23,7.9000000000000004,6.5714
1993-10-24,0,6.4714
1993-10-25,0,6.4714
1993-10-26,0,6.7000
1993-10-27,0,6.9429
1993-10-28,0,6.9857
1993-10-29,0,7.2714
1993-10-30,0,7.6143
1993-10-31,0,7.7286
1993-11-01,0,7.5714
1993-11-02,0,7.2429
1993-11-03,0,6.9857
1993-11-04,0,7.0857
1993-11-05,0,6.9429
1993-11-06,0,7.1429
1993-11-07,0,7.1429
1993-11-08,0,7.1714
1993-11-09,0,7.2429
1993-11-10,0,7.2000
1993-11-11,0,7.2143
1993-11-12,0,7.1000
1993-11-13,0,6.8143
1993-11-14,0,6.7571
1993-11-15,0,6.8429
1993-11-16,0,6.8857
1993-11-17,0,7.0286
1993-11-18,0,6.9000
1993-11-19,0,7.0857
1993-11-20,0,7.4143
1993-11-21,0,7.4714
1993-11-22,0,7.6429
1993-11-23,0,7.5571
1993-11-24,20,7.2286
1993-11-25,105,7.0857
1993-11-26,22,6.8429
1993-11-27,2,6.7143
1993-11-28,2,6.7286
1993-11-29,0,6.6429
1993-11-30,0,6.7571
1993-12-01,0,6.7714
1993-12-02,0,6.7571
1993-12-03,0,6.9286
1993-12-04,22,6.8714
1993-12-05,0,6.8571
1993-12-06,0,6.4000
1993-12-07,0,6.3429
1993-12-08,0,6.3286
1993-12-09,0,6.1429
1993-12-10,0,5.8714
1993-12-11,0,5.7286
1993-12-12,0,5.4286
1993-12-13,0,5.7143
1993-12-14,0,5.4571
1993-12-15,0,5.5857
1993-12-16,0,6.1143
1993-12-17,0,6.4429
1993-12-18,0,6.3286
1993-12-19,0,6.3571
1993-12-20,7,6.3571
1993-12-21,6.4000000000000004,6.6571
1993-12-22,0,6.7286
1993-12-23,0,6.5571
1993-12-24,0,6.5143
1993-12-25,0,6.9000
1993-12-26,0,7.4143
1993-12-27,0,7.4857
1993-12-28,9.5999999999999996,7.4286
1993-12-29,19,6.9286
1993-12-30,0,6.3714
1993-12-31,0,5.8286
1994-01-01,0,5.6429
1994-01-02,0,5.5429
1994-01-03,0,5.7000
1994-01-04,0,6.1571
1994-01-05,0,7.0000
1994-01-06,0,8.0429
1994-01-07,15,8.8286
1994-01-08,0,9.1571
1994-01-09,0,9.1857
1994-01-10,0,9.1143
1994-01-11,0,8.6714
1994-01-12,0,8.2857
1994-01-13,0,7.6857
1994-01-14,0,7.5000
1994-01-15,0,7.2714
1994-01-16,0,7.1429
1994-01-17,0,7.2000
1994-01-18,0,7.4429
1994-01-19,0,7.7571
1994-01-20,0,8.0286
1994-01-21,34.399999999999999,7.9857
1994-01-22,2.3999999999999999,7.9286
1994-01-23,0,7.6286
1994-01-24,0,7.4571
1994-01-25,3.2000000000000002,7.3857
1994-01-26,0,7.2143
1994-01-27,0,6.7714
1994-01-28,9.4000000000000004,6.6286
1994-01-29,0,6.1571
1994-01-30,0,5.5714
1994-01-31,0,4.7571
1994-02-01,0,4.0143
1994-02-02,42.600000000000001,3.9571
1994-02-03,0.5,4.2286
1994-02-04,0,4.1000
1994-02-05,0,4.3286
1994-02-06,9.4000000000000004,4.8714
1994-02-07,0,5.5857
1994-02-08,0,6.1429
1994-02-09,2.8999999999999999,5.8571
1994-02-10,32,5.5143
1994-02-11,0,5.4714
1994-02-12,0.29999999999999999,5.5286
1994-02-13,0,5.6857
1994-02-14,0,5.5286
1994-02-15,18.899999999999999,5.3143
1994-02-16,19,5.4429
1994-02-17,7,5.5714
1994-02-18,19,5.4286
1994-02-19,18.600000000000001,5.0571
1994-02-20,35.600000000000001,4.9714
1994-02-21,0,4.9143
1994-02-22,0,4.6857
1994-02-23,7.9000000000000004,4.4571
1994-02-24,32.399999999999999,4.3571
1994-02-25,18,4.2429
1994-02-26,0,4.5000
1994-02-27,11.800000000000001,4.3429
1994-02-28,14,4.4714
1994-03-01,0,4.6714
1994-03-02,9,4.6714
1994-03-03,13,4.8000
1994-03-04,0,5.1286
1994-03-05,0,5.3143
1994-03-06,6.5999999999999996,5.3286
1994-03-07,4.2000000000000002,5.2143
1994-03-08,0,5.2857
1994-03-09,0,5.4143
1994-03-10,0,5.3000
1994-03-11,0,5.1857
1994-03-12,0,5.0286
1994-03-13,7,4.9143
1994-03-14,4,5.1714
1994-03-15,2,4.9714
1994-03-16,4,4.9714
1994-03-17,4.0999999999999996,4.9571
1994-03-18,0,4.9857
1994-03-19,0,4.9143
1994-03-20,0,4.8143
1994-03-21,0,4.5714
1994-03-22,0,4.6571
1994-03-23,1,4.5714
1994-03-24,2,4.6571
1994-03-25,4,4.4714
1994-03-26,1.2,4.5857
1994-03-27,3.2000000000000002,4.6571
1994-03-28,0,4.6429
1994-03-29,0,4.6429
1994-03-30,0,4.6714
1994-03-31,0,4.6286
1994-04-01,0,4.6857
1994-04-02,3,4.6286
1994-04-03,2.2000000000000002,4.6429
1994-04-04,4,4.5429
1994-04-05,7,4.4571
1994-04-06,3,4.3000
1994-04-07,7,4.2000
1994-04-08,9,4.3571
1994-04-09,22,4.2286
1994-04-10,0,4.2571
1994-04-11,0,4.3714
1994-04-12,0,4.6714
1994-04-13,0,4.9714
1994-04-14,6,5.2000
1994-04-15,3,5.3571
1994-04-16,2,5.3571
1994-04-17,2,5.4143
1994-04-18,0,5.3714
1994-04-19,0,5.1143
1994-04-20,0,4.7714
1994-04-21,0,4.5571
1994-04-22,0,4.3286
1994-04-23,0,4.3000
1994-04-24,0,4.2143
1994-04-25,23,4.1000
1994-04-26,4.7999999999999998,3.9571
1994-04-27,6,3.7571
1994-04-28,28.899999999999999,3.6000
1994-04-29,0,3.5286
1994-04-30,0,3.5143
1994-05-01,0,3.4000
1994-05-02,0,3.3429
1994-05-03,7,3.3000
1994-05-04,5,3.3714
1994-05-05,11,3.2857
1994-05-06,8,3.1000
1994-05-07,4,3.1000
1994-05-08,0,3.2000
1994-05-09,0,3.2429
1994-05-10,0,3.1429
1994-05-11,3,3.1429
1994-05-12,2,3.1429
1994-05-13,2.3999999999999999,3.0714
1994-05-14,3,2.9429
1994-05-15,0,2.7571
1994-05-16,0,2.8143
1994-05-17,2.7999999999999998,2.9143
1994-05-18,4,2.9143
1994-05-19,2,3.0286
1994-05-20,1,3.2286
1994-05-21,0,3.2429
1994-05-22,0,3.2857
1994-05-23,0,3.2429
1994-05-24,0,3.2857
1994-05-25,3,3.3857
1994-05-26,2,3.4143
1994-05-27,0,3.3286
1994-05-28,0,3.4714
1994-05-29,0,3.4714
1994-05-30,2.3999999999999999,3.4429
1994-05-31,3,3.4857
1994-06-01,0,3.4000
1994-06-02,0,3.3714
1994-06-03,0,3.2857
1994-06-04,0,3.1857
1994-06-05,0,3.1857
1994-06-06,0,2.9286
1994-06-07,0,2.7714
1994-06-08,0,2.8571
1994-06-09,0,2.8429
1994-06-10,0,3.0143
1994-06-11,0,3.0286
1994-06-12,0,3.0714
1994-06-13,0,3.2571
1994-06-14,0,3.2286
1994-06-15,0,3.2143
1994-06-16,0,3.2286
1994-06-17,0,3.3429
1994-06-18,0,3.2571
1994-06-19,0,3.2000
1994-06-20,0,3.2429
1994-06-21,0,3.4143
1994-06-22,0,3.4000
1994-06-23,0,3.2714
1994-06-24,0,3.1000
1994-06-25,0,3.3143
1994-06-26,0,3.3286
1994-06-27,0,3.4429
1994-06-28,0,3.5571
1994-06-29,0,3.5429
1994-06-30,0,3.5857
1994-07-01,0,3.3571
1994-07-02,0,3.2571
1994-07-03,10,3.0714
1994-07-04,13.800000000000001,2.8714
1994-07-05,10,2.5571
1994-07-06,0,2.4714
1994-07-07,0,2.4000
1994-07-08,0,2.4714
1994-07-09,0,2.3429
1994-07-10,0,2.5143
1994-07-11,0,2.6000
1994-07-12,0,2.8000
1994-07-13,0,2.9429
1994-07-14,0,3.1286
1994-07-15,0,3.3000
1994-07-16,0,3.3143
1994-07-17,0,3.5000
1994-07-18,0,3.6714
1994-07-19,0,3.6857
1994-07-20,0,3.5143
1994-07-21,0,3.3571
1994-07-22,3,3.2857
1994-07-23,4,3.3714
1994-07-24,0,3.3429
1994-07-25,0,2.9429
1994-07-26,7,2.7857
1994-07-27,0,2.9286
1994-07-28,0,3.0429
1994-07-29,0,2.9571
1994-07-30,0,3.0143
1994-07-31,0,3.0714
1994-08-01,0,3.3000
1994-08-02,0,3.2286
1994-08-03,0,3.1429
1994-08-04,0,3.2286
1994-08-05,0,3.4857
1994-08-06,0,3.5286
1994-08-07,0,3.5143
1994-08-08,0,3.6143
1994-08-09,0,4.1714
1994-08-10,0,4.4000
1994-08-11,0,4.4714
1994-08-12,0,4.1571
1994-08-13,2.5,4.1286
1994-08-14,0,4.1429
1994-08-15,0,4.2000
1994-08-16,0,4.0000
1994-08-17,7,3.8143
1994-08-18,3,3.8000
1994-08-19,4,4.1429
1994-08-20,3.6000000000000001,4.1286
1994-08-21,7.4000000000000004,4.0571
1994-08-22,0,3.8714
1994-08-23,0,3.6714
1994-08-24,0,3.8000
1994-08-25,1.3999999999999999,3.7571
1994-08-26,3,3.5429
1994-08-27,0,3.4857
1994-08-28,4,3.4143
1994-08-29,7.5999999999999996,3.6143
1994-08-30,0,3.7143
1994-08-31,0,3.6429
1994-09-01,5.2000000000000002,3.7714
1994-09-02,0,3.9571
1994-09-03,4.2000000000000002,3.9857
1994-09-04,4.9000000000000004,4.1429
1994-09-05,0.29999999999999999,4.0571
1994-09-06,0,4.0857
1994-09-07,0,4.4000
1994-09-08,0,4.3857
1994-09-09,0,4.6143
1994-09-10,0,4.9286
1994-09-11,0.90000000000000002,5.0571
1994-09-12,1.3999999999999999,5.0714
1994-09-13,0,5.1714
1994-09-14,0,5.1000
1994-09-15,0,5.3000
1994-09-16,0,5.3571
1994-09-17,0,5.4857
1994-09-18,0,5.5143
1994-09-19,0,5.7286
1994-09-20,0,5.8571
1994-09-21,0,5.8714
1994-09-22,0,5.8571
1994-09-23,0,5.8000
1994-09-24,0,5.6571
1994-09-25,0,5.7429
1994-09-26,0,6.1857
1994-09-27,0,6.5143
1994-09-28,0,6.9000
1994-09-29,0,6.8571
1994-09-30,0,7.0857
1994-10-01,0,7.2857
1994-10-02,0,7.5000
1994-10-03,0,7.1714
1994-10-04,0,6.9429
1994-10-05,0,6.7143
1994-10-06,0,6.9857
1994-10-07,0,6.8857
1994-10-08,0,6.7571
1994-10-09,0,6.6000
1994-10-10,0,6.5000
1994-10-11,0,6.4714
1994-10-12,0,6.5429
1994-10-13,0,6.3571
1994-10-14,0,6.2571
1994-10-15,0,6.1714
1994-10-16,0,6.1571
1994-10-17,0,6.3429
1994-10-18,0,6.4571
1994-10-19,0,6.6143
1994-10-20,0,6.5286
1994-10-21,0,6.8857
1994-10-22,0,7.2714
1994-10-23,0,7.3000
1994-10-24,2,7.1857
1994-10-25,3,6.7286
1994-10-26,1,6.2286
1994-10-27,0,6.2000
1994-10-28,0,6.0000
1994-10-29,0,5.9000
1994-10-30,10,5.9429
1994-10-31,6,5.7571
1994-11-01,0,6.1571
1994-11-02,0,6.4714
1994-11-03,0,6.5429
1994-11-04,0,6.4429
1994-11-05,0,6.6000
1994-11-06,0,7.1143
1994-11-07,0,7.7714
1994-11-08,0,7.9714
1994-11-09,0,8.3286
1994-11-10,0,8.4571
1994-11-11,0,8.6286
1994-11-12,0,8.3857
1994-11-13,0,7.9000
1994-11-14,0,7.5429
1994-11-15,0,7.4429
1994-11-16,0,7.3000
1994-11-17,0,7.3143
1994-11-18,0,7.2429
1994-11-19,0,7.3286
1994-11-20,0,7.3714
1994-11-21,0,7.6143
1994-11-22,0,7.5714
1994-11-23,0,7.5000
1994-11-24,0,7.4143
1994-11-25,2,7.3000
1994-11-26,1,7.3714
1994-11-27,3,7.2714
1994-11-28,0,6.8000
1994-11-29,1,6.4429
1994-11-30,0,6.1571
1994-12-01,0,6.0857
1994-12-02,0,6.0714
1994-12-03,0,5.8000
1994-12-04,0,5.7857
1994-12-05,0,5.9571
1994-12-06,0,5.8857
1994-12-07,0,6.0000
1994-12-08,0,6.0571
1994-12-09,0,6.1429
1994-12-10,0,6.4286
1994-12-11,0,6.4857
1994-12-12,0,6.6286
1994-12-13,4,7.1429
1994-12-14,5,6.9714
1994-12-15,4,6.7571
1994-12-16,2,6.7143
1994-12-17,0,6.6429
1994-12-18,0,6.6857
1994-12-19,0,6.6857
1994-12-20,0,6.3857
1994-12-21,0,6.5000
1994-12-22,7.9000000000000004,6.6143
1994-12-23,9.4000000000000004,6.5429
1994-12-24,0,6.3429
1994-12-25,0,6.1571
1994-12-26,8,5.7000
1994-12-27,25,5.8286
1994-12-28,4.0999999999999996,5.8429
1994-12-29,0,5.9429
1994-12-30,0,6.1000
1994-12-31,0,6.2571
1995-01-01,0,6.3714
1995-01-02,0,6.6571
1995-01-03,0,6.7857
1995-01-04,0,6.8286
1995-01-05,0,6.6143
1995-01-06,0,6.4714
1995-01-07,0,6.4714
1995-01-08,0,6.6429
1995-01-09,0,6.7429
1995-01-10,0,6.7714
1995-01-11,0,6.9000
1995-01-12,0,7.1286
1995-01-13,0,7.0857
1995-01-14,0,6.9143
1995-01-15,0,6.6286
1995-01-16,0,6.6571
1995-01-17,0,6.7143
1995-01-18,0,6.6286
1995-01-19,35,6.2143
1995-01-20,0,6.1000
1995-01-21,0,5.8143
1995-01-22,42,5.7857
1995-01-23,0,5.5000
1995-01-24,0,5.1000
1995-01-25,0,5.0714
1995-01-26,0,5.5286
1995-01-27,0,5.7857
1995-01-28,0,6.2429
1995-01-29,0,6.6286
1995-01-30,0,7.0000
1995-01-31,0,7.4286
1995-02-01,9.1999999999999993,7.3571
1995-02-02,0,7.3143
1995-02-03,42,7.2857
1995-02-04,1.3999999999999999,7.3000
1995-02-05,0,7.0857
1995-02-06,0,6.6429
1995-02-07,32.200000000000003,6.1714
1995-02-08,0,6.0714
1995-02-09,2.3999999999999999,6.0429
1995-02-10,0,5.7143
1995-02-11,17.600000000000001,5.0143
1995-02-12,34.399999999999999,4.6143
1995-02-13,10,4.2571
1995-02-14,44.200000000000003,4.2571
1995-02-15,33.600000000000001,4.2714
1995-02-16,0,4.0143
1995-02-17,0,4.4000
1995-02-18,0,4.9429
1995-02-19,0,5.0857
1995-02-20,11.199999999999999,5.6286
1995-02-21,0,5.9143
1995-02-22,0,6.1286
1995-02-23,0,6.3571
1995-02-24,53.399999999999999,5.6286
1995-02-25,68.599999999999994,4.9286
1995-02-26,84.400000000000006,4.3571
1995-02-27,15,4.0571
1995-02-28,3.6000000000000001,3.6571
1995-03-01,5.5999999999999996,3.0143
1995-03-02,6.9000000000000004,2.9000
1995-03-03,0,3.1000
1995-03-04,0,3.5000
1995-03-05,0,3.7143
1995-03-06,0,3.8286
1995-03-07,0,3.9286
1995-03-08,19.199999999999999,4.1857
1995-03-09,5.2000000000000002,4.1286
1995-03-10,0,4.4714
1995-03-11,0,4.4429
1995-03-12,63,4.2286
1995-03-13,5,3.8714
1995-03-14,13,3.6857
1995-03-15,7,3.4571
1995-03-16,0,3.0429
1995-03-17,3.6000000000000001,2.7429
1995-03-18,7.7999999999999998,2.8286
1995-03-19,0,3.4286
1995-03-20,3.6000000000000001,3.9286
1995-03-21,0,4.2857
1995-03-22,0,4.7143
1995-03-23,10,5.1143
1995-03-24,0,5.1714
1995-03-25,0,5.2143
1995-03-26,0,5.1286
1995-03-27,0,4.9286
1995-03-28,0,4.8000
1995-03-29,0,4.7571
1995-03-30,0,4.8571
1995-03-31,0,5.0429
1995-04-01,0,5.1571
1995-04-02,0,5.2286
1995-04-03,0,5.3571
1995-04-04,0,5.4143
1995-04-05,0,5.3429
1995-04-06,0,5.4429
1995-04-07,0,5.7429
1995-04-08,0,5.8429
1995-04-09,0,5.8857
1995-04-10,0,5.8000
1995-04-11,0,5.7000
1995-04-12,0,5.5857
1995-04-13,0,5.2714
1995-04-14,0,4.7714
1995-04-15,0,4.5714
1995-04-16,0,4.5000
1995-04-17,0,4.5429
1995-04-18,0,4.5857
1995-04-19,0,4.7000
1995-04-20,0,4.7857
1995-04-21,0,4.9571
1995-04-22,0,4.9571
1995-04-23,0,4.8571
1995-04-24,0,4.7286
1995-04-25,0,4.7143
1995-04-26,0,4.6429
1995-04-27,0,4.4714
1995-04-28,0,4.1857
1995-04-29,16,4.2000
1995-04-30,0,4.1429
1995-05-01,4,4.1286
1995-05-02,0,4.0857
1995-05-03,0,3.9429
1995-05-04,0,3.9571
1995-05-05,0,3.9143
1995-05-06,0,3.4714
1995-05-07,0,3.1429
1995-05-08,11.1,2.7571
1995-05-09,7.5,2.4000
1995-05-10,0,2.1143
1995-05-11,12.6,1.8286
1995-05-12,0,1.8714
1995-05-13,9,1.9571
1995-05-14,4.2000000000000002,2.2429
1995-05-15,0,2.6857
1995-05-16,0,2.9571
1995-05-17,0,3.1571
1995-05-18,3,3.2857
1995-05-19,6,3.3429
1995-05-20,17.199999999999999,3.4714
1995-05-21,0,3.3000
1995-05-22,0,3.1286
1995-05-23,0,3.0429
1995-05-24,0,3.1571
1995-05-25,0,3.3857
1995-05-26,0,3.4429
1995-05-27,0,3.4286
1995-05-28,0,3.4571
1995-05-29,4,3.4714
1995-05-30,0,3.3429
1995-05-31,6,3.2714
1995-06-01,0,3.1571
1995-06-02,6.2000000000000002,3.0429
1995-06-03,2.2000000000000002,2.9429
1995-06-04,9,2.9429
1995-06-05,11.4,2.8429
1995-06-06,4.7999999999999998,2.8429
1995-06-07,0,2.8143
1995-06-08,7,2.8286
1995-06-09,0,2.8429
1995-06-10,0,2.8857
1995-06-11,0,3.0714
1995-06-12,0,3.2143
1995-06-13,0,3.4857
1995-06-14,0,3.5571
1995-06-15,0,3.5857
1995-06-16,0,3.5714
1995-06-17,0,3.7571
1995-06-18,0,3.8857
1995-06-19,0,3.9286
1995-06-20,0,4.1286
1995-06-21,0,4.2571
1995-06-22,0,4.2714
1995-06-23,0,4.3857
1995-06-24,0,4.0000
1995-06-25,12.199999999999999,3.6857
1995-06-26,4,3.5286
1995-06-27,4.2000000000000002,3.0571
1995-06-28,0,2.9714
1995-06-29,0,2.9286
1995-06-30,0,2.8286
1995-07-01,0,3.0571
1995-07-02,0,3.1714
1995-07-03,0,3.2714
1995-07-04,0,3.3714
1995-07-05,0,3.0286
1995-07-06,11,2.9286
1995-07-07,1.6000000000000001,2.9429
1995-07-08,0,3.0000
1995-07-09,0,3.0143
1995-07-10,0,2.9857
1995-07-11,0,3.0571
1995-07-12,0,3.4143
1995-07-13,0,3.6571
1995-07-14,0,4.0857
1995-07-15,0,4.3286
1995-07-16,0,4.6143
1995-07-17,0,4.7143
1995-07-18,0,4.8143
1995-07-19,0,4.9429
1995-07-20,0,4.8714
1995-07-21,0,4.4571
1995-07-22,0,4.3000
1995-07-23,0,4.1000
1995-07-24,0,4.0571
1995-07-25,0,3.9429
1995-07-26,0,3.8286
1995-07-27,0,3.8429
1995-07-28,0,3.9000
1995-07-29,0,3.9714
1995-07-30,0,3.6857
1995-07-31,0,3.6143
1995-08-01,0,3.5000
1995-08-02,0,3.3714
1995-08-03,5,3.2286
1995-08-04,6.2000000000000002,2.9857
1995-08-05,3.3999999999999999,2.5714
1995-08-06,8,2.3571
1995-08-07,44,2.2429
1995-08-08,0,2.6286
1995-08-09,0,2.9286
1995-08-10,0,2.8857
1995-08-11,9,3.0286
1995-08-12,7,3.3000
1995-08-13,10,3.6571
1995-08-14,0,3.8143
1995-08-15,0,3.5143
1995-08-16,3,3.2857
1995-08-17,3,3.3000
1995-08-18,78,3.2571
1995-08-19,0,3.1857
1995-08-20,0,3.0857
1995-08-21,10,3.0714
1995-08-22,6,3.1714
1995-08-23,2.6000000000000001,3.2286
1995-08-24,0,3.2857
1995-08-25,0,3.4857
1995-08-26,5,3.5714
1995-08-27,9,3.7286
1995-08-28,3.6000000000000001,3.7429
1995-08-29,0,3.6143
1995-08-30,16.399999999999999,3.7429
1995-08-31,3.3999999999999999,3.9429
1995-09-01,0,4.0429
1995-09-02,0,4.2714
1995-09-03,0,4.5571
1995-09-04,0,4.9857
1995-09-05,0,5.5000
1995-09-06,0,5.9429
1995-09-07,0,5.8714
1995-09-08,0,5.7571
1995-09-09,0,5.8286
1995-09-10,0,5.8571
1995-09-11,0,5.7000
1995-09-12,0,5.4857
1995-09-13,0,5.1714
1995-09-14,0,5.3143
1995-09-15,0,5.4714
1995-09-16,0,5.3000
1995-09-17,0,5.1000
1995-09-18,0,5.2000
1995-09-19,0,5.2286
1995-09-20,7,5.2000
1995-09-21,0,5.3286
1995-09-22,0,5.4429
1995-09-23,0,5.5714
1995-09-24,0,5.7143
1995-09-25,0,5.7143
1995-09-26,0,5.8143
1995-09-27,0,6.0143
1995-09-28,0,6.0429
1995-09-29,0,6.0000
1995-09-30,0,6.0857
1995-10-01,0,6.4000
1995-10-02,0,6.4000
1995-10-03,0,6.2571
1995-10-04,0,6.2143
1995-10-05,0,6.1429
1995-10-06,0,6.2571
1995-10-07,0,6.4429
1995-10-08,0,6.4286
1995-10-09,0,6.2857
1995-10-10,7.2000000000000002,6.1143
1995-10-11,0,5.8286
1995-10-12,0,5.7714
1995-10-13,8.5999999999999996,5.3714
1995-10-14,5.4000000000000004,5.2429
1995-10-15,0,5.0000
1995-10-16,0,4.9714
1995-10-17,8.4000000000000004,5.0143
1995-10-18,3.7999999999999998,4.9429
1995-10-19,0,4.9429
1995-10-20,5,5.2429
1995-10-21,0,5.2571
1995-10-22,0,5.3714
1995-10-23,0,5.6714
1995-10-24,0,5.9000
1995-10-25,0,6.0571
1995-10-26,0,6.1857
1995-10-27,0,6.2286
1995-10-28,0,6.2571
1995-10-29,0,6.3286
1995-10-30,0,6.4714
1995-10-31,0,6.7000
1995-11-01,0,7.0143
1995-11-02,0,7.2000
1995-11-03,0,7.3571
1995-11-04,0,7.5000
1995-11-05,0,7.4571
1995-11-06,0,7.3429
1995-11-07,17.199999999999999,6.9571
1995-11-08,0,6.6857
1995-11-09,0,6.6286
1995-11-10,0,6.5714
1995-11-11,0,6.4714
1995-11-12,0,6.3571
1995-11-13,0,6.0286
1995-11-14,0,6.2714
1995-11-15,0,6.3429
1995-11-16,0,6.3286
1995-11-17,0,6.3143
1995-11-18,0,6.3000
1995-11-19,0,6.2429
1995-11-20,10,6.3857
1995-11-21,22.600000000000001,6.2000
1995-11-22,5.4000000000000004,6.2571
1995-11-23,0,6.6286
1995-11-24,0,6.8571
1995-11-25,0,6.8286
1995-11-26,0,7.0000
1995-11-27,0,7.1286
1995-11-28,0,7.3714
1995-11-29,0,7.3429
1995-11-30,0,6.8429
1995-12-01,4,6.5000
1995-12-02,13,6.4000
1995-12-03,0,6.3857
1995-12-04,0,6.1714
1995-12-05,0,6.0857
1995-12-06,0,5.8571
1995-12-07,35,5.6714
1995-12-08,3.5,5.7571
1995-12-09,0,5.8286
1995-12-10,0,5.8857
1995-12-11,0,6.1571
1995-12-12,0,5.9857
1995-12-13,0,6.3143
1995-12-14,0,6.7286
1995-12-15,0,6.6714
1995-12-16,0,6.7857
1995-12-17,0,7.0571
1995-12-18,0,7.2000
1995-12-19,0,7.7571
1995-12-20,0,8.0571
1995-12-21,0,8.2571
1995-12-22,0,8.3000
1995-12-23,0,8.3286
1995-12-24,0,8.1714
1995-12-25,0,7.4571
1995-12-26,22,6.8143
1995-12-27,2.3999999999999999,6.4571
1995-12-28,0,6.1571
1995-12-29,0,6.1714
1995-12-30,0,5.9286
1995-12-31,0,5.6714
1996-01-01,0,5.6714
1996-01-02,0,5.9000
1996-01-03,0,5.8000
1996-01-04,0,5.5143
1996-01-05,0,5.2000
1996-01-06,0,5.1143
1996-01-07,0,4.9571
1996-01-08,0,5.1286
1996-01-09,0,5.2857
1996-01-10,0,5.5571
1996-01-11,0,5.8714
1996-01-12,0,6.4857
1996-01-13,0,6.5000
1996-01-14,0,6.7571
1996-01-15,0,6.9143
1996-01-16,20,6.4429
1996-01-17,14.1,6.1571
1996-01-18,1.3999999999999999,5.6714
1996-01-19,27.199999999999999,4.9000
1996-01-20,0,4.8429
1996-01-21,0,4.6857
1996-01-22,0,4.6857
1996-01-23,0,4.5857
1996-01-24,17,4.3429
1996-01-25,23.399999999999999,4.4571
1996-01-26,17.399999999999999,4.4714
1996-01-27,14,4.5286
1996-01-28,6.7000000000000002,4.4857
1996-01-29,13.199999999999999,4.4571
1996-01-30,0,5.0714
1996-01-31,0,5.5714
1996-02-01,0,5.8857
1996-02-02,0,6.3571
1996-02-03,0,6.5286
1996-02-04,0,6.5857
1996-02-05,0,6.3000
1996-02-06,23.600000000000001,5.8857
1996-02-07,4,5.1000
1996-02-08,67.200000000000003,4.6429
1996-02-09,8.5999999999999996,4.2714
1996-02-10,23,4.2857
1996-02-11,20,4.3143
1996-02-12,5,4.7571
1996-02-13,0,4.7429
1996-02-14,0,5.2143
1996-02-15,0,5.3857
1996-02-16,0,5.5286
1996-02-17,8.5999999999999996,5.4429
1996-02-18,0,5.3714
1996-02-19,0,5.4286
1996-02-20,0,5.7143
1996-02-21,0,5.9714
1996-02-22,0,6.1571
1996-02-23,0,6.0571
1996-02-24,12.199999999999999,5.8286
1996-02-25,31.399999999999999,5.6286
1996-02-26,0,5.4286
1996-02-27,0,5.3714
1996-02-28,0,5.2429
1996-02-29,0,5.2429
1996-03-01,0,5.3143
1996-03-02,0,5.2571
1996-03-03,0,5.2143
1996-03-04,0,4.7429
1996-03-05,103.40000000000001,4.1429
1996-03-06,77,3.5714
1996-03-07,4.4000000000000004,2.9714
1996-03-08,21.600000000000001,2.9429
1996-03-09,0,3.1571
1996-03-10,0,3.2000
1996-03-11,0,3.2286
1996-03-12,0,3.3000
1996-03-13,34.600000000000001,3.4714
1996-03-14,0,3.8000
1996-03-15,0,3.7429
1996-03-16,0,3.5714
1996-03-17,0,3.6286
1996-03-18,0,4.1857
1996-03-19,0,4.6571
1996-03-20,0,5.0000
1996-03-21,0,5.2571
1996-03-22,0,5.5143
1996-03-23,0,5.7000
1996-03-24,0,5.7857
1996-03-25,0,5.5571
1996-03-26,0,5.3571
1996-03-27,5,5.2000
1996-03-28,7,4.8857
1996-03-29,4,4.5857
1996-03-30,0,4.5143
1996-03-31,0,4.5429
1996-04-01,0,4.7571
1996-04-02,0,4.9429
1996-04-03,0,5.0286
1996-04-04,0,5.0286
1996-04-05,0,5.0286
1996-04-06,20,4.9571
1996-04-07,23,4.7857
1996-04-08,17,4.6857
1996-04-09,0,4.6143
1996-04-10,0,4.5286
1996-04-11,0,4.7286
1996-04-12,0,4.8286
1996-04-13,0,4.8571
1996-04-14,0,4.9571
1996-04-15,0,4.9143
1996-04-16,0,4.9286
1996-04-17,0,4.9429
1996-04-18,0,4.8571
1996-04-19,7,4.7429
1996-04-20,0,4.4571
1996-04-21,9,4.4714
1996-04-22,0,4.5429
1996-04-23,0,4.4571
1996-04-24,0,4.4286
1996-04-25,0,4.4143
1996-04-26,0,4.5143
1996-04-27,0,4.8000
1996-04-28,0,4.7714
1996-04-29,0,4.4000
1996-04-30,70.400000000000006,4.2429
1996-05-01,12,4.2429
1996-05-02,0,4.2429
1996-05-03,0,4.2286
1996-05-04,0,4.1000
1996-05-05,0,3.9143
1996-05-06,50,4.1000
1996-05-07,0,4.0286
1996-05-08,20,3.6143
1996-05-09,7,3.3571
1996-05-10,15,3.1571
1996-05-11,5.2000000000000002,3.1000
1996-05-12,5.2000000000000002,3.0571
1996-05-13,0,2.8714
1996-05-14,0,2.9571
1996-05-15,0,3.3000
1996-05-16,0,3.1714
1996-05-17,0,3.3143
1996-05-18,0,3.3714
1996-05-19,0,3.4857
1996-05-20,17.399999999999999,3.5571
1996-05-21,0,3.7714
1996-05-22,0,3.5571
1996-05-23,0,3.6571
1996-05-24,3,3.2000
1996-05-25,5,2.8857
1996-05-26,0,2.7000
1996-05-27,17,2.6000
1996-05-28,0,2.2857
1996-05-29,0,2.3571
1996-05-30,4,2.4429
1996-05-31,0,2.7286
1996-06-01,0,2.8286
1996-06-02,0,2.8571
1996-06-03,12,2.8714
1996-06-04,13.199999999999999,2.8429
1996-06-05,8,2.7857
1996-06-06,4,2.6857
1996-06-07,7,2.6571
1996-06-08,11.800000000000001,2.6857
1996-06-09,0,2.6143
1996-06-10,0,2.6286
1996-06-11,0,2.6000
1996-06-12,0,2.7286
1996-06-13,0,2.8714
1996-06-14,0,2.9571
1996-06-15,0,3.1571
1996-06-16,0,3.3143
1996-06-17,0,3.3714
1996-06-18,0,3.4857
1996-06-19,0,3.4143
1996-06-20,0,3.4143
1996-06-21,0,3.4143
1996-06-22,0,3.3143
1996-06-23,0,3.4143
1996-06-24,5,3.4714
1996-06-25,2,3.2714
1996-06-26,0,3.3857
1996-06-27,0,3.4286
1996-06-28,0,3.5714
1996-06-29,0,3.5714
1996-06-30,0,3.5714
1996-07-01,0,3.5429
1996-07-02,0,3.7429
1996-07-03,0,3.5714
1996-07-04,0,3.4857
1996-07-05,5,3.1857
1996-07-06,6,3.0714
1996-07-07,7,2.7000
1996-07-08,9,2.6286
1996-07-09,16,2.7714
1996-07-10,4.2000000000000002,2.8571
1996-07-11,0,2.9000
1996-07-12,0,3.1571
1996-07-13,0,3.4286
1996-07-14,0,3.8857
1996-07-15,0,4.0571
1996-07-16,0,3.9857
1996-07-17,0,4.0000
1996-07-18,0,3.9857
1996-07-19,0,4.0286
1996-07-20,0,3.9714
1996-07-21,0,3.9000
1996-07-22,0,3.9286
1996-07-23,0,3.9286
1996-07-24,0,3.9714
1996-07-25,0,4.1000
1996-07-26,0,3.9143
1996-07-27,0,4.0857
1996-07-28,0,4.1000
1996-07-29,0,4.0286
1996-07-30,0,4.0571
1996-07-31,0,4.2714
1996-08-01,0,4.2571
1996-08-02,0,4.5000
1996-08-03,0,4.3000
1996-08-04,0,4.2571
1996-08-05,0,4.3286
1996-08-06,0,4.3571
1996-08-07,0,4.1286
1996-08-08,0,3.8571
1996-08-09,0,3.6429
1996-08-10,0,3.7286
1996-08-11,0,3.8143
1996-08-12,0,3.6714
1996-08-13,0,3.5000
1996-08-14,0,3.3429
1996-08-15,0,3.6714
1996-08-16,0,3.9143
1996-08-17,0,3.9286
1996-08-18,0,4.0000
1996-08-19,0,4.3286
1996-08-20,0,4.9000
1996-08-21,0,5.2000
1996-08-22,0,5.1571
1996-08-23,0,5.0857
1996-08-24,0,5.1714
1996-08-25,0,5.4000
1996-08-26,0,5.1714
1996-08-27,0,4.5857
1996-08-28,0,4.4429
1996-08-29,0,4.5714
1996-08-30,0,4.6000
1996-08-31,0,4.6857
1996-09-01,0,4.6286
1996-09-02,0,4.7714
1996-09-03,0,5.3286
1996-09-04,0,5.4714
1996-09-05,0,5.3714
1996-09-06,0,5.4714
1996-09-07,0,5.3714
1996-09-08,0,5.2429
1996-09-09,0,5.3429
1996-09-10,0,5.1143
1996-09-11,0,5.4571
1996-09-12,0,5.7571
1996-09-13,0,5.9857
1996-09-14,0,6.3571
1996-09-15,0,6.4429
1996-09-16,0,6.4143
1996-09-17,0,6.5143
1996-09-18,0,6.3857
1996-09-19,0,6.0429
1996-09-20,0,5.9286
1996-09-21,0,6.3000
1996-09-22,0,6.5286
1996-09-23,0,6.5286
1996-09-24,0,6.5429
1996-09-25,0,6.5286
1996-09-26,0,6.8714
1996-09-27,0,6.8714
1996-09-28,0,6.2571
1996-09-29,0,6.0429
1996-09-30,0,6.3571
1996-10-01,0,6.4000
1996-10-02,0,6.2286
1996-10-03,0,6.1286
1996-10-04,0,6.2429
1996-10-05,0,6.3429
1996-10-06,0,6.4571
1996-10-07,0,6.2000
1996-10-08,0,6.1143
1996-10-09,11.800000000000001,5.7429
1996-10-10,0,5.5143
1996-10-11,57,4.9714
1996-10-12,0,4.7143
1996-10-13,0,4.6000
1996-10-14,0,4.2429
1996-10-15,18,4.1571
1996-10-16,2,4.7714
1996-10-17,2,5.0286
1996-10-18,3.3999999999999999,5.3714
1996-10-19,21,5.5143
1996-10-20,0,5.5143
1996-10-21,0,5.7571
1996-10-22,0,5.6143
1996-10-23,0,5.5714
1996-10-24,0,5.3429
1996-10-25,0,5.3429
1996-10-26,0,5.4143
1996-10-27,0,5.5000
1996-10-28,0,5.6571
1996-10-29,0,6.0286
1996-10-30,0,6.0571
1996-10-31,0,6.3857
1996-11-01,0,6.5000
1996-11-02,0,6.4429
1996-11-03,0,6.4000
1996-11-04,0,6.1714
1996-11-05,0,5.8000
1996-11-06,4,5.7571
1996-11-07,0,5.7143
1996-11-08,0,5.7714
1996-11-09,0,5.9143
1996-11-10,0,6.0143
1996-11-11,0,6.7286
1996-11-12,0,7.1857
1996-11-13,0,7.2000
1996-11-14,11.6,7.0857
1996-11-15,0,7.1571
1996-11-16,0,7.2714
1996-11-17,0,7.3714
1996-11-18,0,7.0857
1996-11-19,15,7.0857
1996-11-20,10,7.1000
1996-11-21,17.399999999999999,7.2571
1996-11-22,0,7.2714
1996-11-23,0,7.0143
1996-11-24,0,6.8286
1996-11-25,0,6.7429
1996-11-26,0,6.6714
1996-11-27,0,6.7714
1996-11-28,0,6.9000
1996-11-29,0,6.8143
1996-11-30,0,7.1286
1996-12-01,0,7.4857
1996-12-02,0,7.5429
1996-12-03,0,7.6714
1996-12-04,0,7.7714
1996-12-05,0,7.8571
1996-12-06,0,7.8857
1996-12-07,0,7.7143
1996-12-08,0,7.6143
1996-12-09,0,7.3143
1996-12-10,0,7.1143
1996-12-11,20,6.8429
1996-12-12,0,6.6571
1996-12-13,0,6.7714
1996-12-14,0,6.6429
1996-12-15,0,6.4429
1996-12-16,0,6.3714
1996-12-17,5,6.1429
1996-12-18,0,6.3714
1996-12-19,0,6.1286
1996-12-20,7.4000000000000004,5.5857
1996-12-21,0,5.3714
1996-12-22,18,5.0000
1996-12-23,20,4.8571
1996-12-24,10.4,4.7714
1996-12-25,6,4.3286
1996-12-26,3,4.2286
1996-12-27,2,4.3143
1996-12-28,14,4.5571
1996-12-29,0,4.8714
1996-12-30,0,5.4857
1996-12-31,0,5.9429
1997-01-01,0,6.1143
1997-01-02,0,6.2857
1997-01-03,0,6.5143
1997-01-04,0,6.2714
1997-01-05,11.800000000000001,5.8714
1997-01-06,0,5.2286
1997-01-07,0,4.8714
1997-01-08,28,5.2429
1997-01-09,0,5.3714
1997-01-10,0,5.4000
1997-01-11,0,5.6429
1997-01-12,0,5.8857
1997-01-13,18,6.1857
1997-01-14,0,6.2429
1997-01-15,0,5.8571
1997-01-16,0,5.6143
1997-01-17,0,5.3571
1997-01-18,0,5.2143
1997-01-19,0,5.0714
1997-01-20,5,4.9429
1997-01-21,2.3999999999999999,4.8286
1997-01-22,20,4.4571
1997-01-23,9.8000000000000007,4.4714
1997-01-24,0,4.6286
1997-01-25,0,4.8286
1997-01-26,0,5.0571
1997-01-27,0,5.4143
1997-01-28,0,5.6429
1997-01-29,0,5.8286
1997-01-30,0,5.7286
1997-01-31,0,5.6429
1997-02-01,38.399999999999999,5.5714
1997-02-02,51.600000000000001,5.4286
1997-02-03,20,5.0429
1997-02-04,10,4.6286
1997-02-05,8.1999999999999993,4.6143
1997-02-06,0,4.7714
1997-02-07,0,4.8714
1997-02-08,30,4.5714
1997-02-09,4,4.4857
1997-02-10,11,4.6857
1997-02-11,0,5.0571
1997-02-12,0,5.2000
1997-02-13,0,5.1714
1997-02-14,0,5.0143
1997-02-15,0,5.3571
1997-02-16,0,5.6429
1997-02-17,0,5.7143
1997-02-18,0,5.7571
1997-02-19,0,5.7714
1997-02-20,9.4000000000000004,5.6714
1997-02-21,0,5.7429
1997-02-22,0,5.6143
1997-02-23,0,5.3286
1997-02-24,0,5.1714
1997-02-25,0,5.0571
1997-02-26,0,4.9857
1997-02-27,0,5.1286
1997-02-28,0,4.8000
1997-03-01,0,4.5000
1997-03-02,0,4.6000
1997-03-03,20,4.2000
1997-03-04,42,3.9000
1997-03-05,0,3.7429
1997-03-06,0,3.3857
1997-03-07,38,3.7571
1997-03-08,0,3.9143
1997-03-09,0,3.8000
1997-03-10,0,4.0000
1997-03-11,0,4.1714
1997-03-12,0,4.3143
1997-03-13,0,4.8143
1997-03-14,0,4.9286
1997-03-15,0,5.1143
1997-03-16,0,5.2714
1997-03-17,0,5.3571
1997-03-18,0,5.5857
1997-03-19,0,5.6143
1997-03-20,0,5.3714
1997-03-21,0,4.8143
1997-03-22,0,4.1143
1997-03-23,211.59999999999999,3.5571
1997-03-24,36.399999999999999,3.6571
1997-03-25,4,3.5429
1997-03-26,0,3.5143
1997-03-27,0,3.5286
1997-03-28,0,3.8857
1997-03-29,0,4.4857
1997-03-30,0,4.8143
1997-03-31,0,4.8000
1997-04-01,0,4.8429
1997-04-02,0,4.9714
1997-04-03,0,4.9286
1997-04-04,4,4.9143
1997-04-05,0,4.8571
1997-04-06,0,5.1286
1997-04-07,0,5.1429
1997-04-08,0,5.1143
1997-04-09,0,5.0571
1997-04-10,7.7999999999999998,4.8857
1997-04-11,6.2000000000000002,4.9286
1997-04-12,4,4.7286
1997-04-13,7,4.4143
1997-04-14,17.600000000000001,4.1286
1997-04-15,4,3.9429
1997-04-16,3.7999999999999998,3.7143
1997-04-17,6,3.6429
1997-04-18,2,3.5429
1997-04-19,3.2000000000000002,3.7571
1997-04-20,3.6000000000000001,3.9571
1997-04-21,5.4000000000000004,4.1143
1997-04-22,3,4.2143
1997-04-23,2.6000000000000001,4.2857
1997-04-24,4.7999999999999998,4.4143
1997-04-25,2.2000000000000002,4.2714
1997-04-26,2,4.0857
1997-04-27,8,3.8857
1997-04-28,18.199999999999999,3.7857
1997-04-29,3,3.5714
1997-04-30,3,3.5143
1997-05-01,0,3.4143
1997-05-02,0,3.5857
1997-05-03,0,3.6714
1997-05-04,0,3.8000
1997-05-05,0,3.8429
1997-05-06,0,3.8571
1997-05-07,0,3.8143
1997-05-08,0,3.9857
1997-05-09,0,3.8286
1997-05-10,0,3.8000
1997-05-11,0,3.7571
1997-05-12,0,3.7571
1997-05-13,0,3.7714
1997-05-14,0,3.8286
1997-05-15,4,3.6714
1997-05-16,31.399999999999999,3.4571
1997-05-17,18.399999999999999,3.0857
1997-05-18,8,3.1571
1997-05-19,0,3.1571
1997-05-20,0,3.2286
1997-05-21,0,3.1571
1997-05-22,0,3.2714
1997-05-23,0,3.5429
1997-05-24,0,3.9000
1997-05-25,0,3.9000
1997-05-26,0,3.8000
1997-05-27,0,3.7571
1997-05-28,0,3.6714
1997-05-29,0,3.6429
1997-05-30,0,3.7286
1997-05-31,0,3.7000
1997-06-01,0,3.6571
1997-06-02,0,3.7286
1997-06-03,0,3.4571
1997-06-04,0,3.4857
1997-06-05,0,3.3143
1997-06-06,0,3.0429
1997-06-07,0,2.9286
1997-06-08,0,2.8714
1997-06-09,0,2.6857
1997-06-10,0,2.8000
1997-06-11,0,2.8429
1997-06-12,0,2.9714
1997-06-13,0,2.8429
1997-06-14,0,2.7714
1997-06-15,0,2.7000
1997-06-16,0,2.9286
1997-06-17,0,3.1571
1997-06-18,15.4,2.9571
1997-06-19,0,2.7143
1997-06-20,0,2.7571
1997-06-21,0,2.8857
1997-06-22,0,2.7571
1997-06-23,3,2.5571
1997-06-24,2,2.2714
1997-06-25,5.5999999999999996,2.3857
1997-06-26,0,2.4714
1997-06-27,0,2.5714
1997-06-28,0,2.5571
1997-06-29,0,2.8429
1997-06-30,0,2.8714
1997-07-01,0,2.9429
1997-07-02,0,3.0429
1997-07-03,0,2.9286
1997-07-04,0,2.7714
1997-07-05,0,2.6571
1997-07-06,0,2.3714
1997-07-07,0,2.4000
1997-07-08,0,2.6143
1997-07-09,0,2.6429
1997-07-10,0,2.7571
1997-07-11,0,2.9571
1997-07-12,0,2.8429
1997-07-13,0,2.8429
1997-07-14,0,2.8286
1997-07-15,0,2.6000
1997-07-16,0,2.5429
1997-07-17,0,2.7000
1997-07-18,0,2.9000
1997-07-19,4,3.0429
1997-07-20,3.3999999999999999,3.0143
1997-07-21,2,2.9286
1997-07-22,0,3.0714
1997-07-23,5.5999999999999996,3.0000
1997-07-24,6,2.8286
1997-07-25,3,2.6000
1997-07-26,0,2.6286
1997-07-27,0,2.8714
1997-07-28,0,3.0857
1997-07-29,0,3.1000
1997-07-30,0,3.2429
1997-07-31,0,3.3857
1997-08-01,0,3.3571
1997-08-02,2,3.2143
1997-08-03,3,3.0143
1997-08-04,3.3999999999999999,2.9857
1997-08-05,0,3.0000
1997-08-06,0,3.0000
1997-08-07,0,3.1143
1997-08-08,0,3.3286
1997-08-09,0,3.5857
1997-08-10,0,3.7571
1997-08-11,0,3.7857
1997-08-12,0,3.8143
1997-08-13,0,3.8143
1997-08-14,0,3.7000
1997-08-15,0,3.4714
1997-08-16,0,3.6143
1997-08-17,0,3.5000
1997-08-18,0,3.4000
1997-08-19,0,3.4000
1997-08-20,0,3.2429
1997-08-21,10,3.3143
1997-08-22,0,3.5429
1997-08-23,0,3.4571
1997-08-24,0,3.6429
1997-08-25,0,4.1571
1997-08-26,0,4.2286
1997-08-27,0,4.4714
1997-08-28,0,4.5429
1997-08-29,0,4.5571
1997-08-30,0,4.5000
1997-08-31,0,4.2857
1997-09-01,26,3.6857
1997-09-02,0,3.6571
1997-09-03,0,3.7429
1997-09-04,0,3.7857
1997-09-05,0,4.0857
1997-09-06,0,4.4857
1997-09-07,0,4.8429
1997-09-08,0,5.3429
1997-09-09,0,5.7857
1997-09-10,0,5.8714
1997-09-11,0,5.9000
1997-09-12,0,5.6143
1997-09-13,0,5.3143
1997-09-14,7.5999999999999996,5.0571
1997-09-15,8.4000000000000004,4.8143
1997-09-16,3,4.5857
1997-09-17,4,4.5857
1997-09-18,2,4.6000
1997-09-19,0,4.7714
1997-09-20,0,4.8857
1997-09-21,0,5.2143
1997-09-22,0,5.6429
1997-09-23,0,5.7143
1997-09-24,0,5.7143
1997-09-25,0,5.8429
1997-09-26,0,6.1143
1997-09-27,0,6.2143
1997-09-28,0,6.2286
1997-09-29,0,6.0571
1997-09-30,0,5.9143
1997-10-01,0,5.8714
1997-10-02,0,5.6571
1997-10-03,0,5.4571
1997-10-04,0,5.3143
1997-10-05,0,5.3286
1997-10-06,0,5.2714
1997-10-07,0,5.4143
1997-10-08,4,5.5714
1997-10-09,0,6.0000
1997-10-10,3,6.0143
1997-10-11,0,6.2714
1997-10-12,0,6.4000
1997-10-13,0,6.6857
1997-10-14,0,6.9714
1997-10-15,0,7.0714
1997-10-16,0,7.0143
1997-10-17,0,7.1143
1997-10-18,0,7.1857
1997-10-19,0,7.1857
1997-10-20,0,7.0429
1997-10-21,0,6.6571
1997-10-22,0,6.5143
1997-10-23,0,6.3714
1997-10-24,0,6.2571
1997-10-25,0,6.1429
1997-10-26,0,6.0143
1997-10-27,0,6.0143
1997-10-28,0,6.3143
1997-10-29,0,6.4857
1997-10-30,0,6.6571
1997-10-31,0,6.8714
1997-11-01,0,6.9714
1997-11-02,0,7.1143
1997-11-03,0,7.1857
1997-11-04,0,7.0857
1997-11-05,0,7.0714
1997-11-06,0,6.9714
1997-11-07,0,6.6571
1997-11-08,0,6.5000
1997-11-09,0,6.3143
1997-11-10,0,6.2714
1997-11-11,0,6.3143
1997-11-12,0,6.3143
1997-11-13,0,6.3714
1997-11-14,0,6.5429
1997-11-15,0,6.7429
1997-11-16,0,6.7714
1997-11-17,0,6.7714
1997-11-18,0,6.8714
1997-11-19,0,6.9714
1997-11-20,0,6.8000
1997-11-21,0,6.9143
1997-11-22,0,6.9571
1997-11-23,4,6.8714
1997-11-24,0,6.8143
1997-11-25,0,6.2857
1997-11-26,9.5999999999999996,6.1571
1997-11-27,0,6.3143
1997-11-28,0,6.2286
1997-11-29,0,6.2286
1997-11-30,0,6.4429
1997-12-01,23,6.4286
1997-12-02,0,6.8429
1997-12-03,0,6.9857
1997-12-04,0,7.0286
1997-12-05,0,7.0714
1997-12-06,0,7.0429
1997-12-07,0,7.1714
1997-12-08,0,7.3571
1997-12-09,0,7.3714
1997-12-10,0,7.4000
1997-12-11,0,7.4286
1997-12-12,0,7.4429
1997-12-13,0,7.1000
1997-12-14,24,6.4857
1997-12-15,20,6.0714
1997-12-16,17,6.0429
1997-12-17,0,5.6286
1997-12-18,0,5.5000
1997-12-19,0,5.3571
1997-12-20,0,5.6714
1997-12-21,52,5.9286
1997-12-22,34,5.5857
1997-12-23,29,5.1000
1997-12-24,0,4.8000
1997-12-25,21.399999999999999,4.3429
1997-12-26,20,3.9286
1997-12-27,0,3.2857
1997-12-28,31,2.8714
1997-12-29,17,3.0143
1997-12-30,20.5,2.8286
1997-12-31,16.5,2.7857
1998-01-01,0,2.9429
1998-01-02,0,2.8143
1998-01-03,0,2.8571
1998-01-04,0,3.1286
1998-01-05,0,2.9429
1998-01-06,16,3.1000
1998-01-07,0.80000000000000004,3.4000
1998-01-08,0,3.3143
1998-01-09,108.40000000000001,3.4857
1998-01-10,47.600000000000001,3.7000
1998-01-11,0,3.9429
1998-01-12,0,4.3429
1998-01-13,21.800000000000001,4.4000
1998-01-14,0,4.3000
1998-01-15,31.199999999999999,4.6286
1998-01-16,4.4000000000000004,4.8000
1998-01-17,0,4.7429
1998-01-18,0,4.4000
1998-01-19,0,4.3571
1998-01-20,12.199999999999999,4.6571
1998-01-21,0,4.7857
1998-01-22,0,4.7286
1998-01-23,0,4.9143
1998-01-24,0,5.3286
1998-01-25,0,5.6857
1998-01-26,0,5.8286
1998-01-27,0,5.7857
1998-01-28,0,5.9286
1998-01-29,2.6000000000000001,6.1714
1998-01-30,50,6.3286
1998-01-31,0,6.3714
1998-02-01,0,6.5143
1998-02-02,0,6.6571
1998-02-03,0,6.8429
1998-02-04,0,6.9571
1998-02-05,0,6.9143
1998-02-06,0,6.6286
1998-02-07,0,6.4857
1998-02-08,0,6.4857
1998-02-09,0,6.4286
1998-02-10,0,6.4571
1998-02-11,0,6.5000
1998-02-12,0,6.4429
1998-02-13,0,6.6000
1998-02-14,0,6.6286
1998-02-15,10,6.3571
1998-02-16,28,6.2143
1998-02-17,20,6.0000
1998-02-18,0,5.6714
1998-02-19,6.4000000000000004,5.6429
1998-02-20,10,5.6429
1998-02-21,0,5.4571
1998-02-22,0,5.3429
1998-02-23,0,5.2857
1998-02-24,22.800000000000001,5.0571
1998-02-25,50.200000000000003,4.7286
1998-02-26,0,4.1714
1998-02-27,15.199999999999999,3.7000
1998-02-28,0,3.3857
1998-03-01,0,3.2571
1998-03-02,10,2.8286
1998-03-03,15,2.7286
1998-03-04,30,2.6714
1998-03-05,1.3999999999999999,2.6286
1998-03-06,0,2.9143
1998-03-07,0,3.3286
1998-03-08,0,3.7429
1998-03-09,0,4.4000
1998-03-10,8,4.8000
1998-03-11,0,5.3143
1998-03-12,0,5.6143
1998-03-13,7,5.3000
1998-03-14,0,5.2714
1998-03-15,4,5.2429
1998-03-16,2,5.1000
1998-03-17,4.4000000000000004,4.7571
1998-03-18,0,4.5571
1998-03-19,2.3999999999999999,4.7286
1998-03-20,0,5.1143
1998-03-21,7.2000000000000002,4.9000
1998-03-22,0,4.6857
1998-03-23,0,4.3714
1998-03-24,0,4.6714
1998-03-25,3,4.8857
1998-03-26,4.4000000000000004,4.9000
1998-03-27,0,4.9571
1998-03-28,0,5.1571
1998-03-29,0,5.4429
1998-03-30,0,5.7857
1998-03-31,0,5.6857
1998-04-01,0,5.6571
1998-04-02,0,5.4571
1998-04-03,0,5.1571
1998-04-04,0,5.0143
1998-04-05,0,4.7857
1998-04-06,0,4.5571
1998-04-07,0,4.4571
1998-04-08,0,4.3286
1998-04-09,0,4.4000
1998-04-10,8,4.6286
1998-04-11,0,4.6857
1998-04-12,11,4.6714
1998-04-13,9,4.6000
1998-04-14,18,4.6571
1998-04-15,10,4.6429
1998-04-16,0,4.7286
1998-04-17,2,4.7429
1998-04-18,0,4.7143
1998-04-19,0,4.5714
1998-04-20,0,4.5857
1998-04-21,0,4.4857
1998-04-22,0,4.3857
1998-04-23,0,4.3286
1998-04-24,2,4.1286
1998-04-25,0,4.0571
1998-04-26,0,4.1857
1998-04-27,0,4.2143
1998-04-28,0,4.2429
1998-04-29,0,4.4571
1998-04-30,0,4.4143
1998-05-01,0,4.3714
1998-05-02,0,4.3857
1998-05-03,3,4.2000
1998-05-04,2,4.0000
1998-05-05,4,3.9571
1998-05-06,0,3.6429
1998-05-07,3,3.4429
1998-05-08,0,3.3714
1998-05-09,0,3.0000
1998-05-10,2.3999999999999999,3.1429
1998-05-11,0,3.3429
1998-05-12,0,3.4000
1998-05-13,3.3999999999999999,3.4857
1998-05-14,3.2000000000000002,3.3286
1998-05-15,0,3.3000
1998-05-16,0,3.5000
1998-05-17,11,3.3286
1998-05-18,14.6,3.2143
1998-05-19,0,3.1571
1998-05-20,0,3.2714
1998-05-21,0,3.5857
1998-05-22,0,3.6143
1998-05-23,0,3.7286
1998-05-24,0,3.7714
1998-05-25,0,3.8429
1998-05-26,0,3.6714
1998-05-27,0,3.4429
1998-05-28,0,3.1429
1998-05-29,8.1999999999999993,3.0857
1998-05-30,6.5999999999999996,2.9143
1998-05-31,6,2.9000
1998-06-01,5.4000000000000004,2.7286
1998-06-02,0,2.7429
1998-06-03,0,2.8714
1998-06-04,0,3.0429
1998-06-05,0,3.1429
1998-06-06,0,3.3429
1998-06-07,0,3.3571
1998-06-08,0,3.5286
1998-06-09,0,3.6286
1998-06-10,0,3.6286
1998-06-11,0,3.6714
1998-06-12,0,3.6571
1998-06-13,0,3.5571
1998-06-14,0,3.3000
1998-06-15,0,3.2429
1998-06-16,0,3.0286
1998-06-17,0,3.0000
1998-06-18,5,2.8571
1998-06-19,8,2.8143
1998-06-20,4,2.7286
1998-06-21,2.7999999999999998,2.8857
1998-06-22,0,2.8286
1998-06-23,0,2.6714
1998-06-24,0,2.5429
1998-06-25,0,2.7143
1998-06-26,0,3.0571
1998-06-27,0,3.1286
1998-06-28,0,3.1714
1998-06-29,0,3.2571
1998-06-30,0,3.7571
1998-07-01,0,4.1000
1998-07-02,0,4.0714
1998-07-03,0,3.6286
1998-07-04,13.800000000000001,3.4714
1998-07-05,6,3.3857
1998-07-06,6,3.3000
1998-07-07,10.800000000000001,3.1286
1998-07-08,0,2.9000
1998-07-09,0,2.7429
1998-07-10,0,2.7143
1998-07-11,1,2.6857
1998-07-12,10.6,2.7429
1998-07-13,0,2.7571
1998-07-14,0,2.7571
1998-07-15,0,2.5429
1998-07-16,0,2.7286
1998-07-17,0,2.8714
1998-07-18,0,3.0714
1998-07-19,0,2.9429
1998-07-20,0,3.0143
1998-07-21,0,2.9857
1998-07-22,0,3.1429
1998-07-23,0,3.0143
1998-07-24,3,3.0143
1998-07-25,4,2.9571
1998-07-26,5,3.2429
1998-07-27,0,3.2857
1998-07-28,0,3.3857
1998-07-29,0,3.4143
1998-07-30,0,3.7571
1998-07-31,0,4.1143
1998-08-01,0,4.4000
1998-08-02,0,4.3429
1998-08-03,0,4.3000
1998-08-04,4,4.1857
1998-08-05,0,4.3429
1998-08-06,0,4.2000
1998-08-07,0,4.1000
1998-08-08,8,4.0286
1998-08-09,0,4.2286
1998-08-10,0,4.3286
1998-08-11,0,4.4571
1998-08-12,0,4.3429
1998-08-13,3,4.2143
1998-08-14,0,4.0429
1998-08-15,0,3.9571
1998-08-16,0,3.9143
1998-08-17,0,3.9429
1998-08-18,0,4.0143
1998-08-19,0,4.2714
1998-08-20,0,4.3571
1998-08-21,0,4.4857
1998-08-22,0,4.5429
1998-08-23,0,4.3429
1998-08-24,1.8,4.3000
1998-08-25,0.20000000000000001,4.3857
1998-08-26,0,4.2714
1998-08-27,0,4.5143
1998-08-28,0,4.4429
1998-08-29,0,4.5000
1998-08-30,0,4.6143
1998-08-31,0,4.5286
1998-09-01,0,4.4000
1998-09-02,0,4.4286
1998-09-03,0,4.1857
1998-09-04,0,4.2714
1998-09-05,0,4.5286
1998-09-06,0,4.7714
1998-09-07,0,5.0429
1998-09-08,0,5.1571
1998-09-09,11.4,4.9714
1998-09-10,17.399999999999999,4.9000
1998-09-11,0,4.8714
1998-09-12,0,4.6571
1998-09-13,0,4.6571
1998-09-14,0,4.7000
1998-09-15,0,4.9429
1998-09-16,0,5.4000
1998-09-17,0,5.6857
1998-09-18,0,5.7429
1998-09-19,0,5.6857
1998-09-20,0,5.5000
1998-09-21,13.800000000000001,5.3000
1998-09-22,1.2,4.9571
1998-09-23,4.5999999999999996,4.7143
1998-09-24,0,4.6286
1998-09-25,0,4.7857
1998-09-26,0,4.7714
1998-09-27,0,5.0000
1998-09-28,0,5.3571
1998-09-29,0,5.3714
1998-09-30,4,5.2286
1998-10-01,0,5.2429
1998-10-02,0,5.2000
1998-10-03,0,5.2000
1998-10-04,0,5.2143
1998-10-05,0,5.2571
1998-10-06,0,5.6143
1998-10-07,0,6.1143
1998-10-08,5,6.1143
1998-10-09,3.7000000000000002,6.2143
1998-10-10,0,6.6571
1998-10-11,0,6.7286
1998-10-12,1.8999999999999999,6.6714
1998-10-13,0,6.3571
1998-10-14,4.4000000000000004,6.3571
1998-10-15,0,6.6286
1998-10-16,0,6.5857
1998-10-17,1.6000000000000001,6.0857
1998-10-18,7,5.8714
1998-10-19,5,5.7714
1998-10-20,5,6.0714
1998-10-21,0,5.6857
1998-10-22,0,5.5000
1998-10-23,0,5.5714
1998-10-24,0,5.7571
1998-10-25,0,6.1286
1998-10-26,0,6.1857
1998-10-27,0,6.1857
1998-10-28,0,6.4714
1998-10-29,4,6.5429
1998-10-30,2,6.3429
1998-10-31,3.3999999999999999,6.2857
1998-11-01,16,5.8286
1998-11-02,32,5.6714
1998-11-03,5,5.5857
1998-11-04,0,5.5429
1998-11-05,5,5.4714
1998-11-06,0,5.2429
1998-11-07,0,5.1429
1998-11-08,5,5.3714
1998-11-09,0,5.3857
1998-11-10,5.5999999999999996,5.0429
1998-11-11,0,4.7571
1998-11-12,12,4.3143
1998-11-13,13,4.4429
1998-11-14,30,4.5714
1998-11-15,0,4.6571
1998-11-16,0,4.9000
1998-11-17,0,5.3857
1998-11-18,2,5.8429
1998-11-19,4,6.3857
1998-11-20,0,6.4429
1998-11-21,15,6.3286
1998-11-22,12,6.1857
1998-11-23,30,6.1143
1998-11-24,5,5.9857
1998-11-25,0,5.8286
1998-11-26,0,5.8429
1998-11-27,0,5.8571
1998-11-28,0,5.9143
1998-11-29,0,5.8286
1998-11-30,6.4000000000000004,5.4714
1998-12-01,0,5.2571
1998-12-02,22.800000000000001,5.0286
1998-12-03,0,5.0143
1998-12-04,0,5.4286
1998-12-05,0,5.8286
1998-12-06,0,6.0286
1998-12-07,0,6.4286
1998-12-08,0,6.6857
1998-12-09,0,6.6857
1998-12-10,0.90000000000000002,6.1857
1998-12-11,11.199999999999999,5.4429
1998-12-12,2,4.9000
1998-12-13,3,4.8429
1998-12-14,1.1000000000000001,4.6286
1998-12-15,6.9000000000000004,4.6571
1998-12-16,0,4.9429
1998-12-17,0,5.6000
1998-12-18,0,6.2714
1998-12-19,0,6.6571
1998-12-20,20,6.6000
1998-12-21,7.4000000000000004,6.6000
1998-12-22,37,6.1714
1998-12-23,9.5999999999999996,6.0000
1998-12-24,0,5.8857
1998-12-25,0,5.8714
1998-12-26,0,5.9857
1998-12-27,0,6.0286
1998-12-28,0,6.2000
1998-12-29,0,6.4857
1998-12-30,0,6.6000
1998-12-31,24.600000000000001,6.2571
1999-01-01,0,5.9143
1999-01-02,0,5.7143
1999-01-03,0,5.5286
1999-01-04,0,5.4571
1999-01-05,0,5.3000
1999-01-06,0,4.7714
1999-01-07,21.399999999999999,4.9429
1999-01-08,0,5.0000
1999-01-09,0,5.0143
1999-01-10,0,5.1286
1999-01-11,0,5.2143
1999-01-12,0,5.4857
1999-01-13,15.6,5.8857
1999-01-14,0,5.8286
1999-01-15,0,5.5429
1999-01-16,20,5.3429
1999-01-17,44.399999999999999,5.2429
1999-01-18,9.4000000000000004,4.8857
1999-01-19,0,4.6714
1999-01-20,23.399999999999999,4.1857
1999-01-21,0,4.2143
1999-01-22,16,4.6286
1999-01-23,0,4.9000
1999-01-24,0,5.1000
1999-01-25,0,5.4571
1999-01-26,0,5.4429
1999-01-27,0,5.8143
1999-01-28,0,5.8286
1999-01-29,5.7000000000000002,5.6286
1999-01-30,0,5.5714
1999-01-31,0,5.4857
1999-02-01,0,5.3571
1999-02-02,0,5.5857
1999-02-03,0,5.7000
1999-02-04,0,5.2429
1999-02-05,0,4.8714
1999-02-06,49.600000000000001,4.5143
1999-02-07,28,4.6143
1999-02-08,0,4.7000
1999-02-09,0,4.4000
1999-02-10,0,3.9286
1999-02-11,67.599999999999994,3.8857
1999-02-12,209.40000000000001,3.7000
1999-02-13,158,3.6000
1999-02-14,0,3.1857
1999-02-15,86.400000000000006,2.9571
1999-02-16,0,3.0286
1999-02-17,0,3.5429
1999-02-18,0,4.1571
1999-02-19,18.399999999999999,5.0286
1999-02-20,0,5.3714
1999-02-21,0,5.4429
1999-02-22,0,5.6714
1999-02-23,0,6.0143
1999-02-24,0,6.0714
1999-02-25,0,6.0286
1999-02-26,0,5.5571
1999-02-27,47,5.1143
1999-02-28,14.699999999999999,4.9143
1999-03-01,11.699999999999999,4.5429
1999-03-02,3.7000000000000002,4.2286
1999-03-03,0,4.2143
1999-03-04,7,4.2857
1999-03-05,6,4.5429
1999-03-06,5,4.8571
1999-03-07,2,5.1000
1999-03-08,3,5.3143
1999-03-09,11.800000000000001,5.2143
1999-03-10,0.10000000000000001,4.7714
1999-03-11,24.899999999999999,4.0143
1999-03-12,64,3.3857
1999-03-13,40,3.2429
1999-03-14,82,2.9143
1999-03-15,127,2.6000
1999-03-16,64.400000000000006,2.5143
1999-03-17,4.7000000000000002,2.6857
1999-03-18,16.399999999999999,2.8143
1999-03-19,32,3.1857
1999-03-20,3.7999999999999998,3.3143
1999-03-21,11.4,3.6286
1999-03-22,5,3.8000
1999-03-23,3,4.0429
1999-03-24,4,4.1429
1999-03-25,9.8000000000000007,4.4857
1999-03-26,2.2000000000000002,4.3000
1999-03-27,0,4.3857
1999-03-28,0,4.3857
1999-03-29,0,4.4286
1999-03-30,0,4.1857
1999-03-31,0,4.0714
1999-04-01,5.5999999999999996,4.1714
1999-04-02,0,4.5857
1999-04-03,0,4.4857
1999-04-04,17.399999999999999,4.6143
1999-04-05,4.4000000000000004,4.6714
1999-04-06,0,4.9429
1999-04-07,0,4.9143
1999-04-08,0,4.6000
1999-04-09,0,4.3714
1999-04-10,11,4.2429
1999-04-11,0,4.0143
1999-04-12,4,3.8143
1999-04-13,21,3.4857
1999-04-14,3.3999999999999999,3.4286
1999-04-15,4,3.4857
1999-04-16,5,3.3143
1999-04-17,5.4000000000000004,3.2143
1999-04-18,4.2000000000000002,2.9571
1999-04-19,3.7999999999999998,2.6714
1999-04-20,4.7999999999999998,2.5000
1999-04-21,0,2.4286
1999-04-22,0,2.4429
1999-04-23,0,2.2857
1999-04-24,14,2.1429
1999-04-25,0,2.1857
1999-04-26,0,2.4429
1999-04-27,4,2.7000
1999-04-28,0,2.7714
1999-04-29,0,2.7571
1999-04-30,0,3.1000
1999-05-01,8,3.3286
1999-05-02,0,3.7143
1999-05-03,0,3.8143
1999-05-04,0,3.6857
1999-05-05,3.2000000000000002,3.6286
1999-05-06,4.7999999999999998,3.5143
1999-05-07,8.5999999999999996,3.4571
1999-05-08,0,3.6000
1999-05-09,0,3.4000
1999-05-10,0,3.2857
1999-05-11,0,3.5429
1999-05-12,0,3.8000
1999-05-13,0,4.0429
1999-05-14,0,4.1000
1999-05-15,0,4.0857
1999-05-16,0,4.2286
1999-05-17,0,4.2714
1999-05-18,0,4.0000
1999-05-19,0,3.6857
1999-05-20,0,3.6429
1999-05-21,0,3.6286
1999-05-22,0,3.5857
1999-05-23,0,3.3429
1999-05-24,0,3.2286
1999-05-25,0,3.3286
1999-05-26,12.800000000000001,3.3143
1999-05-27,0,3.3143
1999-05-28,0,3.3286
1999-05-29,0,3.1286
1999-05-30,0,3.2000
1999-05-31,0,3.3857
1999-06-01,0,3.4429
1999-06-02,0,3.5571
1999-06-03,0,3.3857
1999-06-04,0,3.2571
1999-06-05,0,3.2857
1999-06-06,0,3.2000
1999-06-07,0,3.1429
1999-06-08,0,2.6714
1999-06-09,0,2.6000
1999-06-10,9,2.7000
1999-06-11,8,2.6714
1999-06-12,0,2.6571
1999-06-13,6.4000000000000004,2.7714
1999-06-14,0,2.7286
1999-06-15,0,3.1857
1999-06-16,0,3.1286
1999-06-17,0,2.9857
1999-06-18,0,3.0429
1999-06-19,0,3.1714
1999-06-20,0,3.1857
1999-06-21,0,3.1714
1999-06-22,0,2.9429
1999-06-23,0,2.8571
1999-06-24,0,3.2286
1999-06-25,0,3.5000
1999-06-26,0,3.4571
1999-06-27,0,3.4857
1999-06-28,0,3.4571
1999-06-29,0,3.6571
1999-06-30,0,3.9429
1999-07-01,0,3.7429
1999-07-02,0,3.5429
1999-07-03,0,3.5000
1999-07-04,16.199999999999999,3.1000
1999-07-05,25.100000000000001,3.0143
1999-07-06,1.1000000000000001,2.8571
1999-07-07,1.8,2.6286
1999-07-08,2.3999999999999999,2.3143
1999-07-09,0,2.2143
1999-07-10,0,2.2714
1999-07-11,0,2.5857
1999-07-12,0,2.5571
1999-07-13,0,2.7000
1999-07-14,0,2.9000
1999-07-15,0,3.2143
1999-07-16,0,3.3429
1999-07-17,0,3.3571
1999-07-18,0,3.4286
1999-07-19,0,3.5714
1999-07-20,0,3.6571
1999-07-21,0,3.7429
1999-07-22,0,3.4571
1999-07-23,0,3.1857
1999-07-24,0,3.1000
1999-07-25,0,3.2857
1999-07-26,0,3.3286
1999-07-27,0,3.3286
1999-07-28,0,3.1143
1999-07-29,0,3.3571
1999-07-30,0,3.4714
1999-07-31,0,3.4714
1999-08-01,1.6000000000000001,3.3429
1999-08-02,0.10000000000000001,3.4000
1999-08-03,0.10000000000000001,3.2143
1999-08-04,1.5,3.2143
1999-08-05,2.5,2.9143
1999-08-06,12.199999999999999,2.7429
1999-08-07,6.7000000000000002,2.7857
1999-08-08,2.7000000000000002,2.7143
1999-08-09,0,2.7429
1999-08-10,0,2.9000
1999-08-11,3.2999999999999998,2.9143
1999-08-12,4.2999999999999998,3.2286
1999-08-13,0,3.6286
1999-08-14,0,3.8857
1999-08-15,0,4.3714
1999-08-16,0,4.3286
1999-08-17,0,4.1429
1999-08-18,2.5,4.1429
1999-08-19,5.5999999999999996,4.2571
1999-08-20,1,4.0857
1999-08-21,0,3.8714
1999-08-22,0,3.3429
1999-08-23,0,3.4857
1999-08-24,2.1000000000000001,3.5429
1999-08-25,3.7000000000000002,3.7286
1999-08-26,0,3.7429
1999-08-27,0,4.0429
1999-08-28,0,4.4286
1999-08-29,0,4.6571
1999-08-30,0,4.6000
1999-08-31,0,4.8000
1999-09-01,0,4.5571
1999-09-02,8,4.3000
1999-09-03,0,4.2857
1999-09-04,0,4.2000
1999-09-05,0,4.2429
1999-09-06,0,4.4286
1999-09-07,0,4.5857
1999-09-08,0,5.3000
1999-09-09,0,5.6286
1999-09-10,0,5.5571
1999-09-11,0,5.5714
1999-09-12,0,5.9143
1999-09-13,0,5.8714
1999-09-14,0,5.8000
1999-09-15,0,5.5286
1999-09-16,0,5.6000
1999-09-17,0,5.7000
1999-09-18,0,5.7571
1999-09-19,0,5.7714
1999-09-20,0,5.7000
1999-09-21,0,5.7286
1999-09-22,0,5.7000
1999-09-23,0,5.6571
1999-09-24,0,5.6143
1999-09-25,5.4000000000000004,5.4000
1999-09-26,3,5.0714
1999-09-27,0,5.1143
1999-09-28,0,5.1000
1999-09-29,9,4.8286
1999-09-30,19,4.8000
1999-10-01,2.7999999999999998,4.8714
1999-10-02,0,4.8143
1999-10-03,5.9000000000000004,4.7429
1999-10-04,0,4.7714
1999-10-05,0,4.8286
1999-10-06,0,5.0857
1999-10-07,0,5.2000
1999-10-08,0,5.1286
1999-10-09,0,5.4429
1999-10-10,0,5.5571
1999-10-11,0,5.7286
1999-10-12,0,5.9000
1999-10-13,0,6.1857
1999-10-14,0,6.4143
1999-10-15,0,6.6857
1999-10-16,0,6.8143
1999-10-17,0,6.9571
1999-10-18,0,6.9571
1999-10-19,0,6.9571
1999-10-20,0,6.9714
1999-10-21,0,6.7000
1999-10-22,4.2000000000000002,6.4429
1999-10-23,0,6.3143
1999-10-24,0,6.3857
1999-10-25,3.2000000000000002,6.3857
1999-10-26,0,6.4000
1999-10-27,0,6.3714
1999-10-28,0,6.5857
1999-10-29,0,6.9000
1999-10-30,0,7.0714
1999-10-31,0,6.9714
1999-11-01,0,6.9857
1999-11-02,0,6.9714
1999-11-03,0,6.8286
1999-11-04,0,6.5000
1999-11-05,0.69999999999999996,6.0571
1999-11-06,1.2,5.6714
1999-11-07,8.3000000000000007,5.5714
1999-11-08,23.100000000000001,5.4286
1999-11-09,5.7999999999999998,5.2143
1999-11-10,0,5.3143
1999-11-11,0,5.2000
1999-11-12,0,5.0571
1999-11-13,0,4.9714
1999-11-14,0,5.1571
1999-11-15,0,5.3714
1999-11-16,3.3999999999999999,5.6429
1999-11-17,0,5.8000
1999-11-18,5,6.1286
1999-11-19,12.800000000000001,6.4571
1999-11-20,0,6.4571
1999-11-21,0,6.1286
1999-11-22,0,5.7286
1999-11-23,0,5.3429
1999-11-24,4,5.0000
1999-11-25,0,4.5571
1999-11-26,3.1000000000000001,4.1571
1999-11-27,12.9,3.8571
1999-11-28,5.2999999999999998,3.5143
1999-11-29,4.7000000000000002,3.4571
1999-11-30,3,3.4000
1999-12-01,4.5999999999999996,3.2571
1999-12-02,1.8,3.4000
1999-12-03,1.6000000000000001,3.7571
1999-12-04,0,4.4571
1999-12-05,0,5.2000
1999-12-06,0,5.5857
1999-12-07,0,5.9286
1999-12-08,14.6,6.2286
1999-12-09,0,6.6000
1999-12-10,0,6.7857
1999-12-11,0,6.7571
1999-12-12,0,6.2857
1999-12-13,0,5.9143
1999-12-14,6,5.5714
1999-12-15,0,5.3143
1999-12-16,0,5.4000
1999-12-17,0,5.4286
1999-12-18,14.800000000000001,5.1571
1999-12-19,41,5.2286
1999-12-20,0,5.3571
1999-12-21,0,5.2143
1999-12-22,9,5.1000
1999-12-23,17,4.6000
1999-12-24,15.6,4.1286
1999-12-25,18.199999999999999,3.9286
1999-12-26,32.600000000000001,3.8286
1999-12-27,26,3.6429
1999-12-28,0,4.1714
1999-12-29,0,4.6429
1999-12-30,0,4.9000
1999-12-31,0,5.1571
2000-01-01,0,5.6714
2000-01-02,4.2000000000000002,5.9571
2000-01-03,0,6.2857
2000-01-04,0,5.7286
2000-01-05,0,5.5571
2000-01-06,0,5.8286
2000-01-07,0,5.9000
2000-01-08,0,5.7571
2000-01-09,0,5.8714
2000-01-10,35,5.7714
2000-01-11,12,5.8000
2000-01-12,0,5.3286
2000-01-13,0,4.7286
2000-01-14,0,4.7143
2000-01-15,0,4.7857
2000-01-16,0,4.7286
2000-01-17,0,4.8000
2000-01-18,0,5.1286
2000-01-19,0,5.5143
2000-01-20,0,6.1429
2000-01-21,0,6.2429
2000-01-22,0,6.4857
2000-01-23,0,6.4571
2000-01-24,0,6.4000
2000-01-25,0,6.5286
2000-01-26,0,6.4714
2000-01-27,0,6.3714
2000-01-28,0,6.2286
2000-01-29,20,5.7857
2000-01-30,118,5.6000
2000-01-31,0,5.7286
2000-02-01,25.199999999999999,5.6714
2000-02-02,14,5.5143
2000-02-03,6.2000000000000002,5.3000
2000-02-04,27.199999999999999,5.1286
2000-02-05,0,4.8143
2000-02-06,45,4.3571
2000-02-07,58,4.1000
2000-02-08,51,3.5143
2000-02-09,11.199999999999999,3.5714
2000-02-10,60,3.2857
2000-02-11,38.200000000000003,3.3714
2000-02-12,0,3.6143
2000-02-13,0,4.2286
2000-02-14,0,4.4000
2000-02-15,0,4.8000
2000-02-16,14.800000000000001,4.9000
2000-02-17,0,5.1000
2000-02-18,4,5.1714
2000-02-19,0,5.2143
2000-02-20,24.199999999999999,5.0000
2000-02-21,13.300000000000001,4.8429
2000-02-22,24.199999999999999,4.8571
2000-02-23,18.800000000000001,4.6714
2000-02-24,24,4.3571
2000-02-25,38.399999999999999,3.8571
2000-02-26,59.600000000000001,3.8429
2000-02-27,9,3.4571
2000-02-28,184,3.1143
2000-02-29,35.200000000000003,2.9429
2000-03-01,20,2.7429
2000-03-02,14,2.9857
2000-03-03,0,3.4000
2000-03-04,0,3.5571
2000-03-05,0,4.1571
2000-03-06,0,4.6143
2000-03-07,0,4.9571
2000-03-08,0,5.4143
2000-03-09,0,5.4714
2000-03-10,0,5.1000
2000-03-11,33.399999999999999,4.8714
2000-03-12,0,4.6286
2000-03-13,0,4.5857
2000-03-14,11,4.1429
2000-03-15,8,4.0286
2000-03-16,19.199999999999999,3.8143
2000-03-17,0,3.8000
2000-03-18,53.799999999999997,3.7286
2000-03-19,0,3.6857
2000-03-20,0,3.5143
2000-03-21,40.200000000000003,3.8429
2000-03-22,0,3.8286
2000-03-23,0,4.1000
2000-03-24,0,4.8143
2000-03-25,0,5.0000
2000-03-26,0,5.2000
2000-03-27,0,5.4143
2000-03-28,0,5.4429
2000-03-29,0,5.4000
2000-03-30,7.2000000000000002,5.3571
2000-03-31,6,5.1571
2000-04-01,0,5.0714
2000-04-02,0,4.8429
2000-04-03,0,4.5286
2000-04-04,0,4.0429
2000-04-05,22,4.1286
2000-04-06,0,3.7000
2000-04-07,9.5999999999999996,3.4143
2000-04-08,32.399999999999999,3.0571
2000-04-09,0,3.1714
2000-04-10,19,3.2857
2000-04-11,11.800000000000001,3.4857
2000-04-12,9.8000000000000007,3.2714
2000-04-13,0,3.6714
2000-04-14,0,3.7286
2000-04-15,13,4.0000
2000-04-16,0,3.8857
2000-04-17,0,4.0714
2000-04-18,0,4.2571
2000-04-19,0,4.4429
2000-04-20,0,4.3857
2000-04-21,0,4.4000
2000-04-22,0,4.5286
2000-04-23,0,4.5000
2000-04-24,0,4.2429
2000-04-25,14.4,3.8143
2000-04-26,18.399999999999999,3.3286
2000-04-27,9.1999999999999993,3.0286
2000-04-28,5.2000000000000002,2.6000
2000-04-29,6.7000000000000002,2.3714
2000-04-30,0,2.5286
2000-05-01,0,2.6857
2000-05-02,0,3.0714
2000-05-03,0,3.4286
2000-05-04,0,3.7714
2000-05-05,0,4.2571
2000-05-06,0,4.1143
2000-05-07,0,3.9429
2000-05-08,0,3.7143
2000-05-09,15.800000000000001,3.5143
2000-05-10,0,3.4571
2000-05-11,5.7999999999999998,3.3000
2000-05-12,0,3.1857
2000-05-13,0,3.4429
2000-05-14,0,3.4714
2000-05-15,0,3.5714
2000-05-16,0,3.6143
2000-05-17,0,3.4429
2000-05-18,0,3.3429
2000-05-19,9.4000000000000004,3.1429
2000-05-20,9,2.9857
2000-05-21,0,2.8571
2000-05-22,2.3999999999999999,2.5857
2000-05-23,3.3999999999999999,2.5143
2000-05-24,0,2.6571
2000-05-25,0,2.7571
2000-05-26,0,3.0429
2000-05-27,0,3.1714
2000-05-28,0,3.3286
2000-05-29,0,3.8429
2000-05-30,0,4.2714
2000-05-31,0,4.5000
2000-06-01,0,4.8714
2000-06-02,0,4.9857
2000-06-03,0,4.9286
2000-06-04,0,4.7714
2000-06-05,0,4.2286
2000-06-06,0,3.7429
2000-06-07,0,3.3571
2000-06-08,0,2.7429
2000-06-09,11.800000000000001,2.2429
2000-06-10,11.199999999999999,2.0571
2000-06-11,0,2.1857
2000-06-12,0,2.4571
2000-06-13,4,2.2571
2000-06-14,9.8000000000000007,2.0857
2000-06-15,6.4000000000000004,2.1143
2000-06-16,8,2.1571
2000-06-17,10,2.2000
2000-06-18,0,2.0429
2000-06-19,0,1.8000
2000-06-20,0,2.0000
2000-06-21,2,2.2286
2000-06-22,3,2.3857
2000-06-23,2,2.5143
2000-06-24,1,2.6571
2000-06-25,0,2.7286
2000-06-26,0,2.9000
2000-06-27,0,2.9000
2000-06-28,5.2000000000000002,2.9286
2000-06-29,0,2.9714
2000-06-30,0,3.1429
2000-07-01,0,3.3571
2000-07-02,0,3.6143
2000-07-03,0,3.5429
2000-07-04,0,3.6000
2000-07-05,0,3.5714
2000-07-06,0,3.6000
2000-07-07,0,3.5143
2000-07-08,0,3.3714
2000-07-09,0,3.1000
2000-07-10,0,3.2571
2000-07-11,0,3.4714
2000-07-12,0,3.6000
2000-07-13,0,3.6429
2000-07-14,0,3.7286
2000-07-15,0,3.6571
2000-07-16,0,3.7286
2000-07-17,0,3.7714
2000-07-18,0,3.7429
2000-07-19,0,3.7286
2000-07-20,0,3.7286
2000-07-21,0,3.6429
2000-07-22,0,3.8286
2000-07-23,0,3.8857
2000-07-24,0,3.8429
2000-07-25,0,3.7143
2000-07-26,0,3.7429
2000-07-27,0,3.6286
2000-07-28,0,3.9857
2000-07-29,0,3.7857
2000-07-30,1.3999999999999999,3.7286
2000-07-31,2.6000000000000001,3.6429
2000-08-01,1.8,3.6429
2000-08-02,1.2,3.5000
2000-08-03,0,3.5000
2000-08-04,2,3.1143
2000-08-05,3.7000000000000002,3.1857
2000-08-06,0.20000000000000001,3.3000
2000-08-07,0.29999999999999999,3.3286
2000-08-08,4.4000000000000004,3.3000
2000-08-09,0,3.5571
2000-08-10,0,3.7571
2000-08-11,0,3.8857
2000-08-12,0,3.9857
2000-08-13,0,3.9857
2000-08-14,0,4.1571
2000-08-15,0,4.3286
2000-08-16,0,4.2714
2000-08-17,0,4.2286
2000-08-18,2,4.2714
2000-08-19,0,4.3571
2000-08-20,0,4.3714
2000-08-21,0,4.3429
2000-08-22,0,4.4143
2000-08-23,0,4.6571
2000-08-24,0,4.8714
2000-08-25,0,5.1286
2000-08-26,0,5.0000
2000-08-27,0,5.1714
2000-08-28,0,5.4286
2000-08-29,0,5.9857
2000-08-30,0,6.2714
2000-08-31,0,6.7857
2000-09-01,0,6.9143
2000-09-02,0,7.6000
2000-09-03,0,7.7429
2000-09-04,0,7.7143
2000-09-05,0,7.3857
2000-09-06,0,7.0143
2000-09-07,0,6.6571
2000-09-08,0,6.5857
2000-09-09,0,6.3571
2000-09-10,0,6.5857
2000-09-11,0,6.8857
2000-09-12,0,6.6571
2000-09-13,0,6.6857
2000-09-14,0,6.5571
2000-09-15,0,6.3571
2000-09-16,0,6.1571
2000-09-17,0,5.7000
2000-09-18,0,5.4429
2000-09-19,0,5.6857
2000-09-20,0,5.5714
2000-09-21,0,5.4143
2000-09-22,0,5.5286
2000-09-23,0,5.5429
2000-09-24,0,5.5429
2000-09-25,0,5.3571
2000-09-26,0,5.0857
2000-09-27,0,5.1429
2000-09-28,0,5.2429
2000-09-29,0,5.3286
2000-09-30,0,5.3714
2000-10-01,0,5.4857
2000-10-02,0,5.7857
2000-10-03,12,6.0571
2000-10-04,0,5.9000
2000-10-05,0,5.9000
2000-10-06,0,5.8429
2000-10-07,0,5.7000
2000-10-08,0,5.7857
2000-10-09,0,5.4857
2000-10-10,0,5.5000
2000-10-11,0,5.9429
2000-10-12,0,6.1714
2000-10-13,0,6.2429
2000-10-14,4,6.1857
2000-10-15,0,6.2143
2000-10-16,0,6.3714
2000-10-17,0,6.4857
2000-10-18,0,6.5714
2000-10-19,0,6.1571
2000-10-20,4.5999999999999996,5.8000
2000-10-21,0,5.7286
2000-10-22,0,5.3143
2000-10-23,9,4.9714
2000-10-24,0,4.3000
2000-10-25,6.4000000000000004,3.8000
2000-10-26,0,4.2143
2000-10-27,0,4.7857
2000-10-28,0,5.1571
2000-10-29,6,5.2571
2000-10-30,3.2000000000000002,5.7143
2000-10-31,0,6.3714
2000-11-01,0,6.9571
2000-11-02,0,7.2286
2000-11-03,0,7.5857
2000-11-04,0,7.7714
2000-11-05,0,8.1571
2000-11-06,38.399999999999999,8.0286
2000-11-07,9,7.9286
2000-11-08,0,7.5286
2000-11-09,25.399999999999999,7.0571
2000-11-10,29.399999999999999,6.1714
2000-11-11,0,5.4429
2000-11-12,0,5.0857
2000-11-13,6,4.8714
2000-11-14,0.80000000000000004,4.5286
2000-11-15,0,4.5571
2000-11-16,0,4.5857
2000-11-17,0,4.6429
2000-11-18,0,5.0571
2000-11-19,40,5.3429
2000-11-20,2.3999999999999999,5.6286
2000-11-21,0,5.8857
2000-11-22,19,5.9857
2000-11-23,32,5.9571
2000-11-24,4.7999999999999998,5.6857
2000-11-25,0,5.2857
2000-11-26,0,5.0143
2000-11-27,0,4.6143
2000-11-28,0,4.6714
2000-11-29,0,4.5000
2000-11-30,0,4.3571
2000-12-01,0,4.6429
2000-12-02,0,4.9857
2000-12-03,0,4.9714
2000-12-04,0,5.0714
2000-12-05,12.4,4.6143
2000-12-06,26,4.2571
2000-12-07,9,3.9714
2000-12-08,0,3.6857
2000-12-09,17.100000000000001,3.1000
2000-12-10,8.3000000000000007,2.7000
2000-12-11,17,2.6143
2000-12-12,12.4,2.4429
2000-12-13,6,2.4857
2000-12-14,0.80000000000000004,2.9714
2000-12-15,0,3.3429
2000-12-16,0,3.8000
2000-12-17,19.199999999999999,4.2571
2000-12-18,17,4.2143
2000-12-19,40,4.3857
2000-12-20,2.3999999999999999,4.6429
2000-12-21,0,4.7143
2000-12-22,19,4.8714
2000-12-23,32,4.9143
2000-12-24,4.7999999999999998,5.1143
2000-12-25,0,5.4143
2000-12-26,0,5.8143
2000-12-27,0,5.9429
2000-12-28,0,5.7429
2000-12-29,17,5.3429
2000-12-30,17.699999999999999,5.0857
2000-12-31,0,4.7857
2001-01-01,7.5,4.2857
2001-01-02,18.699999999999999,3.8429
2001-01-03,29.800000000000001,3.8286
2001-01-04,8.1999999999999993,3.8000
2001-01-05,14,3.9286
2001-01-06,14,4.2714
2001-01-07,0,4.5000
2001-01-08,3.3999999999999999,5.0571
2001-01-09,0,5.3000
2001-01-10,0,5.1571
2001-01-11,0,5.3143
2001-01-12,0,5.4286
2001-01-13,0,5.2714
2001-01-14,0,5.3000
2001-01-15,0,5.1286
2001-01-16,0,5.4714
2001-01-17,0,5.6000
2001-01-18,0,5.8429
2001-01-19,0,5.9857
2001-01-20,40.600000000000001,6.0000
2001-01-21,54.5,5.8857
2001-01-22,22.699999999999999,6.0286
2001-01-23,0.5,5.9571
2001-01-24,0,5.9857
2001-01-25,11.699999999999999,5.7714
2001-01-26,0,5.6429
2001-01-27,0,5.8429
2001-01-28,0,6.0429
2001-01-29,0,6.2143
2001-01-30,0,6.2000
2001-01-31,0,6.1000
2001-02-01,40,5.7571
2001-02-02,0,5.4714
2001-02-03,22.899999999999999,5.0000
2001-02-04,0,4.7571
2001-02-05,3.3999999999999999,4.3000
2001-02-06,31.199999999999999,3.9714
2001-02-07,10.6,3.8714
2001-02-08,12.4,3.9429
2001-02-09,7.2000000000000002,3.9857
2001-02-10,13.199999999999999,4.2143
2001-02-11,0,4.1286
2001-02-12,6.7999999999999998,4.3286
2001-02-13,0,4.6286
2001-02-14,14,4.5571
2001-02-15,8.5999999999999996,4.2429
2001-02-16,10,4.0571
2001-02-17,20,3.6571
2001-02-18,84.599999999999994,3.3143
2001-02-19,17.399999999999999,3.2000
2001-02-20,0,2.9571
2001-02-21,0,3.3143
2001-02-22,0,3.8571
2001-02-23,0.90000000000000002,3.7714
2001-02-24,57.299999999999997,3.6857
2001-02-25,44.200000000000003,4.0857
2001-02-26,1.7,4.1286
2001-02-27,10.300000000000001,3.9143
2001-02-28,3.3999999999999999,3.7714
2001-03-01,25.600000000000001,3.9286
2001-03-02,0,4.5000
2001-03-03,0,5.1571
2001-03-04,32.399999999999999,5.2571
2001-03-05,31.199999999999999,5.0429
2001-03-06,3.6000000000000001,5.2286
2001-03-07,0,5.4571
2001-03-08,0,5.3571
2001-03-09,0,5.4429
2001-03-10,0,5.4714
2001-03-11,0,5.4429
2001-03-12,0,5.8571
2001-03-13,0,5.9429
2001-03-14,5.7000000000000002,5.7143
2001-03-15,6.9000000000000004,5.3143
2001-03-16,43,5.1571
2001-03-17,0,5.0714
2001-03-18,0,5.1571
2001-03-19,0,5.0429
2001-03-20,0,5.2143
2001-03-21,0,5.3571
2001-03-22,0,5.6571
2001-03-23,0,5.7143
2001-03-24,0,5.7429
2001-03-25,0,5.5714
2001-03-26,0,5.6000
2001-03-27,0,5.5143
2001-03-28,7.2000000000000002,5.2143
2001-03-29,2.2000000000000002,5.1143
2001-03-30,8.5999999999999996,4.7571
2001-03-31,4.2000000000000002,4.5000
2001-04-01,8.5999999999999996,4.2429
2001-04-02,14,4.0571
2001-04-03,6,3.8143
2001-04-04,5.5999999999999996,3.5571
2001-04-05,7,3.4286
2001-04-06,13.800000000000001,3.6429
2001-04-07,3.2000000000000002,3.6286
2001-04-08,1.2,3.7714
2001-04-09,0,3.7429
2001-04-10,4.2000000000000002,3.7286
2001-04-11,1.3999999999999999,4.0286
2001-04-12,4.7999999999999998,4.0714
2001-04-13,3,4.1429
2001-04-14,7.2000000000000002,4.1714
2001-04-15,3.3999999999999999,4.1571
2001-04-16,8.4000000000000004,4.1714
2001-04-17,6.2000000000000002,4.2714
2001-04-18,10.4,4.2429
2001-04-19,8,4.2714
2001-04-20,1.3999999999999999,4.1143
2001-04-21,0,4.1000
2001-04-22,0,4.1571
2001-04-23,0,4.1429
2001-04-24,0,4.0286
2001-04-25,0,4.0429
2001-04-26,0,4.0286
2001-04-27,0,4.0571
2001-04-28,0,4.2000
2001-04-29,0,4.1714
2001-04-30,6.4000000000000004,4.2000
2001-05-01,0,4.2286
2001-05-02,0,4.1571
2001-05-03,0,3.9857
2001-05-04,0,3.8714
2001-05-05,0,3.7429
2001-05-06,0,3.8000
2001-05-07,0,3.8571
2001-05-08,0,3.9429
2001-05-09,0,4.0429
2001-05-10,0,4.2571
2001-05-11,0,4.3143
2001-05-12,0,4.3286
2001-05-13,0,4.1429
2001-05-14,0,4.1000
2001-05-15,0,4.1000
2001-05-16,0,3.9571
2001-05-17,0,3.8000
2001-05-18,0,4.0429
2001-05-19,0,4.2857
2001-05-20,0,4.6857
2001-05-21,0,4.8286
2001-05-22,0,4.9143
2001-05-23,0,4.8286
2001-05-24,0,4.9286
2001-05-25,0,4.5857
2001-05-26,0,4.2000
2001-05-27,0,3.8857
2001-05-28,0,3.6000
2001-05-29,0,3.6714
2001-05-30,0,3.7571
2001-05-31,0,3.6571
2001-06-01,11.199999999999999,3.5571
2001-06-02,5,3.5286
2001-06-03,6.2000000000000002,3.3857
2001-06-04,2.7999999999999998,3.4000
2001-06-05,5.5999999999999996,2.9857
2001-06-06,1.6000000000000001,2.8571
2001-06-07,2.7999999999999998,2.7143
2001-06-08,2,2.7429
2001-06-09,3,2.7429
2001-06-10,2.7999999999999998,2.7714
2001-06-11,3.7999999999999998,2.7286
2001-06-12,1.8,2.8000
2001-06-13,2,2.7714
2001-06-14,3.7999999999999998,2.8000
2001-06-15,0,2.8286
2001-06-16,0,2.8143
2001-06-17,0,3.0000
2001-06-18,0,3.0000
2001-06-19,6,2.9571
2001-06-20,6.5999999999999996,2.9714
2001-06-21,0,3.0571
2001-06-22,0,2.9857
2001-06-23,0,3.0857
2001-06-24,0,2.8857
2001-06-25,3.1000000000000001,2.8429
2001-06-26,2.7999999999999998,2.8143
2001-06-27,4.2000000000000002,2.6714
2001-06-28,4.4000000000000004,2.5571
2001-06-29,1.2,2.5571
2001-06-30,0,2.6000
2001-07-01,0,2.7429
2001-07-02,0,2.8429
2001-07-03,0,2.7286
2001-07-04,0,2.9571
2001-07-05,0,3.1000
2001-07-06,0,3.5286
2001-07-07,0,3.6286
2001-07-08,0,3.7143
2001-07-09,0,3.7143
2001-07-10,0,3.9286
2001-07-11,0,3.8857
2001-07-12,0,3.9143
2001-07-13,0,3.6571
2001-07-14,0,3.6429
2001-07-15,0,3.5571
2001-07-16,0,3.5714
2001-07-17,0,3.6000
2001-07-18,7.4000000000000004,3.6714
2001-07-19,0,3.7286
2001-07-20,0,3.6429
2001-07-21,0,3.5857
2001-07-22,0,3.4714
2001-07-23,0,3.4429
2001-07-24,0,3.3571
2001-07-25,0,3.3143
2001-07-26,0,3.1143
2001-07-27,0,3.3571
2001-07-28,0,3.5857
2001-07-29,0,3.9286
2001-07-30,0,4.2714
2001-07-31,0,4.3429
2001-08-01,0,4.3000
2001-08-02,1.3999999999999999,4.4429
2001-08-03,3,4.2286
2001-08-04,5,3.8571
2001-08-05,2,3.5857
2001-08-06,0,3.3571
2001-08-07,0,3.5286
2001-08-08,0,3.8143
2001-08-09,0,3.9571
2001-08-10,0,3.9714
2001-08-11,0,4.2571
2001-08-12,0,4.3857
2001-08-13,0,4.4571
2001-08-14,0,4.4714
2001-08-15,0,4.5286
2001-08-16,3.3999999999999999,4.5000
2001-08-17,0,4.6143
2001-08-18,0,4.5714
2001-08-19,0,4.8429
2001-08-20,0,4.7571
2001-08-21,0,4.6857
2001-08-22,0,4.7286
2001-08-23,0,4.5286
2001-08-24,0,4.5000
2001-08-25,0,4.4857
2001-08-26,0,4.1857
2001-08-27,0,4.7429
2001-08-28,0,4.9857
2001-08-29,0,5.0429
2001-08-30,0,5.3286
2001-08-31,0,5.6000
2001-09-01,0,5.7143
2001-09-02,0,5.9286
2001-09-03,0,5.4429
2001-09-04,0,5.3000
2001-09-05,0,5.6143
2001-09-06,0,5.8000
2001-09-07,0,5.7571
2001-09-08,0,5.7286
2001-09-09,0,5.4286
2001-09-10,0,5.4143
2001-09-11,0,5.4571
2001-09-12,0,5.2286
2001-09-13,0,5.3286
2001-09-14,0,5.4857
2001-09-15,0,5.9714
2001-09-16,0,6.2571
2001-09-17,0,6.4429
2001-09-18,0,6.4000
2001-09-19,11.9,6.1571
2001-09-20,2.1000000000000001,5.6714
2001-09-21,5.7999999999999998,5.4000
2001-09-22,0,5.0143
2001-09-23,0,5.0000
2001-09-24,7.7999999999999998,4.9429
2001-09-25,4.4000000000000004,4.9429
2001-09-26,0,5.1286
2001-09-27,0,5.7143
2001-09-28,0,5.9143
2001-09-29,0,5.7857
2001-09-30,0,5.9429
2001-10-01,0,6.0714
2001-10-02,0,6.4000
2001-10-03,0,6.5143
2001-10-04,0,6.2714
2001-10-05,0,6.3857
2001-10-06,0,6.6429
2001-10-07,0,6.4714
2001-10-08,0,6.5286
2001-10-09,0,6.5143
2001-10-10,0,6.4714
2001-10-11,0,6.5429
2001-10-12,0,6.4714
2001-10-13,0,6.7000
2001-10-14,0,6.8571
2001-10-15,0,6.9857
2001-10-16,0,6.9714
2001-10-17,0,6.9571
2001-10-18,13.199999999999999,6.8143
2001-10-19,0,6.8429
2001-10-20,0,6.4571
2001-10-21,0,6.2714
2001-10-22,0,5.5571
2001-10-23,8.5999999999999996,5.2000
2001-10-24,0,5.0571
2001-10-25,0,5.1571
2001-10-26,0,5.1714
2001-10-27,7,5.2000
2001-10-28,0,5.4286
2001-10-29,0,6.0571
2001-10-30,0,6.5571
2001-10-31,0,7.1857
2001-11-01,0,7.8857
2001-11-02,0,8.3571
2001-11-03,0,8.6429
2001-11-04,0,8.6571
2001-11-05,0,8.5429
2001-11-06,0,8.2429
2001-11-07,0,7.8857
2001-11-08,0,7.5000
2001-11-09,0,7.1571
2001-11-10,0,7.1714
2001-11-11,0,7.2571
2001-11-12,0,7.3429
2001-11-13,7.5,7.4857
2001-11-14,0,7.4143
2001-11-15,0,7.1429
2001-11-16,4.7999999999999998,7.0000
2001-11-17,0,6.8857
2001-11-18,0,6.8571
2001-11-19,0,6.9857
2001-11-20,3,7.3286
2001-11-21,0,7.3000
2001-11-22,0,7.1429
2001-11-23,7,6.8571
2001-11-24,0,6.6714
2001-11-25,0,6.6143
2001-11-26,0,6.3714
2001-11-27,0,5.9143
2001-11-28,11,5.9000
2001-11-29,0,5.8429
2001-11-30,49,6.0571
2001-12-01,0,6.3571
2001-12-02,0,6.5429
2001-12-03,0,6.7714
2001-12-04,0,6.9143
2001-12-05,0,7.0714
2001-12-06,0,7.4429
2001-12-07,0,7.6286
2001-12-08,0,7.5143
2001-12-09,0,7.4143
2001-12-10,34,7.0857
2001-12-11,0,6.7143
2001-12-12,0,6.4286
2001-12-13,0,5.9429
2001-12-14,21,5.5571
2001-12-15,0,5.2714
2001-12-16,11,5.1143
2001-12-17,25.399999999999999,5.3714
2001-12-18,0,5.7429
2001-12-19,0,5.8429
2001-12-20,0,6.2286
2001-12-21,0,6.5429
2001-12-22,0,6.9857
2001-12-23,0,7.2571
2001-12-24,0,7.4286
2001-12-25,0,7.5714
2001-12-26,0,7.6714
2001-12-27,20.600000000000001,7.9571
2001-12-28,11.6,8.0143
2001-12-29,0,7.8000
2001-12-30,0,7.6000
2001-12-31,0,7.3714
2002-01-01,0,7.1857
2002-01-02,0,6.9143
2002-01-03,14.199999999999999,6.6857
2002-01-04,0,6.5000
2002-01-05,0,6.5143
2002-01-06,0,6.3571
2002-01-07,9,6.2429
2002-01-08,0,6.1714
2002-01-09,13,6.1857
2002-01-10,5,5.9571
2002-01-11,2.2000000000000002,5.8286
2002-01-12,0,5.6143
2002-01-13,11.800000000000001,5.4429
2002-01-14,5,5.4286
2002-01-15,0,5.1714
2002-01-16,0,5.2143
2002-01-17,0,5.2857
2002-01-18,7,5.3714
2002-01-19,0,5.3286
2002-01-20,8.5999999999999996,5.4571
2002-01-21,0.80000000000000004,5.4857
2002-01-22,0,5.9429
2002-01-23,0,6.1429
2002-01-24,0,6.2143
2002-01-25,0,6.3857
2002-01-26,15.800000000000001,6.5143
2002-01-27,15.300000000000001,6.5000
2002-01-28,15.300000000000001,6.5714
2002-01-29,0,6.5143
2002-01-30,4,6.4000
2002-01-31,18.199999999999999,6.5286
2002-02-01,12,6.3857
2002-02-02,0,6.3857
2002-02-03,12,6.3429
2002-02-04,12,6.2000
2002-02-05,34.799999999999997,5.9000
2002-02-06,0,5.8429
2002-02-07,0,5.6857
2002-02-08,0,5.7000
2002-02-09,10.800000000000001,5.9000
2002-02-10,0,6.2286
2002-02-11,0,6.4000
2002-02-12,0,6.4714
2002-02-13,16.800000000000001,6.3429
2002-02-14,18.100000000000001,5.9571
2002-02-15,22.699999999999999,5.6286
2002-02-16,22,5.1000
2002-02-17,0,4.6000
2002-02-18,6,3.9286
2002-02-19,18,3.8000
2002-02-20,15,3.7429
2002-02-21,8,3.8714
2002-02-22,20,4.0143
2002-02-23,0,4.4286
2002-02-24,16.699999999999999,4.8000
2002-02-25,7.2999999999999998,5.4429
2002-02-26,0,5.7429
2002-02-27,0,5.9000
2002-02-28,11,5.9571
2002-03-01,16.399999999999999,6.1000
2002-03-02,0,6.0714
2002-03-03,0,5.9000
2002-03-04,10.6,5.5857
2002-03-05,20,4.8143
2002-03-06,32.200000000000003,4.7571
2002-03-07,0,4.8000
2002-03-08,0,4.7286
2002-03-09,0,4.6429
2002-03-10,0,4.7857
2002-03-11,0,5.1571
2002-03-12,0,5.8000
2002-03-13,0,5.7857
2002-03-14,0,5.8000
2002-03-15,4.2000000000000002,5.8571
2002-03-16,0,5.8857
2002-03-17,0,5.8286
2002-03-18,2.7999999999999998,5.4286
2002-03-19,2,5.2571
2002-03-20,3.3999999999999999,5.3143
2002-03-21,1.2,5.3714
2002-03-22,0,5.2571
2002-03-23,7.2000000000000002,5.0571
2002-03-24,0,4.8286
2002-03-25,5.2000000000000002,4.8429
2002-03-26,6,4.8857
2002-03-27,0,4.8571
2002-03-28,0,4.6857
2002-03-29,0,5.0714
2002-03-30,0,5.3429
2002-03-31,0,5.5571
2002-04-01,0,5.6571
2002-04-02,0,5.5143
2002-04-03,0,5.5000
2002-04-04,7.5999999999999996,5.3571
2002-04-05,0,4.8857
2002-04-06,2.6000000000000001,4.6714
2002-04-07,4.4000000000000004,4.4286
2002-04-08,6,4.2857
2002-04-09,6.4000000000000004,4.2714
2002-04-10,5,4.1000
2002-04-11,6,4.0857
2002-04-12,10.4,3.9429
2002-04-13,7.4000000000000004,3.8857
2002-04-14,0,3.7286
2002-04-15,12,3.7429
2002-04-16,5.7999999999999998,3.5429
2002-04-17,0,3.6857
2002-04-18,1,3.8000
2002-04-19,2,4.0571
2002-04-20,0,4.1429
2002-04-21,0,4.4286
2002-04-22,0,4.7143
2002-04-23,0,5.2286
2002-04-24,0,5.3857
2002-04-25,0,5.4571
2002-04-26,0,5.3857
2002-04-27,6,5.4000
2002-04-28,4.5999999999999996,5.3714
2002-04-29,0,5.0000
2002-04-30,13.800000000000001,4.7143
2002-05-01,10.199999999999999,4.3857
2002-05-02,12.800000000000001,4.1429
2002-05-03,11.800000000000001,3.9429
2002-05-04,11.4,3.6714
2002-05-05,7.2999999999999998,3.4286
2002-05-06,11.300000000000001,3.2286
2002-05-07,7.2000000000000002,3.1571
2002-05-08,8.1999999999999993,3.2286
2002-05-09,0,3.3286
2002-05-10,0,3.5571
2002-05-11,0,3.7429
2002-05-12,0,3.9286
2002-05-13,0,4.2857
2002-05-14,0,4.4286
2002-05-15,0,4.4000
2002-05-16,0,4.4571
2002-05-17,0,4.5000
2002-05-18,0,4.5714
2002-05-19,0,4.6429
2002-05-20,0,4.6000
2002-05-21,0,4.6429
2002-05-22,0,4.6571
2002-05-23,0,4.5429
2002-05-24,0,4.3857
2002-05-25,0,4.3000
2002-05-26,0,4.1571
2002-05-27,0,4.1429
2002-05-28,0,4.0000
2002-05-29,0,3.9571
2002-05-30,0,3.9143
2002-05-31,0,3.8000
2002-06-01,0,3.8429
2002-06-02,0,4.0286
2002-06-03,0,4.2000
2002-06-04,0,4.3000
2002-06-05,0,4.2429
2002-06-06,0,4.0857
2002-06-07,0,4.0857
2002-06-08,0,3.9143
2002-06-09,0,3.7143
2002-06-10,0,3.5143
2002-06-11,0,3.3714
2002-06-12,0,3.2286
2002-06-13,0,3.4857
2002-06-14,0,3.4286
2002-06-15,0,3.3571
2002-06-16,0,3.2714
2002-06-17,8.4000000000000004,3.2571
2002-06-18,0.40000000000000002,3.7857
2002-06-19,0,4.2143
2002-06-20,0,4.1143
2002-06-21,0,4.1429
2002-06-22,0,4.1571
2002-06-23,0,4.1857
2002-06-24,0,3.9571
2002-06-25,8.4000000000000004,3.2571
2002-06-26,1.2,2.9143
2002-06-27,0,3.0143
2002-06-28,0,3.0714
2002-06-29,0,3.2429
2002-06-30,0,3.5571
2002-07-01,0,3.6286
2002-07-02,0,3.6857
2002-07-03,0,3.7000
2002-07-04,0,3.6857
2002-07-05,0,3.7143
2002-07-06,0,3.6143
2002-07-07,0,3.3714
2002-07-08,0,3.4429
2002-07-09,1.8999999999999999,3.2429
2002-07-10,0.10000000000000001,3.3714
2002-07-11,0,3.2714
2002-07-12,0,3.3143
2002-07-13,0,3.3571
2002-07-14,0,3.2000
2002-07-15,0,3.2429
2002-07-16,0,3.5286
2002-07-17,0,3.4571
2002-07-18,0,3.3714
2002-07-19,0,3.3000
2002-07-20,1.5,3.1429
2002-07-21,6.5,3.1286
2002-07-22,0,3.2571
2002-07-23,0,3.2143
2002-07-24,3.2000000000000002,3.1429
2002-07-25,0,3.3429
2002-07-26,0,3.4857
2002-07-27,0,3.6000
2002-07-28,1.3999999999999999,3.6571
2002-07-29,5,3.4286
2002-07-30,0,3.4857
2002-07-31,0,3.5857
2002-08-01,0,3.6571
2002-08-02,0,3.7286
2002-08-03,0,3.7857
2002-08-04,0,4.1571
2002-08-05,0,4.3000
2002-08-06,0,4.2429
2002-08-07,0,4.3143
2002-08-08,0,4.2857
2002-08-09,0,4.0000
2002-08-10,9.4000000000000004,3.8429
2002-08-11,10.199999999999999,3.5143
2002-08-12,4.0999999999999996,3.4000
2002-08-13,1.3,3.5000
2002-08-14,0,3.4571
2002-08-15,0,3.2857
2002-08-16,0,3.3000
2002-08-17,0,3.4143
2002-08-18,0,3.4000
2002-08-19,0.5,3.3286
2002-08-20,2.2999999999999998,3.2714
2002-08-21,6.0999999999999996,3.1143
2002-08-22,11.199999999999999,3.1286
2002-08-23,7.4000000000000004,3.4286
2002-08-24,0,3.4571
2002-08-25,0,3.7571
2002-08-26,0,4.0143
2002-08-27,0,4.0571
2002-08-28,0,4.1000
2002-08-29,3,4.1000
2002-08-30,1,3.8000
2002-08-31,1.5,3.8857
2002-09-01,0,3.8143
2002-09-02,0,3.9286
2002-09-03,0,4.0429
2002-09-04,0,4.2714
2002-09-05,0,4.4857
2002-09-06,0,4.8571
2002-09-07,0,4.7286
2002-09-08,0,4.9429
2002-09-09,0,5.0143
2002-09-10,0,5.3000
2002-09-11,0,5.4571
2002-09-12,0,5.4857
2002-09-13,0,5.5571
2002-09-14,0,5.8286
2002-09-15,0,5.6571
2002-09-16,10.6,5.5286
2002-09-17,0,5.3714
2002-09-18,0,5.2857
2002-09-19,0,5.3429
2002-09-20,0,5.5286
2002-09-21,0,5.9429
2002-09-22,0,6.1429
2002-09-23,0,6.8286
2002-09-24,0,7.3000
2002-09-25,0,7.8571
2002-09-26,0,8.2000
2002-09-27,0,8.1143
2002-09-28,0,7.8143
2002-09-29,0,7.8714
2002-09-30,0,7.9571
2002-10-01,0,7.6714
2002-10-02,0,7.1571
2002-10-03,0,6.9571
2002-10-04,0,6.8857
2002-10-05,0,6.9857
2002-10-06,0,6.9857
2002-10-07,0,6.6143
2002-10-08,0,6.7000
2002-10-09,0,6.9857
2002-10-10,0,7.0429
2002-10-11,0,7.1857
2002-10-12,0,7.1857
2002-10-13,0,7.2000
2002-10-14,0,7.2429
2002-10-15,0,7.3000
2002-10-16,0,7.3143
2002-10-17,0,7.4286
2002-10-18,0,7.8429
2002-10-19,0,8.0714
2002-10-20,0,8.1429
2002-10-21,0,8.2429
2002-10-22,0,8.4000
2002-10-23,0,8.6143
2002-10-24,0,9.1429
2002-10-25,0,8.8857
2002-10-26,0,8.7857
2002-10-27,0,8.8000
2002-10-28,0,8.9571
2002-10-29,0,8.6143
2002-10-30,0,8.3000
2002-10-31,0,7.9571
2002-11-01,0,8.0000
2002-11-02,0,7.9143
2002-11-03,0,7.9286
2002-11-04,0,7.7429
2002-11-05,0,7.9571
2002-11-06,0,8.1143
2002-11-07,0,8.0000
2002-11-08,0,7.6000
2002-11-09,0,7.7714
2002-11-10,0,7.8286
2002-11-11,0,7.6571
2002-11-12,0,7.6286
2002-11-13,0,7.5143
2002-11-14,0,7.4714
2002-11-15,0,7.7429
2002-11-16,0,7.6714
2002-11-17,0,7.6000
2002-11-18,1.8999999999999999,7.4857
2002-11-19,4.0999999999999996,7.1429
2002-11-20,2.2999999999999998,7.0429
2002-11-21,0.69999999999999996,6.9286
2002-11-22,0,6.8000
2002-11-23,0,6.4143
2002-11-24,0,6.1714
2002-11-25,0,6.1714
2002-11-26,0,6.5429
2002-11-27,0,6.7143
2002-11-28,0,6.9429
2002-11-29,0,7.1143
2002-11-30,0,7.4143
2002-12-01,17.199999999999999,7.6143
2002-12-02,4.0999999999999996,7.7000
2002-12-03,5.5,7.4857
2002-12-04,0,7.4571
2002-12-05,0,7.1857
2002-12-06,3.3999999999999999,7.2286
2002-12-07,0,7.3143
2002-12-08,0,7.2143
2002-12-09,0,7.3286
2002-12-10,0,7.5857
2002-12-11,0,7.8000
2002-12-12,0,8.0714
2002-12-13,0,7.7714
2002-12-14,3.5,7.7571
2002-12-15,0,7.9143
2002-12-16,0,7.7571
2002-12-17,0,7.4571
2002-12-18,1,6.9429
2002-12-19,0.59999999999999998,6.6857
2002-12-20,0.90000000000000002,6.7714
2002-12-21,0,6.5286
2002-12-22,0,6.2714
2002-12-23,6.4000000000000004,6.0714
2002-12-24,0,6.1571
2002-12-25,0,6.3000
2002-12-26,0,6.5286
2002-12-27,0.59999999999999998,6.3000
2002-12-28,1.8,6.4857
2002-12-29,0.5,6.6857
2002-12-30,0,6.9429
2002-12-31,0,6.8286
2003-01-01,0.80000000000000004,6.4286
2003-01-02,12.4,5.9429
2003-01-03,26.199999999999999,5.9143
2003-01-04,14,5.8714
2003-01-05,0,5.8429
2003-01-06,0,5.5143
2003-01-07,5.5999999999999996,5.3286
2003-01-08,7.4000000000000004,5.6143
2003-01-09,1.1000000000000001,6.0286
2003-01-10,0,6.4000
2003-01-11,0,6.0000
2003-01-12,0,5.3000
2003-01-13,0,5.1143
2003-01-14,0,5.1857
2003-01-15,0,5.0571
2003-01-16,0,4.6286
2003-01-17,0,3.8286
2003-01-18,0,3.7571
2003-01-19,0,4.1429
2003-01-20,0,4.4143
2003-01-21,0,4.5571
2003-01-22,0,4.8857
2003-01-23,0,5.1429
2003-01-24,0,5.6857
2003-01-25,9.4000000000000004,5.7000
2003-01-26,164,5.5143
2003-01-27,5,5.5857
2003-01-28,0,5.5143
2003-01-29,0,5.4857
2003-01-30,0,5.5857
2003-01-31,0,5.7857
2003-02-01,0,6.3000
2003-02-02,0,6.5714
2003-02-03,0,6.7000
2003-02-04,0,6.7429
2003-02-05,11,6.6000
2003-02-06,13.199999999999999,6.4143
2003-02-07,0,6.1571
2003-02-08,13.199999999999999,5.7143
2003-02-09,36.700000000000003,5.6000
2003-02-10,31.699999999999999,5.3429
2003-02-11,25,5.3429
2003-02-12,5.0999999999999996,5.2714
2003-02-13,0.69999999999999996,5.2143
2003-02-14,0,5.2000
2003-02-15,0,5.5000
2003-02-16,0,5.6000
2003-02-17,2.1000000000000001,5.6714
2003-02-18,1.6000000000000001,5.6000
2003-02-19,2.6000000000000001,5.5000
2003-02-20,0.5,5.3571
2003-02-21,1.6000000000000001,5.3857
2003-02-22,0,5.4000
2003-02-23,0,5.2714
2003-02-24,4.5999999999999996,5.3286
2003-02-25,15.800000000000001,5.2143
2003-02-26,8.5999999999999996,5.1857
2003-02-27,8.5999999999999996,4.9429
2003-02-28,12.4,4.8000
2003-03-01,7,4.2429
2003-03-02,74,4.1000
2003-03-03,1.6000000000000001,4.0286
2003-03-04,0,4.0571
2003-03-05,5.5999999999999996,3.9143
2003-03-06,21.600000000000001,4.1143
2003-03-07,0,4.3000
2003-03-08,0,4.6714
2003-03-09,6,5.0143
2003-03-10,0,5.0286
2003-03-11,0,4.7143
2003-03-12,7.7999999999999998,4.4571
2003-03-13,23.399999999999999,4.1714
2003-03-14,6,3.6714
2003-03-15,2.2000000000000002,3.5571
2003-03-16,0,3.4000
2003-03-17,0,3.4857
2003-03-18,0,3.9429
2003-03-19,0,4.4857
2003-03-20,0,4.8857
2003-03-21,0,5.2857
2003-03-22,0,5.3714
2003-03-23,0,5.4714
2003-03-24,0,5.4571
2003-03-25,0,5.3857
2003-03-26,0,5.3429
2003-03-27,0,5.3000
2003-03-28,0,5.2571
2003-03-29,0,5.2714
2003-03-30,0,5.3000
2003-03-31,0,5.2000
2003-04-01,0,5.1429
2003-04-02,0,5.1571
2003-04-03,0,5.2286
2003-04-04,0,5.2714
2003-04-05,0,5.3286
2003-04-06,0,5.1429
2003-04-07,1.6000000000000001,5.0571
2003-04-08,5.7999999999999998,5.0000
2003-04-09,0,4.8714
2003-04-10,0,4.8286
2003-04-11,0,4.8143
2003-04-12,0,4.7571
2003-04-13,0,4.9143
2003-04-14,0,5.0286
2003-04-15,0,5.1000
2003-04-16,0,5.1429
2003-04-17,0,5.1143
2003-04-18,0,4.9857
2003-04-19,3.7000000000000002,4.6429
2003-04-20,13.300000000000001,4.1714
2003-04-21,10,3.9429
2003-04-22,11,3.7571
2003-04-23,4,3.6571
2003-04-24,1.8,3.6571
2003-04-25,2,3.4857
2003-04-26,3.2000000000000002,3.6143
2003-04-27,0,3.8857
2003-04-28,0,4.1000
2003-04-29,0,4.2143
2003-04-30,0,4.3143
2003-05-01,0,4.2571
2003-05-02,0,4.3714
2003-05-03,0,4.4714
2003-05-04,1.3999999999999999,4.3429
2003-05-05,11.800000000000001,4.0286
2003-05-06,10.4,3.8714
2003-05-07,8,3.6571
2003-05-08,6.4000000000000004,3.4857
2003-05-09,2,3.3143
2003-05-10,2,3.1143
2003-05-11,5.2999999999999998,3.1286
2003-05-12,1,3.1429
2003-05-13,1.7,2.9286
2003-05-14,2,2.9000
2003-05-15,0,2.8429
2003-05-16,23.600000000000001,3.1143
2003-05-17,0,3.2571
2003-05-18,0,3.5714
2003-05-19,0,3.7429
2003-05-20,0,4.0429
2003-05-21,0,4.2143
2003-05-22,0,4.4571
2003-05-23,0,4.3714
2003-05-24,0,4.2857
2003-05-25,0,4.0571
2003-05-26,0,3.8571
2003-05-27,0,3.6000
2003-05-28,0,3.4857
2003-05-29,0,3.1571
2003-05-30,0,2.9571
2003-05-31,0,2.8857
2003-06-01,2.7999999999999998,2.7571
2003-06-02,2,2.7286
2003-06-03,0,2.9000
2003-06-04,0,2.9000
2003-06-05,0,3.1143
2003-06-06,0,3.2714
2003-06-07,0,3.3571
2003-06-08,0,3.4429
2003-06-09,0,3.7143
2003-06-10,0,3.6000
2003-06-11,6,3.4571
2003-06-12,9,3.3429
2003-06-13,5,3.1714
2003-06-14,1,3.0143
2003-06-15,0,2.9000
2003-06-16,0,2.6143
2003-06-17,2.7999999999999998,2.6571
2003-06-18,0,2.7714
2003-06-19,0,2.7714
2003-06-20,0,2.7857
2003-06-21,0,2.8714
2003-06-22,0,2.8857
2003-06-23,0,2.7714
2003-06-24,0,2.5000
2003-06-25,25.399999999999999,2.4286
2003-06-26,0,2.4286
2003-06-27,0,2.6429
2003-06-28,0,2.7857
2003-06-29,0,2.8571
2003-06-30,0,3.1143
2003-07-01,0,3.4857
2003-07-02,0,3.6286
2003-07-03,0,3.7714
2003-07-04,0,3.6714
2003-07-05,0,3.6000
2003-07-06,0,3.4429
2003-07-07,8.1999999999999993,3.2714
2003-07-08,6.7999999999999998,3.1286
2003-07-09,5,2.9714
2003-07-10,2.6000000000000001,2.8143
2003-07-11,4.5999999999999996,2.7571
2003-07-12,3.6000000000000001,2.6000
2003-07-13,0.80000000000000004,2.6429
2003-07-14,0,2.8143
2003-07-15,0,3.0000
2003-07-16,0,2.9857
2003-07-17,1.6000000000000001,3.0286
2003-07-18,4,2.9857
2003-07-19,1.3999999999999999,3.1429
2003-07-20,2.2000000000000002,3.2143
2003-07-21,6.7999999999999998,3.1571
2003-07-22,6.7999999999999998,2.9714
2003-07-23,3.7999999999999998,3.0000
2003-07-24,5,3.0714
2003-07-25,0,3.4429
2003-07-26,0,3.3143
2003-07-27,0,3.3571
2003-07-28,0,3.3857
2003-07-29,0,3.5286
2003-07-30,0,3.7286
2003-07-31,0,3.8857
2003-08-01,0,3.6429
2003-08-02,0,3.7857
2003-08-03,0,3.7714
2003-08-04,0,3.6857
2003-08-05,1.7,3.6429
2003-08-06,0,3.3571
2003-08-07,0,3.1714
2003-08-08,2.2000000000000002,3.2143
2003-08-09,0,3.2286
2003-08-10,0,3.3143
2003-08-11,0,3.4143
2003-08-12,0,3.5429
2003-08-13,0,3.9429
2003-08-14,0,4.0286
2003-08-15,0,4.1000
2003-08-16,0,4.1857
2003-08-17,0,4.3000
2003-08-18,0,4.4000
2003-08-19,0,4.4000
2003-08-20,0,4.5000
2003-08-21,0,4.4714
2003-08-22,0,4.3714
2003-08-23,0,4.4571
2003-08-24,0,4.1714
2003-08-25,0,4.1429
2003-08-26,0,4.1143
2003-08-27,0,3.8429
2003-08-28,0,3.7857
2003-08-29,2.1000000000000001,3.6286
2003-08-30,5.0999999999999996,3.3714
2003-08-31,7,3.4857
2003-09-01,0,3.6143
2003-09-02,0,4.0286
2003-09-03,0,4.6000
2003-09-04,0,4.7571
2003-09-05,3.6000000000000001,4.8857
2003-09-06,1.3,4.9429
2003-09-07,0.59999999999999998,5.0000
2003-09-08,1.1000000000000001,5.0571
2003-09-09,0,4.7714
2003-09-10,0,4.4143
2003-09-11,0,4.3714
2003-09-12,0,4.5143
2003-09-13,0,4.7429
2003-09-14,0,5.1000
2003-09-15,0,5.3000
2003-09-16,0,5.9571
2003-09-17,0,6.2714
2003-09-18,0,6.8429
2003-09-19,0,7.2571
2003-09-20,0,7.6143
2003-09-21,0,7.5429
2003-09-22,0,7.4000
2003-09-23,0,6.9429
2003-09-24,0,6.8286
2003-09-25,0,6.5429
2003-09-26,0,6.2571
2003-09-27,0,6.1143
2003-09-28,0,6.1857
2003-09-29,0,6.3000
2003-09-30,0,6.3429
2003-10-01,0,6.1571
2003-10-02,0,6.3286
2003-10-03,0,6.7571
2003-10-04,0,7.0571
2003-10-05,0,6.9857
2003-10-06,0,6.9286
2003-10-07,0,6.9571
2003-10-08,0,6.9714
2003-10-09,0,6.7429
2003-10-10,0,6.4857
2003-10-11,0,6.2286
2003-10-12,0,6.1429
2003-10-13,0,5.7429
2003-10-14,3.6000000000000001,5.3286
2003-10-15,2.6000000000000001,5.3714
2003-10-16,0,5.4571
2003-10-17,0,5.5000
2003-10-18,0,5.6000
2003-10-19,0,5.8714
2003-10-20,0,6.3000
2003-10-21,0,6.8143
2003-10-22,0,6.9857
2003-10-23,0,7.0143
2003-10-24,4.5999999999999996,7.0857
2003-10-25,0,6.9857
2003-10-26,0,7.2143
2003-10-27,0,7.5429
2003-10-28,0,7.8429
2003-10-29,0,8.1429
2003-10-30,0,8.3857
2003-10-31,0,8.7857
2003-11-01,0,9.1571
2003-11-02,0,9.1857
2003-11-03,0,9.2286
2003-11-04,0,8.7571
2003-11-05,0,8.3571
2003-11-06,0.10000000000000001,8.1571
2003-11-07,0,7.6571
2003-11-08,0.20000000000000001,7.2571
2003-11-09,0,7.0571
2003-11-10,0.5,6.6429
2003-11-11,0.80000000000000004,6.6429
2003-11-12,1,6.6286
2003-11-13,3.6000000000000001,6.7286
2003-11-14,1.8999999999999999,6.5000
2003-11-15,2.5,6.4000
2003-11-16,0,6.2429
2003-11-17,0,6.4857
2003-11-18,0,6.5714
2003-11-19,0,6.9714
2003-11-20,0,7.0000
2003-11-21,0,7.2000
2003-11-22,0,7.3000
2003-11-23,2,7.2714
2003-11-24,5,7.6286
2003-11-25,0,7.7714
2003-11-26,0,7.5286
2003-11-27,0,7.3286
2003-11-28,0,7.2143
2003-11-29,0,7.1143
2003-11-30,0,7.0571
2003-12-01,0,5.9571
2003-12-02,0,5.5429
2003-12-03,1,5.5714
2003-12-04,0,5.4429
2003-12-05,0,5.5571
2003-12-06,54.799999999999997,5.5143
2003-12-07,0,5.6286
2003-12-08,0,6.4429
2003-12-09,0,6.8000
2003-12-10,0,6.5429
2003-12-11,30.199999999999999,6.5000
2003-12-12,4.7999999999999998,6.4143
2003-12-13,0,6.2714
2003-12-14,0,6.3429
2003-12-15,0,6.1286
2003-12-16,0,5.7143
2003-12-17,0,5.2857
2003-12-18,12.5,5.1857
2003-12-19,10,5.5000
2003-12-20,0,5.9714
2003-12-21,0,6.0286
2003-12-22,0,6.0714
2003-12-23,0,6.2714
2003-12-24,0,6.8143
2003-12-25,0,7.1571
2003-12-26,3,6.9286
2003-12-27,6,6.3714
2003-12-28,3.7000000000000002,6.0429
2003-12-29,58.899999999999999,5.7000
2003-12-30,20,5.5429
2003-12-31,8,5.5000
2004-01-01,0,5.5286
2004-01-02,0,5.6143
2004-01-03,0,6.0000
2004-01-04,0,6.1714
2004-01-05,0,6.3857
2004-01-06,0,6.4571
2004-01-07,0,6.5286
2004-01-08,13.800000000000001,6.5571
2004-01-09,5.2000000000000002,6.4000
2004-01-10,0,6.3000
2004-01-11,0,6.2000
2004-01-12,36,5.9429
2004-01-13,0,5.7857
2004-01-14,8.4000000000000004,5.4286
2004-01-15,20,4.7571
2004-01-16,5,4.3714
2004-01-17,5.7999999999999998,4.3714
2004-01-18,4,4.3714
2004-01-19,0,4.6143
2004-01-20,12.4,4.4571
2004-01-21,8.4000000000000004,4.6571
2004-01-22,1.2,4.9571
2004-01-23,0,5.2714
2004-01-24,0,5.1286
2004-01-25,0,4.9571
2004-01-26,4.4000000000000004,4.7571
2004-01-27,1.8,5.1429
2004-01-28,0,5.2286
2004-01-29,0,5.2857
2004-01-30,0,5.4000
2004-01-31,0,5.5143
2004-02-01,0,5.6143
2004-02-02,26.399999999999999,5.7000
2004-02-03,11.199999999999999,5.5571
2004-02-04,1,5.3143
2004-02-05,107,4.8714
2004-02-06,50,4.2857
2004-02-07,50,4.1143
2004-02-08,0,4.0143
2004-02-09,3,4.1143
2004-02-10,5,3.7857
2004-02-11,48,3.3286
2004-02-12,82.400000000000006,3.4143
2004-02-13,16.199999999999999,3.3143
2004-02-14,18,3.0857
2004-02-15,0,3.2143
2004-02-16,2.6000000000000001,3.2429
2004-02-17,8.4000000000000004,3.8000
2004-02-18,8,4.4286
2004-02-19,0,4.9429
2004-02-20,0,5.5857
2004-02-21,0,6.0286
2004-02-22,0,6.1143
2004-02-23,5.4000000000000004,6.0143
2004-02-24,0,5.8571
2004-02-25,0,5.8143
2004-02-26,0,5.7143
2004-02-27,69.400000000000006,5.5714
2004-02-28,29.199999999999999,5.4571
2004-02-29,0,5.1286
2004-03-01,30.399999999999999,5.0429
2004-03-02,4,4.6143
2004-03-03,30,4.4286
2004-03-04,12.199999999999999,4.3286
2004-03-05,0,4.4571
2004-03-06,0,4.5286
2004-03-07,0,4.9286
2004-03-08,0,5.1286
2004-03-09,0,5.7429
2004-03-10,0,6.0429
2004-03-11,0,5.9429
2004-03-12,18.600000000000001,5.6571
2004-03-13,15.4,5.4429
2004-03-14,39,5.2429
2004-03-15,36.200000000000003,4.7286
2004-03-16,44.200000000000003,4.4143
2004-03-17,11.199999999999999,3.9000
2004-03-18,51.200000000000003,3.5571
2004-03-19,83.599999999999994,3.1571
2004-03-20,92,2.9571
2004-03-21,4.4000000000000004,3.1714
2004-03-22,0,3.5714
2004-03-23,0,3.6143
2004-03-24,19,3.7000
2004-03-25,33,3.8143
2004-03-26,2.3999999999999999,4.3714
2004-03-27,2,4.6286
2004-03-28,0,4.4571
2004-03-29,0,4.3857
2004-03-30,0,4.3571
2004-03-31,3,4.5857
2004-04-01,0,4.9429
2004-04-02,0,4.7714
2004-04-03,0,4.7571
2004-04-04,0,4.7143
2004-04-05,3.2000000000000002,4.5286
2004-04-06,4.2000000000000002,4.5000
2004-04-07,10,4.4286
2004-04-08,6.2000000000000002,4.2571
2004-04-09,3,4.2571
2004-04-10,11,4.0714
2004-04-11,11.6,3.8429
2004-04-12,11.199999999999999,3.8571
2004-04-13,6.5999999999999996,3.8143
2004-04-14,3,3.7571
2004-04-15,1.2,3.9143
2004-04-16,5,3.8571
2004-04-17,1,3.6000
2004-04-18,0,3.5143
2004-04-19,12,3.5000
2004-04-20,0,3.6429
2004-04-21,0,3.6143
2004-04-22,0,3.6143
2004-04-23,0,3.6143
2004-04-24,13,3.6429
2004-04-25,13.1,3.6143
2004-04-26,11.9,3.4429
2004-04-27,6.4000000000000004,3.1571
2004-04-28,21.600000000000001,3.0571
2004-04-29,14.4,2.9286
2004-04-30,10.800000000000001,2.9143
2004-05-01,0,3.2857
2004-05-02,0,3.2000
2004-05-03,2,3.2571
2004-05-04,3,3.2857
2004-05-05,2,3.4286
2004-05-06,3.7999999999999998,3.3714
2004-05-07,0,3.2143
2004-05-08,2.6000000000000001,3.0143
2004-05-09,0,3.1571
2004-05-10,8,3.2857
2004-05-11,0,3.3571
2004-05-12,0,3.3143
2004-05-13,0,3.3429
2004-05-14,0,3.5571
2004-05-15,0,3.5286
2004-05-16,0,3.5714
2004-05-17,0,3.7000
2004-05-18,0,3.5571
2004-05-19,0,3.5857
2004-05-20,0,3.4857
2004-05-21,2,3.3714
2004-05-22,4.2000000000000002,3.3143
2004-05-23,4.4000000000000004,3.2143
2004-05-24,3.7999999999999998,3.0571
2004-05-25,0,3.2286
2004-05-26,0,3.2714
2004-05-27,0,3.3857
2004-05-28,0,3.3714
2004-05-29,0,3.4286
2004-05-30,0,3.4857
2004-05-31,0,3.4429
2004-06-01,5,3.2571
2004-06-02,4.4000000000000004,2.9714
2004-06-03,2.6000000000000001,2.8286
2004-06-04,2.2000000000000002,2.8714
2004-06-05,1,2.8286
2004-06-06,3.2000000000000002,2.7714
2004-06-07,5.2000000000000002,2.6714
2004-06-08,2.7999999999999998,2.8143
2004-06-09,0,3.0000
2004-06-10,0,3.0714
2004-06-11,0,3.1429
2004-06-12,0.29999999999999999,3.2429
2004-06-13,0.20000000000000001,3.2286
2004-06-14,0.59999999999999998,3.2143
2004-06-15,2.7000000000000002,3.0429
2004-06-16,0,3.2571
2004-06-17,0,3.3286
2004-06-18,0,3.4429
2004-06-19,0,3.5000
2004-06-20,0,3.8429
2004-06-21,0,4.0571
2004-06-22,0,4.2000
2004-06-23,2,3.7429
2004-06-24,2.2000000000000002,3.8143
2004-06-25,0,3.6286
2004-06-26,0.10000000000000001,3.5286
2004-06-27,0,3.4143
2004-06-28,0,3.4286
2004-06-29,0.10000000000000001,3.2429
2004-06-30,7.4000000000000004,3.2714
2004-07-01,8.4000000000000004,2.9571
2004-07-02,8.8000000000000007,3.0857
2004-07-03,0,2.9714
2004-07-04,1.5,2.7857
2004-07-05,0,2.6286
2004-07-06,0,2.5857
2004-07-07,0,2.8143
2004-07-08,0,2.7143
2004-07-09,0,2.5857
2004-07-10,0,2.6714
2004-07-11,0,2.5000
2004-07-12,2.6000000000000001,2.3286
2004-07-13,2.1000000000000001,2.5857
2004-07-14,0,2.4143
2004-07-15,0,2.6429
2004-07-16,0,2.6714
2004-07-17,0,2.8143
2004-07-18,0,3.0571
2004-07-19,0,3.3857
2004-07-20,0,3.4000
2004-07-21,0,3.6286
2004-07-22,0,3.6429
2004-07-23,9.5999999999999996,3.5714
2004-07-24,10.800000000000001,3.4429
2004-07-25,6.2000000000000002,3.4143
2004-07-26,0,3.3857
2004-07-27,0,3.3857
2004-07-28,0,3.3429
2004-07-29,0,3.3429
2004-07-30,0,3.3857
2004-07-31,0,3.4143
2004-08-01,3.2000000000000002,3.4286
2004-08-02,0,3.3857
2004-08-03,0,3.4286
2004-08-04,0,3.5000
2004-08-05,0,3.6714
2004-08-06,0,3.9714
2004-08-07,0,4.0571
2004-08-08,0,4.1571
2004-08-09,0,4.4714
2004-08-10,0,4.2286
2004-08-11,0,4.1714
2004-08-12,0,4.1286
2004-08-13,0,4.0000
2004-08-14,0,4.0714
2004-08-15,0,4.2286
2004-08-16,0,4.0714
2004-08-17,0,4.3000
2004-08-18,0,4.4571
2004-08-19,0,4.5143
2004-08-20,0,4.4571
2004-08-21,0,4.4286
2004-08-22,0,4.3286
2004-08-23,0,4.2429
2004-08-24,0,4.3143
2004-08-25,0,4.3000
2004-08-26,0,4.2000
2004-08-27,0,4.3571
2004-08-28,0,4.5000
2004-08-29,0,4.5429
2004-08-30,0,4.6857
2004-08-31,0,4.7571
2004-09-01,0,4.6429
2004-09-02,0,4.8000
2004-09-03,0,4.4714
2004-09-04,4,4.3429
2004-09-05,0,4.3286
2004-09-06,6.4000000000000004,4.1143
2004-09-07,3,3.9857
2004-09-08,0,4.2714
2004-09-09,3,4.2857
2004-09-10,0,4.5714
2004-09-11,0,4.6429
2004-09-12,0,4.7286
2004-09-13,0,4.8857
2004-09-14,0,4.9571
2004-09-15,0,4.7571
2004-09-16,0,4.7857
2004-09-17,0,4.9143
2004-09-18,0,4.9571
2004-09-19,0,5.1571
2004-09-20,0,5.3571
2004-09-21,0,5.6143
2004-09-22,0,5.7143
2004-09-23,0,5.7857
2004-09-24,0,5.7857
2004-09-25,0,6.2143
2004-09-26,0,6.1286
2004-09-27,0,6.2429
2004-09-28,0,6.3000
2004-09-29,0,6.4571
2004-09-30,0,6.5286
2004-10-01,0,6.5714
2004-10-02,0,6.4143
2004-10-03,0,6.7286
2004-10-04,0,6.7571
2004-10-05,0,6.7286
2004-10-06,0,6.8857
2004-10-07,0,7.1714
2004-10-08,0,7.4000
2004-10-09,0,7.8714
2004-10-10,0,7.6143
2004-10-11,0,7.5429
2004-10-12,0,7.6143
2004-10-13,0,7.1857
2004-10-14,3.7999999999999998,6.6000
2004-10-15,0,5.9286
2004-10-16,6.5999999999999996,5.0571
2004-10-17,0,5.1714
2004-10-18,0,5.3143
2004-10-19,0,5.2714
2004-10-20,5.7000000000000002,5.9286
2004-10-21,0,6.3429
2004-10-22,0,6.8571
2004-10-23,0,7.4000
2004-10-24,0,7.4429
2004-10-25,0,7.3429
2004-10-26,0,7.3714
2004-10-27,0,7.1000
2004-10-28,0,7.1857
2004-10-29,0,7.2571
2004-10-30,0,7.1000
2004-10-31,0,6.8429
2004-11-01,0,6.7714
2004-11-02,0,6.8000
2004-11-03,0,6.8143
2004-11-04,0,6.8857
2004-11-05,0,6.9714
2004-11-06,0,7.1571
2004-11-07,0,7.3286
2004-11-08,0,7.3429
2004-11-09,0,7.2286
2004-11-10,2.2000000000000002,7.1143
2004-11-11,0,7.0286
2004-11-12,0,7.0571
2004-11-13,0,7.1857
2004-11-14,0,7.8286
2004-11-15,0,8.0000
2004-11-16,0,8.1143
2004-11-17,0,8.0571
2004-11-18,0,7.9429
2004-11-19,0,7.9143
2004-11-20,0,7.4571
2004-11-21,0,6.7571
2004-11-22,0,6.5143
2004-11-23,0,6.2571
2004-11-24,15,5.7429
2004-11-25,11.199999999999999,5.4143
2004-11-26,2.2000000000000002,5.1286
2004-11-27,3.6000000000000001,5.1857
2004-11-28,3,5.2286
2004-11-29,0.80000000000000004,5.5714
2004-11-30,0,5.9429
2004-12-01,0,6.6000
2004-12-02,0,7.1714
2004-12-03,0,7.7000
2004-12-04,0,7.8857
2004-12-05,0,7.9000
2004-12-06,0,7.5857
2004-12-07,0,7.4571
2004-12-08,0,7.1429
2004-12-09,4,6.6143
2004-12-10,17.199999999999999,6.0429
2004-12-11,23,5.7857
2004-12-12,12,5.6429
2004-12-13,10.199999999999999,5.6571
2004-12-14,2.2000000000000002,5.5571
2004-12-15,30,5.9143
2004-12-16,0,6.3143
2004-12-17,0,6.5857
2004-12-18,0,6.6571
2004-12-19,0,6.7000
2004-12-20,0,6.7714
2004-12-21,0,6.7857
2004-12-22,0,6.4286
2004-12-23,0,6.0143
2004-12-24,0,5.6286
2004-12-25,0,5.2143
2004-12-26,0,4.8857
2004-12-27,10.199999999999999,4.5286
2004-12-28,72.599999999999994,4.1857
2004-12-29,40.799999999999997,4.2714
2004-12-30,0,4.3143
2004-12-31,28,4.3286
2005-01-01,0,4.5286
2005-01-02,0,4.5143
2005-01-03,1,4.8429
2005-01-04,0,5.3429
2005-01-05,0,5.5000
2005-01-06,0,5.6714
2005-01-07,0,5.8429
2005-01-08,0,5.8857
2005-01-09,11,6.0286
2005-01-10,73,5.6571
2005-01-11,7.7999999999999998,5.4000
2005-01-12,0,5.2286
2005-01-13,0,5.2286
2005-01-14,0,5.1857
2005-01-15,0,5.3857
2005-01-16,5,5.2571
2005-01-17,25,5.5143
2005-01-18,15,5.5286
2005-01-19,0,5.4143
2005-01-20,20,4.8286
2005-01-21,22,4.3286
2005-01-22,13,3.8286
2005-01-23,7,3.8286
2005-01-24,10.4,3.7143
2005-01-25,11.199999999999999,3.5429
2005-01-26,16,3.6286
2005-01-27,9.5999999999999996,4.1286
2005-01-28,11.4,4.6429
2005-01-29,17,5.0429
2005-01-30,0,5.4857
2005-01-31,0,5.7714
2005-02-01,0,6.1714
2005-02-02,0,6.3714
2005-02-03,0,6.6143
2005-02-04,12.800000000000001,6.6857
2005-02-05,66,6.8000
2005-02-06,8.4000000000000004,6.3143
2005-02-07,1.6000000000000001,5.8714
2005-02-08,7.4000000000000004,5.4286
2005-02-09,5.2000000000000002,5.3000
2005-02-10,0,5.2286
2005-02-11,0,5.5000
2005-02-12,0,5.5429
2005-02-13,0,5.8000
2005-02-14,0,6.1714
2005-02-15,0,6.1857
2005-02-16,27,6.1000
2005-02-17,0,6.0286
2005-02-18,0,5.8571
2005-02-19,0,5.8857
2005-02-20,0,6.0286
2005-02-21,0,6.0429
2005-02-22,0,6.1143
2005-02-23,0,6.3143
2005-02-24,0,6.4143
2005-02-25,0,6.4286
2005-02-26,0,6.3429
2005-02-27,0,6.4286
2005-02-28,0,6.3857
2005-03-01,0,6.5000
2005-03-02,4.7999999999999998,6.3000
2005-03-03,5.2000000000000002,6.0714
2005-03-04,3.7999999999999998,5.7143
2005-03-05,0,5.5571
2005-03-06,0,5.3143
2005-03-07,0,5.2286
2005-03-08,0.29999999999999999,5.2000
2005-03-09,0.80000000000000004,4.9286
2005-03-10,2.6000000000000001,4.6000
2005-03-11,4.2999999999999998,4.4429
2005-03-12,126.2,3.9714
2005-03-13,28.399999999999999,3.5143
2005-03-14,3.1000000000000001,3.0714
2005-03-15,6.2000000000000002,2.8714
2005-03-16,0.40000000000000002,3.1571
2005-03-17,0,3.4000
2005-03-18,0,3.3000
2005-03-19,0,3.5286
2005-03-20,0,3.9714
2005-03-21,0,4.3857
2005-03-22,0,4.5714
2005-03-23,0,4.9000
2005-03-24,0,5.1714
2005-03-25,0,5.7571
2005-03-26,0,6.2429
2005-03-27,0,6.3286
2005-03-28,0,6.2714
2005-03-29,0,6.3714
2005-03-30,0,6.2000
2005-03-31,0,6.0143
2005-04-01,5.7999999999999998,5.7000
2005-04-02,7.4000000000000004,5.3571
2005-04-03,6.4000000000000004,5.2429
2005-04-04,1.5,5.0714
2005-04-05,6.2999999999999998,4.8571
2005-04-06,8,4.6429
2005-04-07,1,4.5571
2005-04-08,6,4.6000
2005-04-09,0.40000000000000002,4.6286
2005-04-10,2.2999999999999998,4.4714
2005-04-11,14.1,4.4571
2005-04-12,10,4.3286
2005-04-13,9,4.1571
2005-04-14,5,4.0000
2005-04-15,1.2,3.8571
2005-04-16,0,3.8571
2005-04-17,0,3.8857
2005-04-18,0,4.0857
2005-04-19,0,4.2143
2005-04-20,0,4.5286
2005-04-21,0,4.7143
2005-04-22,8.4000000000000004,4.7000
2005-04-23,13.4,4.5143
2005-04-24,13,4.5286
2005-04-25,4.4000000000000004,4.4429
2005-04-26,5.4000000000000004,4.3857
2005-04-27,2.7999999999999998,4.0857
2005-04-28,8.4000000000000004,3.8714
2005-04-29,5.4000000000000004,3.8286
2005-04-30,12.6,3.9000
2005-05-01,1,3.9143
2005-05-02,0,3.9143
2005-05-03,0,3.8143
2005-05-04,0,3.7286
2005-05-05,3.2000000000000002,3.7143
2005-05-06,5.7999999999999998,3.6714
2005-05-07,2.2999999999999998,3.6714
2005-05-08,0,3.5143
2005-05-09,3.2000000000000002,3.4143
2005-05-10,0,3.3000
2005-05-11,3.3999999999999999,3.2429
2005-05-12,6.2000000000000002,3.5429
2005-05-13,0,3.9286
2005-05-14,0,3.9857
2005-05-15,0,4.0571
2005-05-16,0,4.1143
2005-05-17,0,4.2000
2005-05-18,0,4.3714
2005-05-19,0,3.9571
2005-05-20,0,3.7000
2005-05-21,0,3.6000
2005-05-22,0,3.5857
2005-05-23,0,3.5143
2005-05-24,0,3.4286
2005-05-25,3.7999999999999998,3.2714
2005-05-26,3.2000000000000002,3.2857
2005-05-27,0,3.1143
2005-05-28,0,3.0000
2005-05-29,0,2.7000
2005-05-30,0,2.6000
2005-05-31,0,2.4714
2005-06-01,0,2.6143
2005-06-02,4.4000000000000004,2.6000
2005-06-03,0,2.6429
2005-06-04,0,2.5286
2005-06-05,2.2000000000000002,2.7000
2005-06-06,2,2.6857
2005-06-07,2,2.9286
2005-06-08,1,2.6571
2005-06-09,2,2.7429
2005-06-10,1,2.6857
2005-06-11,2.2000000000000002,2.9000
2005-06-12,0,3.0000
2005-06-13,0,3.0714
2005-06-14,0,2.9429
2005-06-15,0,3.1857
2005-06-16,0,2.9857
2005-06-17,0,2.9714
2005-06-18,0,2.8571
2005-06-19,0,2.8143
2005-06-20,0,2.8429
2005-06-21,0,2.9429
2005-06-22,0,2.7857
2005-06-23,0,2.8286
2005-06-24,0,2.9571
2005-06-25,0,2.9143
2005-06-26,0,2.7000
2005-06-27,3.7000000000000002,2.5571
2005-06-28,0.59999999999999998,2.3143
2005-06-29,4.9000000000000004,2.3143
2005-06-30,0,2.4714
2005-07-01,0,2.4143
2005-07-02,0,2.5429
2005-07-03,0,2.6429
2005-07-04,1.5,2.6000
2005-07-05,4.7999999999999998,2.7143
2005-07-06,3.6000000000000001,2.7571
2005-07-07,2.3999999999999999,2.7000
2005-07-08,0,2.7571
2005-07-09,0,2.8429
2005-07-10,0,3.0143
2005-07-11,0,3.5143
2005-07-12,0,3.6571
2005-07-13,0,3.9571
2005-07-14,0,4.1000
2005-07-15,0,4.1857
2005-07-16,0,4.2143
2005-07-17,0,4.1286
2005-07-18,0,3.7429
2005-07-19,0,3.4857
2005-07-20,8.1999999999999993,3.0143
2005-07-21,2,2.8571
2005-07-22,6.2000000000000002,2.7000
2005-07-23,5,2.4571
2005-07-24,13.300000000000001,2.4286
2005-07-25,1.8999999999999999,2.5000
2005-07-26,0,2.6429
2005-07-27,0,3.1000
2005-07-28,0,3.2714
2005-07-29,0,3.3857
2005-07-30,0,3.4714
2005-07-31,0,3.4714
2005-08-01,6.4000000000000004,3.1857
2005-08-02,38.600000000000001,3.0857
2005-08-03,3.2000000000000002,2.8429
2005-08-04,4.4000000000000004,2.7286
2005-08-05,0,2.6857
2005-08-06,3,2.7571
2005-08-07,0,2.8143
2005-08-08,0,3.1000
2005-08-09,1.2,3.2286
2005-08-10,0,3.2857
2005-08-11,0,3.3714
2005-08-12,0,3.3000
2005-08-13,0,3.6857
2005-08-14,0,3.8286
2005-08-15,0,3.7286
2005-08-16,0,3.8429
2005-08-17,4.7999999999999998,3.8286
2005-08-18,4.2000000000000002,3.7429
2005-08-19,4.7999999999999998,3.7714
2005-08-20,1.2,3.3143
2005-08-21,0,3.2857
2005-08-22,0,3.4857
2005-08-23,0,3.5143
2005-08-24,0,3.7000
2005-08-25,0,3.6143
2005-08-26,5.7999999999999998,3.6429
2005-08-27,4.4000000000000004,3.6857
2005-08-28,10.199999999999999,3.6429
2005-08-29,3.2000000000000002,3.4857
2005-08-30,7.2000000000000002,3.4286
2005-08-31,1.8,3.3000
2005-09-01,1.2,3.4571
2005-09-02,4.5999999999999996,3.7000
2005-09-03,1.6000000000000001,3.9429
2005-09-04,0,4.2000
2005-09-05,0,4.5000
2005-09-06,0,4.9143
2005-09-07,0,5.1000
2005-09-08,0,5.2571
2005-09-09,0,5.3143
2005-09-10,0,5.4000
2005-09-11,0,5.3714
2005-09-12,2.3999999999999999,5.3143
2005-09-13,0,5.1286
2005-09-14,0,5.2286
2005-09-15,0,5.3000
2005-09-16,0,5.2571
2005-09-17,0,5.1143
2005-09-18,0,5.4000
2005-09-19,0,5.4571
2005-09-20,0,5.1429
2005-09-21,5.2000000000000002,5.1286
2005-09-22,0,5.2571
2005-09-23,0,5.2571
2005-09-24,0,5.3714
2005-09-25,0,5.1429
2005-09-26,0,5.2000
2005-09-27,0,5.7143
2005-09-28,0,5.8286
2005-09-29,0,5.8286
2005-09-30,0,6.1429
2005-10-01,0,6.2857
2005-10-02,0,6.4286
2005-10-03,0,6.4429
2005-10-04,0,6.3571
2005-10-05,0,6.4429
2005-10-06,0,6.3429
2005-10-07,0,6.0429
2005-10-08,0,5.9714
2005-10-09,0,6.0286
2005-10-10,0,6.1857
2005-10-11,0,6.1714
2005-10-12,0,6.0429
2005-10-13,0,6.3143
2005-10-14,0,6.5000
2005-10-15,0,6.5143
2005-10-16,0,6.5000
2005-10-17,0,6.5286
2005-10-18,0,6.5714
2005-10-19,0,6.4143
2005-10-20,21.800000000000001,6.3429
2005-10-21,22,6.3714
2005-10-22,9,6.5571
2005-10-23,5.2000000000000002,6.6286
2005-10-24,0,6.3286
2005-10-25,0,6.3857
2005-10-26,0,6.5000
2005-10-27,9.5999999999999996,6.4571
2005-10-28,0,6.4571
2005-10-29,0,6.3714
2005-10-30,0,6.2143
2005-10-31,0,6.3429
2005-11-01,1.5,6.3000
2005-11-02,0,6.3714
2005-11-03,0,6.3571
2005-11-04,0,6.3143
2005-11-05,0,6.2857
2005-11-06,0,6.2857
2005-11-07,0,6.3429
2005-11-08,0,6.4714
2005-11-09,0,6.6571
2005-11-10,0,6.8429
2005-11-11,0,6.9000
2005-11-12,0,6.9286
2005-11-13,0,7.0857
2005-11-14,0,7.2571
2005-11-15,0,7.2714
2005-11-16,0,7.2286
2005-11-17,0,7.0143
2005-11-18,0,6.6714
2005-11-19,0,6.5571
2005-11-20,0,6.5286
2005-11-21,0,6.5286
2005-11-22,0,6.5714
2005-11-23,0,6.3429
2005-11-24,0,6.0571
2005-11-25,0,6.4000
2005-11-26,0,6.5571
2005-11-27,0,6.6000
2005-11-28,0,6.5857
2005-11-29,0,6.4000
2005-11-30,0,6.5714
2005-12-01,30.199999999999999,6.9714
2005-12-02,1.5,6.7429
2005-12-03,1,6.7571
2005-12-04,1.5,6.5571
2005-12-05,1.5,6.4857
2005-12-06,0,6.5429
2005-12-07,0,6.6571
2005-12-08,0,6.7000
2005-12-09,0,7.0000
2005-12-10,0,7.0857
2005-12-11,0,7.2429
2005-12-12,0,7.3571
2005-12-13,0,7.5000
2005-12-14,0,7.6000
2005-12-15,0,7.7714
2005-12-16,0,7.7571
2005-12-17,0,7.5714
2005-12-18,28.399999999999999,7.7571
2005-12-19,0,7.7000
2005-12-20,0,7.9000
2005-12-21,0,7.8714
2005-12-22,0,7.6714
2005-12-23,0,7.0429
2005-12-24,5.5999999999999996,6.7857
2005-12-25,0,6.4429
2005-12-26,0,6.3571
2005-12-27,0,6.0714
2005-12-28,0,5.7286
2005-12-29,0,5.7429
2005-12-30,0,6.4286
2005-12-31,0,6.8429
2006-01-01,0,6.6143
2006-01-02,0,6.3000
2006-01-03,0,6.3000
2006-01-04,0,6.4714
2006-01-05,0,6.4286
2006-01-06,0,6.3571
2006-01-07,0,6.4143
2006-01-08,0,6.7571
2006-01-09,0,6.8000
2006-01-10,0,6.5143
2006-01-11,20.600000000000001,6.2000
2006-01-12,4,5.8714
2006-01-13,10,5.3429
2006-01-14,7.5,4.8857
2006-01-15,4.5,4.4571
2006-01-16,0,4.4429
2006-01-17,3.2000000000000002,4.4000
2006-01-18,0,4.6429
2006-01-19,0,4.8857
2006-01-20,0,5.3571
2006-01-21,2.6000000000000001,5.6429
2006-01-22,0,5.8429
2006-01-23,0,5.9143
2006-01-24,14,5.9000
2006-01-25,11.199999999999999,5.4143
2006-01-26,38.600000000000001,4.9714
2006-01-27,13,4.6429
2006-01-28,53.399999999999999,4.2714
2006-01-29,105.40000000000001,3.8143
2006-01-30,2.3999999999999999,3.5143
2006-01-31,0,3.6000
2006-02-01,0,4.1143
2006-02-02,0,4.7143
2006-02-03,0,4.9000
2006-02-04,21.199999999999999,5.2571
2006-02-05,0,5.9286
2006-02-06,0,6.4143
2006-02-07,0,6.5429
2006-02-08,0,6.5429
2006-02-09,0,6.4286
2006-02-10,0,6.5429
2006-02-11,0,6.4571
2006-02-12,0,6.1286
2006-02-13,2.6000000000000001,6.0286
2006-02-14,3,5.9714
2006-02-15,1.3999999999999999,5.8857
2006-02-16,0.40000000000000002,5.5143
2006-02-17,21.600000000000001,5.3286
2006-02-18,0.40000000000000002,5.1571
2006-02-19,0,5.3571
2006-02-20,0,5.3857
2006-02-21,3,5.4857
2006-02-22,0,5.2857
2006-02-23,8,5.2000
2006-02-24,26.399999999999999,5.2286
2006-02-25,6.2000000000000002,5.2286
2006-02-26,5.7999999999999998,5.1857
2006-02-27,1.6000000000000001,5.2000
2006-02-28,0,5.0857
2006-03-01,0,5.2714
2006-03-02,11.6,5.5143
2006-03-03,0,5.4000
2006-03-04,0.59999999999999998,5.5286
2006-03-05,0,5.3000
2006-03-06,4.4000000000000004,4.9143
2006-03-07,3,4.4857
2006-03-08,10.6,4.2143
2006-03-09,2,4.2000
2006-03-10,0,3.8857
2006-03-11,2,3.7000
2006-03-12,60,3.7714
2006-03-13,23,3.9571
2006-03-14,10.4,4.1571
2006-03-15,0,4.3286
2006-03-16,2,4.4000
2006-03-17,0,4.7571
2006-03-18,0,4.8714
2006-03-19,1.3,4.5857
2006-03-20,72.700000000000003,4.0429
2006-03-21,88.599999999999994,3.8857
2006-03-22,15.6,3.6143
2006-03-23,2.7999999999999998,3.2857
2006-03-24,4.7999999999999998,3.1571
2006-03-25,0.69999999999999996,3.1571
2006-03-26,0.5,3.5714
2006-03-27,0,4.1143
2006-03-28,2.3999999999999999,4.4143
2006-03-29,0,4.5143
2006-03-30,42,4.4000
2006-03-31,13,4.4000
2006-04-01,0,4.2714
2006-04-02,0,4.1714
2006-04-03,1.5,4.0429
2006-04-04,14.800000000000001,3.8714
2006-04-05,9.4000000000000004,3.9286
2006-04-06,3.6000000000000001,4.3000
2006-04-07,4,4.3000
2006-04-08,14.199999999999999,4.2714
2006-04-09,16.399999999999999,4.0286
2006-04-10,4.7999999999999998,4.1429
2006-04-11,1.6000000000000001,4.1571
2006-04-12,1.6000000000000001,4.0714
2006-04-13,31.199999999999999,3.8571
2006-04-14,1.3999999999999999,3.8286
2006-04-15,37,3.7857
2006-04-16,2.6000000000000001,3.9286
2006-04-17,5.2000000000000002,3.7143
2006-04-18,14.4,3.7000
2006-04-19,50.399999999999999,3.3857
2006-04-20,137.40000000000001,3.1000
2006-04-21,7,2.7857
2006-04-22,10,2.6000
2006-04-23,2,2.4571
2006-04-24,1.6000000000000001,2.6714
2006-04-25,0,2.7571
2006-04-26,0,3.1143
2006-04-27,1.6000000000000001,3.4714
2006-04-28,2.7999999999999998,3.5714
2006-04-29,0,3.6714
2006-04-30,0,3.6857
2006-05-01,0,3.4143
2006-05-02,73.200000000000003,3.0857
2006-05-03,1.8,2.7571
2006-05-04,4.2999999999999998,2.4286
2006-05-05,4.9000000000000004,2.3571
2006-05-06,1.3999999999999999,2.2571
2006-05-07,1.6000000000000001,2.2429
2006-05-08,1,2.3286
2006-05-09,0,2.6143
2006-05-10,0,2.9286
2006-05-11,0,3.0143
2006-05-12,3.3999999999999999,3.0286
2006-05-13,3.2000000000000002,3.1286
2006-05-14,2.3999999999999999,3.1286
2006-05-15,3.2000000000000002,2.9286
2006-05-16,3.6000000000000001,2.8286
2006-05-17,2,2.7286
2006-05-18,1,2.8429
2006-05-19,2,3.0714
2006-05-20,0,3.0714
2006-05-21,0,3.0571
2006-05-22,3.8999999999999999,3.2429
2006-05-23,0.29999999999999999,3.1714
2006-05-24,0.10000000000000001,3.2000
2006-05-25,1.6000000000000001,3.1857
2006-05-26,0.10000000000000001,3.1571
2006-05-27,0,3.1000
2006-05-28,2.2000000000000002,3.1571
2006-05-29,0,3.2857
2006-05-30,0,3.3000
2006-05-31,0,3.2286
2006-06-01,0,3.4429
2006-06-02,0,3.4857
2006-06-03,0,3.7143
2006-06-04,0,3.9571
2006-06-05,0,3.8857
2006-06-06,0,3.9714
2006-06-07,0,3.8857
2006-06-08,0,3.5143
2006-06-09,4,3.3571
2006-06-10,6.5999999999999996,3.0571
2006-06-11,4,2.6429
2006-06-12,0,2.6286
2006-06-13,0,2.5857
2006-06-14,2.2000000000000002,2.5714
2006-06-15,2.3999999999999999,2.6571
2006-06-16,1.8,2.6571
2006-06-17,1.2,2.7571
2006-06-18,0,2.8286
2006-06-19,6.4000000000000004,2.7000
2006-06-20,0,2.6429
2006-06-21,0,2.6571
2006-06-22,1.3999999999999999,2.6714
2006-06-23,0.40000000000000002,2.8000
2006-06-24,5,2.7429
2006-06-25,0,2.7000
2006-06-26,4.2000000000000002,2.6714
2006-06-27,3.2000000000000002,2.6429
2006-06-28,5.4000000000000004,2.6286
2006-06-29,11,2.6429
2006-06-30,0.20000000000000001,2.6286
2006-07-01,0,2.7286
2006-07-02,0,2.8714
2006-07-03,0,3.0286
2006-07-04,0,3.2714
2006-07-05,0,3.3143
2006-07-06,0,3.3857
2006-07-07,0,3.5571
2006-07-08,0,3.5857
2006-07-09,0,3.5000
2006-07-10,1,3.3429
2006-07-11,0.59999999999999998,3.0286
2006-07-12,0.5,2.8857
2006-07-13,0.10000000000000001,2.7143
2006-07-14,3.2000000000000002,2.4286
2006-07-15,0,2.2857
2006-07-16,2.6000000000000001,2.0429
2006-07-17,27.399999999999999,1.9429
2006-07-18,3.2000000000000002,2.1571
2006-07-19,0,2.5429
2006-07-20,0,2.8143
2006-07-21,0,2.6000
2006-07-22,6.2000000000000002,2.6143
2006-07-23,3.2999999999999998,2.9857
2006-07-24,0,3.1857
2006-07-25,0,3.1143
2006-07-26,0,2.9286
2006-07-27,0,2.6286
2006-07-28,0,3.0857
2006-07-29,0,3.2286
2006-07-30,0,3.2000
2006-07-31,0,3.2571
2006-08-01,0,3.3857
2006-08-02,0,3.4714
2006-08-03,0,3.8857
2006-08-04,0,4.1000
2006-08-05,0,4.1429
2006-08-06,0,4.3286
2006-08-07,0,4.3714
2006-08-08,0,4.3571
2006-08-09,0,4.3000
2006-08-10,0,4.2714
2006-08-11,0,3.9714
2006-08-12,2,3.8429
2006-08-13,6.5999999999999996,3.6429
2006-08-14,3,3.7429
2006-08-15,0,3.8000
2006-08-16,0,3.9429
2006-08-17,0,3.9286
2006-08-18,0,4.0000
2006-08-19,0,4.2571
2006-08-20,0,4.2857
2006-08-21,0,4.3000
2006-08-22,0,4.4000
2006-08-23,0,4.5000
2006-08-24,0,4.7000
2006-08-25,0,5.0143
2006-08-26,0,5.0286
2006-08-27,0,5.4143
2006-08-28,0,5.6000
2006-08-29,0,5.6143
2006-08-30,0,5.5286
2006-08-31,0,5.2000
2006-09-01,0,5.0143
2006-09-02,0,4.9000
2006-09-03,13,4.4429
2006-09-04,4,4.1714
2006-09-05,7,4.2000
2006-09-06,0,4.3571
2006-09-07,0,4.6429
2006-09-08,0,4.9143
2006-09-09,0,5.2714
2006-09-10,0,5.8000
2006-09-11,0,6.1714
2006-09-12,0,6.0429
2006-09-13,0,5.8571
2006-09-14,3.3999999999999999,5.5714
2006-09-15,7.7999999999999998,5.2571
2006-09-16,2.7999999999999998,5.0000
2006-09-17,1,4.8000
2006-09-18,0,4.6571
2006-09-19,4.2000000000000002,4.7429
2006-09-20,0,4.7429
2006-09-21,0,4.9714
2006-09-22,0,4.9857
2006-09-23,0,5.0857
2006-09-24,0,5.0286
2006-09-25,0,5.1571
2006-09-26,0,5.0000
2006-09-27,4,5.1143
2006-09-28,0,5.2857
2006-09-29,0,5.4714
2006-09-30,0,5.6714
2006-10-01,0,5.9143
2006-10-02,0,5.9000
2006-10-03,0,6.3143
2006-10-04,0,6.5714
2006-10-05,0,6.6143
2006-10-06,0,6.6857
2006-10-07,0,6.7429
2006-10-08,0,6.7000
2006-10-09,0,6.7571
2006-10-10,0,6.5714
2006-10-11,5.2000000000000002,6.3429
2006-10-12,6.7999999999999998,5.9857
2006-10-13,6,5.6714
2006-10-14,3.7999999999999998,5.3429
2006-10-15,0,5.1714
2006-10-16,0,5.0000
2006-10-17,1.8999999999999999,4.7714
2006-10-18,3,4.8143
2006-10-19,7.2000000000000002,4.9571
2006-10-20,0,5.1429
2006-10-21,0,5.2143
2006-10-22,0,5.3143
2006-10-23,6.7999999999999998,5.1714
2006-10-24,10,5.5143
2006-10-25,0,5.7000
2006-10-26,0,5.8857
2006-10-27,0,6.1000
2006-10-28,0,6.4143
2006-10-29,0,6.5429
2006-10-30,0,6.8143
2006-10-31,0,6.6429
2006-11-01,0,6.5429
2006-11-02,0,6.6143
2006-11-03,0,6.4571
2006-11-04,0,6.1286
2006-11-05,0,6.2429
2006-11-06,0,6.4571
2006-11-07,0,6.8286
2006-11-08,0,6.9429
2006-11-09,0,7.2000
2006-11-10,0,7.3286
2006-11-11,0,7.5857
2006-11-12,0,7.6143
2006-11-13,0,7.5714
2006-11-14,0,7.8286
2006-11-15,0,8.1571
2006-11-16,0,8.1571
2006-11-17,0,7.9714
2006-11-18,0,8.0286
2006-11-19,0,7.7429
2006-11-20,2,7.3857
2006-11-21,3.2000000000000002,6.8857
2006-11-22,3.6000000000000001,6.4000
2006-11-23,2.3999999999999999,6.1286
2006-11-24,0,6.3429
2006-11-25,0,6.2571
2006-11-26,0,6.4714
2006-11-27,0,6.8286
2006-11-28,0,6.8857
2006-11-29,0,7.2286
2006-11-30,0,7.5000
2006-12-01,0,7.5286
2006-12-02,0,7.4571
2006-12-03,0,7.3286
2006-12-04,0,7.1857
2006-12-05,0,6.8857
2006-12-06,0,6.4714
2006-12-07,1,5.7143
2006-12-08,1.3999999999999999,5.3000
2006-12-09,3,5.3286
2006-12-10,0,4.9857
2006-12-11,3.7999999999999998,4.7143
2006-12-12,6.2000000000000002,4.6571
2006-12-13,0,4.7857
2006-12-14,0,5.2857
2006-12-15,0,5.6143
2006-12-16,0,5.6286
2006-12-17,0,6.1286
2006-12-18,0,6.4714
2006-12-19,0,6.8714
2006-12-20,0,6.9000
2006-12-21,0,6.5714
2006-12-22,0,6.6286
2006-12-23,0,6.7429
2006-12-24,0,6.5857
2006-12-25,0,6.4857
2006-12-26,0,6.5000
2006-12-27,0,6.3429
2006-12-28,32,6.2429
2006-12-29,3.2000000000000002,5.9286
2006-12-30,0,5.6000
2006-12-31,1.3999999999999999,5.5714
2007-01-01,0,5.6000
2007-01-02,0,5.5429
2007-01-03,0,5.7000
2007-01-04,0,6.0857
2007-01-05,0,6.1857
2007-01-06,0,6.2000
2007-01-07,0,5.9857
2007-01-08,0,6.0000
2007-01-09,0,6.1286
2007-01-10,0,6.0857
2007-01-11,0,6.0857
2007-01-12,0,6.1714
2007-01-13,0,6.0857
2007-01-14,0,6.2571
2007-01-15,0,6.1000
2007-01-16,0,5.8571
2007-01-17,0,5.4571
2007-01-18,0,5.1857
2007-01-19,0,5.0857
2007-01-20,0,4.9714
2007-01-21,14.800000000000001,4.8286
2007-01-22,0,4.5000
2007-01-23,4.5999999999999996,4.3857
2007-01-24,0,4.7857
2007-01-25,0,4.8286
2007-01-26,0,4.7429
2007-01-27,0,4.9429
2007-01-28,25.399999999999999,4.9286
2007-01-29,8.4000000000000004,4.9714
2007-01-30,5,4.6714
2007-01-31,55.799999999999997,4.2143
2007-02-01,20,3.8429
2007-02-02,25,3.7286
2007-02-03,3.6000000000000001,3.4571
2007-02-04,9.0999999999999996,3.1857
2007-02-05,72.900000000000006,2.9286
2007-02-06,21,2.8429
2007-02-07,23.199999999999999,2.7429
2007-02-08,8.5999999999999996,2.8286
2007-02-09,0.80000000000000004,3.2571
2007-02-10,0,3.5429
2007-02-11,0,3.9571
2007-02-12,0,4.6714
2007-02-13,0,5.3571
2007-02-14,0.20000000000000001,5.6571
2007-02-15,0.40000000000000002,5.9714
2007-02-16,0,5.7000
2007-02-17,0,5.5571
2007-02-18,0,5.2714
2007-02-19,11.6,4.7143
2007-02-20,20,4.1143
2007-02-21,20,3.8143
2007-02-22,5.4000000000000004,3.7429
2007-02-23,1.2,3.3571
2007-02-24,0,3.1429
2007-02-25,64,3.0857
2007-02-26,2,3.3143
2007-02-27,0,3.5714
2007-02-28,3,3.8000
2007-03-01,3.6000000000000001,3.7286
2007-03-02,1.6000000000000001,3.9857
2007-03-03,0,4.4571
2007-03-04,0,4.9143
2007-03-05,0,5.1429
2007-03-06,0,5.1857
2007-03-07,0,5.3571
2007-03-08,0,5.2286
2007-03-09,6.4000000000000004,5.1857
2007-03-10,0,4.9714
2007-03-11,0,4.7857
2007-03-12,2.6000000000000001,4.8429
2007-03-13,0,4.8857
2007-03-14,22,4.7286
2007-03-15,0,4.9286
2007-03-16,14.6,4.9143
2007-03-17,8,4.8429
2007-03-18,0,4.7429
2007-03-19,3.6000000000000001,4.6286
2007-03-20,2.2000000000000002,4.3857
2007-03-21,3.3999999999999999,4.5000
2007-03-22,6.7999999999999998,4.4286
2007-03-23,8.4000000000000004,4.4714
2007-03-24,6.4000000000000004,4.4714
2007-03-25,0,4.6571
2007-03-26,0.59999999999999998,4.6143
2007-03-27,0,4.8571
2007-03-28,4,5.0571
2007-03-29,0,5.3286
2007-03-30,0,5.4714
2007-03-31,0,5.9286
2007-04-01,13.199999999999999,5.7571
2007-04-02,6.5999999999999996,5.5286
2007-04-03,0.80000000000000004,5.4000
2007-04-04,0.20000000000000001,5.2286
2007-04-05,1,4.9857
2007-04-06,5.4000000000000004,4.8000
2007-04-07,0,4.3857
2007-04-08,12,4.3571
2007-04-09,0,4.3286
2007-04-10,0.80000000000000004,4.2143
2007-04-11,0.80000000000000004,4.0857
2007-04-12,4.4000000000000004,4.0429
2007-04-13,7.5999999999999996,4.0857
2007-04-14,0,4.0429
2007-04-15,10,3.9429
2007-04-16,0,3.9429
2007-04-17,0,4.0286
2007-04-18,0,4.1571
2007-04-19,0,4.2429
2007-04-20,0,4.4286
2007-04-21,0,4.5143
2007-04-22,0,4.6286
2007-04-23,0,4.8143
2007-04-24,0,4.8714
2007-04-25,0,5.0000
2007-04-26,0,5.0571
2007-04-27,0,4.9143
2007-04-28,0,4.8571
2007-04-29,0,4.8571
2007-04-30,0,4.8571
2007-05-01,0,4.9714
2007-05-02,0,4.7286
2007-05-03,0,4.6571
2007-05-04,0,4.6714
2007-05-05,0,4.7429
2007-05-06,0,4.7286
2007-05-07,3,4.5571
2007-05-08,2.3999999999999999,4.2857
2007-05-09,3.6000000000000001,4.1571
2007-05-10,4,3.9286
2007-05-11,3,3.7143
2007-05-12,4.7999999999999998,3.4286
2007-05-13,5.2000000000000002,3.3143
2007-05-14,2,3.2857
2007-05-15,1.2,3.3714
2007-05-16,0,3.3571
2007-05-17,0,3.4714
2007-05-18,2,3.6000
2007-05-19,0,3.7286
2007-05-20,0,3.8000
2007-05-21,0,3.7857
2007-05-22,0,3.8286
2007-05-23,0,3.8143
2007-05-24,1.2,3.7286
2007-05-25,2.3999999999999999,3.4286
2007-05-26,3,3.4000
2007-05-27,2,3.2000
2007-05-28,6,3.1143
2007-05-29,11.199999999999999,2.9000
2007-05-30,3,2.9000
2007-05-31,2,2.9714
2007-06-01,1.3999999999999999,3.0429
2007-06-02,3,2.9000
2007-06-03,2.3999999999999999,2.9143
2007-06-04,1.2,2.9143
2007-06-05,1.2,2.7857
2007-06-06,2.7999999999999998,2.6571
2007-06-07,1.3999999999999999,2.4286
2007-06-08,1.6000000000000001,2.8143
2007-06-09,0,3.2571
2007-06-10,0,3.5571
2007-06-11,0,3.6286
2007-06-12,0,3.7286
2007-06-13,0,3.6571
2007-06-14,0.20000000000000001,3.5714
2007-06-15,1,3.0429
2007-06-16,1.3999999999999999,2.4286
2007-06-17,2,1.9571
2007-06-18,13,1.6857
2007-06-19,2,1.4714
2007-06-20,4,1.3429
2007-06-21,3.2000000000000002,1.2571
2007-06-22,0,1.2000
2007-06-23,0,1.2429
2007-06-24,1,1.3429
2007-06-25,1,1.4000
2007-06-26,3.2000000000000002,1.5000
2007-06-27,2,1.8143
2007-06-28,0,2.5429
2007-06-29,0,2.9429
2007-06-30,0,3.1571
2007-07-01,0,3.3714
2007-07-02,0,3.6429
2007-07-03,0,3.8143
2007-07-04,0,3.7714
2007-07-05,0,3.3000
2007-07-06,0,3.2000
2007-07-07,0,3.2286
2007-07-08,0,3.2143
2007-07-09,0,3.4429
2007-07-10,0,3.6286
2007-07-11,0,3.6143
2007-07-12,0,3.4286
2007-07-13,0,3.4286
2007-07-14,0,3.6000
2007-07-15,0,3.6143
2007-07-16,0,3.3714
2007-07-17,0,3.2143
2007-07-18,0,3.3571
2007-07-19,0,3.6143
2007-07-20,0,3.7143
2007-07-21,0,3.5571
2007-07-22,0,3.3857
2007-07-23,3.6000000000000001,3.2714
2007-07-24,6.4000000000000004,3.2286
2007-07-25,7,3.0857
2007-07-26,1,3.0286
2007-07-27,2,3.0286
2007-07-28,3,2.9857
2007-07-29,0,3.1143
2007-07-30,0,3.4714
2007-07-31,0,3.6857
2007-08-01,0,3.7429
2007-08-02,0,3.7714
2007-08-03,0,3.8429
2007-08-04,0,3.8857
2007-08-05,0,4.0857
2007-08-06,0,4.1143
2007-08-07,0,3.9000
2007-08-08,0,3.9143
2007-08-09,0,3.8143
2007-08-10,3,3.6143
2007-08-11,0,3.5286
2007-08-12,0,3.4571
2007-08-13,0,3.4571
2007-08-14,0,3.5143
2007-08-15,0,3.5143
2007-08-16,0.40000000000000002,3.6286
2007-08-17,4.2000000000000002,3.7143
2007-08-18,1.8,3.8429
2007-08-19,0,3.5143
2007-08-20,3,3.2143
2007-08-21,0,3.3143
2007-08-22,0,3.6857
2007-08-23,0,4.0857
2007-08-24,0,4.4286
2007-08-25,0,4.7143
2007-08-26,0,5.1429
2007-08-27,0,5.3571
2007-08-28,3.7999999999999998,5.4000
2007-08-29,2.6000000000000001,5.1571
2007-08-30,4.7999999999999998,4.9143
2007-08-31,3.3999999999999999,4.5714
2007-09-01,0.80000000000000004,4.3429
2007-09-02,0,4.3857
2007-09-03,0,4.2571
2007-09-04,0,4.2000
2007-09-05,5.4000000000000004,4.1286
2007-09-06,0,4.2857
2007-09-07,0,4.7429
2007-09-08,0,4.7429
2007-09-09,0,4.6143
2007-09-10,0,4.7714
2007-09-11,0,5.1714
2007-09-12,0,5.7714
2007-09-13,0,5.8000
2007-09-14,0,5.7000
2007-09-15,0,6.0429
2007-09-16,0,6.4000
2007-09-17,0,6.6286
2007-09-18,0,6.8286
2007-09-19,0,6.5429
2007-09-20,0,6.8000
2007-09-21,0,6.8857
2007-09-22,0,6.8714
2007-09-23,0,6.6000
2007-09-24,0,6.4571
2007-09-25,0,6.2286
2007-09-26,0,6.3857
2007-09-27,0,6.3857
2007-09-28,0,6.4286
2007-09-29,0,6.4000
2007-09-30,0,6.6714
2007-10-01,0,6.6143
2007-10-02,0,6.0000
2007-10-03,0,5.7429
2007-10-04,0,5.8857
2007-10-05,0,5.9429
2007-10-06,0,6.1714
2007-10-07,0,6.2286
2007-10-08,0,6.4429
2007-10-09,0,7.2714
2007-10-10,0,7.7714
2007-10-11,0,7.5429
2007-10-12,0,7.4429
2007-10-13,5,7.4143
2007-10-14,0,7.2286
2007-10-15,0,6.8571
2007-10-16,0,6.6857
2007-10-17,0,6.6571
2007-10-18,2,6.4857
2007-10-19,3.2000000000000002,6.2429
2007-10-20,4,5.8143
2007-10-21,7,5.7571
2007-10-22,0,6.0143
2007-10-23,0,5.9429
2007-10-24,0,5.7286
2007-10-25,0,6.2000
2007-10-26,0,6.5857
2007-10-27,0,6.9286
2007-10-28,0,7.0714
2007-10-29,0,7.1714
2007-10-30,0,7.2000
2007-10-31,0,7.0571
2007-11-01,0,6.7714
2007-11-02,0,6.7286
2007-11-03,0,6.7143
2007-11-04,0,6.7429
2007-11-05,0,6.9000
2007-11-06,0,7.1143
2007-11-07,0,7.3143
2007-11-08,0,7.1714
2007-11-09,0,6.9571
2007-11-10,0,6.8429
2007-11-11,0,6.6286
2007-11-12,4,6.1429
2007-11-13,4.5999999999999996,5.5000
2007-11-14,7,5.1143
2007-11-15,2,5.1000
2007-11-16,1.8,4.9143
2007-11-17,3.3999999999999999,4.6286
2007-11-18,0,4.5143
2007-11-19,13.4,4.6143
2007-11-20,4,4.8143
2007-11-21,0,5.1143
2007-11-22,0,5.3429
2007-11-23,0,5.7571
2007-11-24,30.600000000000001,6.1286
2007-11-25,13,6.3714
2007-11-26,3,6.5000
2007-11-27,0,6.5857
2007-11-28,1.8999999999999999,6.3857
2007-11-29,2.1000000000000001,6.3000
2007-11-30,12,6.2571
2007-12-01,0,6.5000
2007-12-02,0,6.6857
2007-12-03,5.7999999999999998,6.7286
2007-12-04,36.399999999999999,6.9714
2007-12-05,0,6.7429
2007-12-06,0,6.5571
2007-12-07,0,6.4714
2007-12-08,0,6.2429
2007-12-09,0,6.2429
2007-12-10,0,6.1000
2007-12-11,0,5.8571
2007-12-12,0,6.3000
2007-12-13,0,6.3571
2007-12-14,0,6.1286
2007-12-15,0,5.8714
2007-12-16,0,5.7000
2007-12-17,0,6.0286
2007-12-18,0,6.3714
2007-12-19,0,6.4571
2007-12-20,0,6.4714
2007-12-21,0,6.6143
2007-12-22,0,6.7000
2007-12-23,0,6.6000
2007-12-24,0,6.4857
2007-12-25,0,6.1143
2007-12-26,0,5.7857
2007-12-27,27,5.7429
2007-12-28,17,5.5000
2007-12-29,24.800000000000001,5.3571
2007-12-30,0,5.3000
2007-12-31,0,5.3714
2008-01-01,0,5.6143
2008-01-02,2.2000000000000002,5.6286
2008-01-03,10.6,5.3857
2008-01-04,0,5.4857
2008-01-05,7.5999999999999996,5.8286
2008-01-06,0,5.8714
2008-01-07,19,5.1286
2008-01-08,104.40000000000001,4.4000
2008-01-09,102,4.3429
2008-01-10,0,4.3714
2008-01-11,9,4.3714
2008-01-12,0,4.0857
2008-01-13,13,3.9000
2008-01-14,3,4.0857
2008-01-15,15,4.5571
2008-01-16,0,4.6000
2008-01-17,0,4.7000
2008-01-18,0,4.9571
2008-01-19,0,5.1429
2008-01-20,0,5.5429
2008-01-21,0,6.2000
2008-01-22,0,6.1143
2008-01-23,3.3999999999999999,6.1000
2008-01-24,2.2000000000000002,6.0857
2008-01-25,1.8,5.8286
2008-01-26,3.6000000000000001,5.9857
2008-01-27,0,5.9857
2008-01-28,0,5.7286
2008-01-29,0,5.8429
2008-01-30,5.7999999999999998,5.8714
2008-01-31,8.5999999999999996,5.8857
2008-02-01,1.2,5.8286
2008-02-02,2.1000000000000001,5.4429
2008-02-03,0,5.1429
2008-02-04,7.7999999999999998,4.9714
2008-02-05,8.1999999999999993,4.9857
2008-02-06,13.6,5.0429
2008-02-07,39.200000000000003,5.0000
2008-02-08,9.8000000000000007,4.9714
2008-02-09,0,4.9000
2008-02-10,0,4.4143
2008-02-11,37.399999999999999,4.0571
2008-02-12,14.199999999999999,3.7714
2008-02-13,3.6000000000000001,3.6714
2008-02-14,4,3.5857
2008-02-15,12.4,3.5286
2008-02-16,15,3.3857
2008-02-17,40.600000000000001,3.7143
2008-02-18,67.400000000000006,3.7571
2008-02-19,83.400000000000006,3.6714
2008-02-20,0,3.5429
2008-02-21,16.399999999999999,3.7143
2008-02-22,0,3.9143
2008-02-23,0,4.3714
2008-02-24,0,4.6000
2008-02-25,0,4.8000
2008-02-26,0,4.9143
2008-02-27,38.399999999999999,4.8571
2008-02-28,98,4.6000
2008-02-29,17,4.5000
2008-03-01,0,4.1857
2008-03-02,0,3.7000
2008-03-03,11.1,3.4429
2008-03-04,29.5,3.2000
2008-03-05,198.40000000000001,3.0286
2008-03-06,13,3.1429
2008-03-07,5.2000000000000002,3.1286
2008-03-08,3.7999999999999998,3.4000
2008-03-09,0,3.7857
2008-03-10,4.4000000000000004,3.9571
2008-03-11,0.40000000000000002,4.4429
2008-03-12,0.20000000000000001,4.6571
2008-03-13,126.40000000000001,4.4429
2008-03-14,13.4,4.1429
2008-03-15,42.600000000000001,3.7714
2008-03-16,3.2000000000000002,3.6857
2008-03-17,6,3.8286
2008-03-18,1.3999999999999999,3.7714
2008-03-19,3.2000000000000002,3.9143
2008-03-20,0,4.3286
2008-03-21,0,4.7429
2008-03-22,0,4.9571
2008-03-23,0,4.9857
2008-03-24,0,4.9571
2008-03-25,1.3999999999999999,4.9714
2008-03-26,0,5.0857
2008-03-27,0,5.2143
2008-03-28,0,5.3000
2008-03-29,0,5.1000
2008-03-30,0,5.0143
2008-03-31,0,4.9000
2008-04-01,3.3999999999999999,4.8714
2008-04-02,3,4.5571
2008-04-03,1.2,4.3571
2008-04-04,0,4.1000
2008-04-05,0,4.2714
2008-04-06,0,4.4571
2008-04-07,0,4.5000
2008-04-08,0,4.3000
2008-04-09,1,4.5286
2008-04-10,0,4.5429
2008-04-11,0,4.6143
2008-04-12,0,4.5857
2008-04-13,0,4.5143
2008-04-14,0,4.4429
2008-04-15,0,4.7286
2008-04-16,0,4.6286
2008-04-17,2.7999999999999998,4.4571
2008-04-18,3.3999999999999999,4.3429
2008-04-19,0,4.1857
2008-04-20,0,4.2857
2008-04-21,0,4.3571
2008-04-22,0,4.2857
2008-04-23,0,4.3429
2008-04-24,0,4.4000
2008-04-25,0,4.2714
2008-04-26,0,4.4000
2008-04-27,0,4.4286
2008-04-28,0,4.6429
2008-04-29,0,4.8286
2008-04-30,0,4.7286
2008-05-01,0,4.7429
2008-05-02,1.8,4.7429
2008-05-03,2.2000000000000002,4.7429
2008-05-04,0,4.6000
2008-05-05,0,4.4000
2008-05-06,0,4.0429
2008-05-07,0,4.0857
2008-05-08,0,4.0857
2008-05-09,0,4.2286
2008-05-10,0,4.1571
2008-05-11,0,4.0429
2008-05-12,2,4.0000
2008-05-13,0,4.0429
2008-05-14,2,3.9571
2008-05-15,5,3.7857
2008-05-16,0,3.7571
2008-05-17,0,3.8000
2008-05-18,0,3.9571
2008-05-19,0,4.1143
2008-05-20,0,4.1143
2008-05-21,0,4.1143
2008-05-22,0,4.1143
2008-05-23,7,3.9714
2008-05-24,4.4000000000000004,3.8571
2008-05-25,0,3.5286
2008-05-26,6,3.2143
2008-05-27,3.3999999999999999,2.9429
2008-05-28,1.8,2.8429
2008-05-29,0.59999999999999998,2.8714
2008-05-30,0.40000000000000002,3.0143
2008-05-31,0,2.8857
2008-06-01,0,3.0143
2008-06-02,0,3.0857
2008-06-03,0,3.2857
2008-06-04,0,3.2286
2008-06-05,0,3.2429
2008-06-06,1.3999999999999999,3.2143
2008-06-07,0,3.3429
2008-06-08,0,3.4143
2008-06-09,1.2,3.3857
2008-06-10,5.7999999999999998,3.3429
2008-06-11,3.3999999999999999,3.4000
2008-06-12,0,3.2714
2008-06-13,0,3.1571
2008-06-14,0,3.0714
2008-06-15,0,2.9143
2008-06-16,0,2.7143
2008-06-17,0,2.5429
2008-06-18,0,2.5714
2008-06-19,0,2.7286
2008-06-20,0,2.7571
2008-06-21,0,2.8286
2008-06-22,0,3.2000
2008-06-23,0,3.4857
2008-06-24,0,3.5286
2008-06-25,0,3.4143
2008-06-26,2.3999999999999999,3.2571
2008-06-27,0,3.2000
2008-06-28,1,3.1714
2008-06-29,2,2.8143
2008-06-30,1,2.8000
2008-07-01,0,2.9286
2008-07-02,0,3.0571
2008-07-03,0,2.9286
2008-07-04,0,3.0286
2008-07-05,0,3.0143
2008-07-06,0,3.0571
2008-07-07,0,2.7571
2008-07-08,0,2.5714
2008-07-09,0,2.5714
2008-07-10,0,2.8286
2008-07-11,0,2.7000
2008-07-12,0,2.8143
2008-07-13,0,2.8857
2008-07-14,0,3.2286
2008-07-15,0,3.2143
2008-07-16,3,2.9571
2008-07-17,0,2.8857
2008-07-18,0,2.9857
2008-07-19,4,2.9143
2008-07-20,0,2.7857
2008-07-21,21,2.4286
2008-07-22,6.2000000000000002,2.3857
2008-07-23,15,2.5000
2008-07-24,13.800000000000001,2.5714
2008-07-25,0,2.7286
2008-07-26,0,2.9000
2008-07-27,0,3.1429
2008-07-28,0,3.7143
2008-07-29,0,4.4143
2008-07-30,0,4.7286
2008-07-31,0,4.8571
2008-08-01,0,4.8857
2008-08-02,0,5.0286
2008-08-03,0,5.0429
2008-08-04,0,4.9000
2008-08-05,0,4.6286
2008-08-06,0,4.6000
2008-08-07,0,4.5857
2008-08-08,0,4.5571
2008-08-09,0,4.3000
2008-08-10,0,4.3714
2008-08-11,0,4.3857
2008-08-12,0,4.1857
2008-08-13,0,4.2286
2008-08-14,0,4.1286
2008-08-15,0,4.1286
2008-08-16,0,4.3000
2008-08-17,0,4.3143
2008-08-18,0,4.1143
2008-08-19,0,4.3571
2008-08-20,0,4.3143
2008-08-21,0,4.2857
2008-08-22,0,4.0857
2008-08-23,0,4.3143
2008-08-24,0,4.2429
2008-08-25,0,4.2429
2008-08-26,2,3.8857
2008-08-27,2,3.7857
2008-08-28,1,3.9000
2008-08-29,1,4.2286
2008-08-30,0,3.9143
2008-08-31,0,4.0429
2008-09-01,0,4.2857
2008-09-02,0,4.5571
2008-09-03,0,4.7429
2008-09-04,0,4.8429
2008-09-05,0,4.8571
2008-09-06,0,4.8714
2008-09-07,4,4.6857
2008-09-08,0,4.7143
2008-09-09,33,4.5286
2008-09-10,2.7999999999999998,4.1857
2008-09-11,1.2,3.8143
2008-09-12,3.3999999999999999,3.7429
2008-09-13,0,3.9429
2008-09-14,0,4.2143
2008-09-15,0,4.4429
2008-09-16,0,4.9000
2008-09-17,0,5.4714
2008-09-18,0,6.0429
2008-09-19,0,6.2429
2008-09-20,0,6.3571
2008-09-21,0,6.4143
2008-09-22,0,6.2571
2008-09-23,0,6.1429
2008-09-24,3.3999999999999999,5.9571
2008-09-25,1.2,5.6571
2008-09-26,0,5.5571
2008-09-27,0,5.4571
2008-09-28,5.7999999999999998,5.3857
2008-09-29,4,5.4286
2008-09-30,0,5.8429
2008-10-01,0,6.0714
2008-10-02,0,6.2571
2008-10-03,13.800000000000001,6.1429
2008-10-04,0,6.0000
2008-10-05,0,6.1000
2008-10-06,0,6.1286
2008-10-07,0,5.9857
2008-10-08,0,6.0714
2008-10-09,0,6.2429
2008-10-10,0,6.5286
2008-10-11,0,6.5857
2008-10-12,0,6.5000
2008-10-13,8.5999999999999996,6.4429
2008-10-14,2,6.0571
2008-10-15,1.3999999999999999,5.9714
2008-10-16,0,6.1000
2008-10-17,0,6.2143
2008-10-18,0,6.1429
2008-10-19,0,5.8286
2008-10-20,0,5.6571
2008-10-21,1.3999999999999999,5.7571
2008-10-22,0,5.7714
2008-10-23,0,5.6714
2008-10-24,0,5.7286
2008-10-25,0,6.0286
2008-10-26,0,6.5571
2008-10-27,0,7.0857
2008-10-28,0,7.4429
2008-10-29,0,7.5714
2008-10-30,0,7.6286
2008-10-31,0,7.5000
2008-11-01,0,7.5429
2008-11-02,0,7.4143
2008-11-03,0,7.3286
2008-11-04,0,7.3143
2008-11-05,0,7.1571
2008-11-06,0,7.2429
2008-11-07,0,7.3286
2008-11-08,0,7.1714
2008-11-09,0,7.0286
2008-11-10,0,6.7571
2008-11-11,0,6.6000
2008-11-12,0,6.7571
2008-11-13,0,6.7286
2008-11-14,0,6.8000
2008-11-15,0,6.9571
2008-11-16,0,7.1571
2008-11-17,0,7.3429
2008-11-18,0,7.2143
2008-11-19,5.2000000000000002,6.7571
2008-11-20,29,6.4143
2008-11-21,0,6.3286
2008-11-22,0,6.2857
2008-11-23,0,6.4286
2008-11-24,0,6.5143
2008-11-25,0,6.5429
2008-11-26,13.199999999999999,6.6857
2008-11-27,1.5,6.7714
2008-11-28,3,6.1143
2008-11-29,7,5.6429
2008-11-30,0,5.1143
2008-12-01,15.199999999999999,4.7857
2008-12-02,8.1999999999999993,4.6857
2008-12-03,0,4.9143
2008-12-04,0,5.1429
2008-12-05,0,5.6714
2008-12-06,0,6.1286
2008-12-07,0,6.3571
2008-12-08,0,6.4714
2008-12-09,10,6.6000
2008-12-10,10.199999999999999,6.3429
2008-12-11,8.1999999999999993,6.2429
2008-12-12,0,6.1857
2008-12-13,0,6.1714
2008-12-14,0,6.2857
2008-12-15,0,6.4143
2008-12-16,5,6.3286
2008-12-17,3.2000000000000002,6.3143
2008-12-18,20.800000000000001,6.1857
2008-12-19,0,6.0429
2008-12-20,2,5.8714
2008-12-21,0,5.7286
2008-12-22,0,5.5000
2008-12-23,3.3999999999999999,5.5571
2008-12-24,1.3999999999999999,5.8143
2008-12-25,0,5.9286
2008-12-26,0,6.1714
2008-12-27,19.300000000000001,6.0714
2008-12-28,2,5.8571
2008-12-29,3.3999999999999999,5.8571
2008-12-30,16.600000000000001,5.7571
2008-12-31,54,5.3429
2009-01-01,9.4000000000000004,5.0000
2009-01-02,21.399999999999999,4.8000
2009-01-03,0,4.7429
2009-01-04,36,4.6857
2009-01-05,30.199999999999999,4.6429
2009-01-06,0,4.6143
2009-01-07,2,4.6714
2009-01-08,0,4.6714
2009-01-09,0.80000000000000004,4.3429
2009-01-10,11,4.0143
2009-01-11,0,3.9000
2009-01-12,52.399999999999999,3.5143
2009-01-13,43.200000000000003,3.4000
2009-01-14,2.6000000000000001,3.7286
2009-01-15,0,3.8286
2009-01-16,0,4.0714
2009-01-17,32.399999999999999,4.5714
2009-01-18,32.399999999999999,4.6429
2009-01-19,28,4.9714
2009-01-20,3,4.9857
2009-01-21,5,4.8286
2009-01-22,0,4.8286
2009-01-23,0,4.6429
2009-01-24,0,4.5143
2009-01-25,12,4.7714
2009-01-26,14,4.9143
2009-01-27,1.8,4.9429
2009-01-28,0,4.6571
2009-01-29,15,4.4143
2009-01-30,0,4.2714
2009-01-31,7,3.8429
2009-02-01,42.600000000000001,3.3286
2009-02-02,56.399999999999999,3.0000
2009-02-03,7.4000000000000004,2.6000
2009-02-04,35,2.3571
2009-02-05,62,2.4286
2009-02-06,32.200000000000003,2.5143
2009-02-07,14.4,2.6143
2009-02-08,43.200000000000003,2.7857
2009-02-09,7,2.9143
2009-02-10,0,3.3429
2009-02-11,0,3.8143
2009-02-12,24,4.0000
2009-02-13,16,4.3000
2009-02-14,0,4.4571
2009-02-15,0,4.8857
2009-02-16,4,5.2286
2009-02-17,0,5.6429
2009-02-18,0,6.0000
2009-02-19,0,6.0857
2009-02-20,13.199999999999999,6.1571
2009-02-21,0,6.3571
2009-02-22,0,6.1286
2009-02-23,22.800000000000001,5.7000
2009-02-24,15.199999999999999,5.3000
2009-02-25,1,4.9000
2009-02-26,0,4.7000
2009-02-27,0.59999999999999998,4.5286
2009-02-28,0.80000000000000004,4.7571
2009-03-01,0,5.0000
2009-03-02,0,5.4857
2009-03-03,0,5.8000
2009-03-04,0,5.8143
2009-03-05,0,6.1571
2009-03-06,0,5.8857
2009-03-07,43,5.4857
2009-03-08,0,5.3857
2009-03-09,40.200000000000003,5.1429
2009-03-10,6,4.8857
2009-03-11,4.7999999999999998,4.8714
2009-03-12,2.3999999999999999,4.5571
2009-03-13,0,5.0429
2009-03-14,0,5.1143
2009-03-15,0,5.1714
2009-03-16,0,5.2143
2009-03-17,0,5.1143
2009-03-18,0,5.0714
2009-03-19,2.2000000000000002,5.2143
2009-03-20,0,5.1429
2009-03-21,0,5.3429
2009-03-22,0,5.3286
2009-03-23,0,5.3857
2009-03-24,4,5.6000
2009-03-25,0.5,5.6286
2009-03-26,1.2,5.5286
2009-03-27,4,5.5714
2009-03-28,0,5.6429
2009-03-29,0,5.6571
2009-03-30,0,5.6429
2009-03-31,0,5.7000
2009-04-01,0,5.9571
2009-04-02,0,6.0571
2009-04-03,0,6.0286
2009-04-04,0,5.9143
2009-04-05,0,5.7571
2009-04-06,0,5.7000
2009-04-07,0,5.5857
2009-04-08,1.6000000000000001,5.1857
2009-04-09,28.399999999999999,5.0000
2009-04-10,0,4.7571
2009-04-11,1.3999999999999999,4.6429
2009-04-12,0,4.6571
2009-04-13,14.800000000000001,4.5286
2009-04-14,0,4.2571
2009-04-15,3,4.3714
2009-04-16,0,4.4143
2009-04-17,19.399999999999999,4.4714
2009-04-18,2.3999999999999999,4.6000
2009-04-19,0,4.6143
2009-04-20,0,4.5143
2009-04-21,0,4.6571
2009-04-22,0,4.6429
2009-04-23,0,4.7143
2009-04-24,0,4.7429
2009-04-25,0,4.6143
2009-04-26,0,4.6286
2009-04-27,0,4.7143
2009-04-28,0,4.6714
2009-04-29,0,4.6714
2009-04-30,0,4.5714
2009-05-01,0,4.6000
2009-05-02,0,4.4571
2009-05-03,0,4.1857
2009-05-04,0,4.0429
2009-05-05,0,4.0857
2009-05-06,0,3.7857
2009-05-07,7.4000000000000004,3.6429
2009-05-08,5.7999999999999998,3.1714
2009-05-09,10.4,2.9429
2009-05-10,0,2.7000
2009-05-11,12,2.4286
2009-05-12,3.6000000000000001,2.2000
2009-05-13,3,2.3286
2009-05-14,1.8,2.3571
2009-05-15,1.8,2.5857
2009-05-16,1,2.7143
2009-05-17,0,3.0286
2009-05-18,0,3.3714
2009-05-19,0,3.4143
2009-05-20,0,3.5571
2009-05-21,0,3.8571
2009-05-22,0,4.1000
2009-05-23,0,4.1857
2009-05-24,0,4.1429
2009-05-25,1,4.0571
2009-05-26,1,3.8000
2009-05-27,1.2,3.5857
2009-05-28,0.20000000000000001,3.3143
2009-05-29,2.7999999999999998,3.0857
2009-05-30,0,3.0857
2009-05-31,0,3.0143
2009-06-01,4,2.9857
2009-06-02,2.8999999999999999,3.2286
2009-06-03,0,3.3571
2009-06-04,5,3.4714
2009-06-05,0,3.5714
2009-06-06,0,3.7000
2009-06-07,0,3.8714
2009-06-08,0,4.0000
2009-06-09,0,4.0571
2009-06-10,0,4.0714
2009-06-11,0,4.0000
2009-06-12,0,4.0000
2009-06-13,0,3.8429
2009-06-14,0,3.7000
2009-06-15,0,3.7286
2009-06-16,0,3.9000
2009-06-17,0,3.9000
2009-06-18,0,3.7143
2009-06-19,0,3.6000
2009-06-20,0,3.5857
2009-06-21,0,3.5143
2009-06-22,0,3.2571
2009-06-23,0,3.0571
2009-06-24,0,2.9571
2009-06-25,0,3.0429
2009-06-26,0,3.1857
2009-06-27,0,3.3571
2009-06-28,0,3.6000
2009-06-29,0,3.8429
2009-06-30,0,3.8000
2009-07-01,0,3.9000
2009-07-02,0,4.1429
2009-07-03,0,4.4571
2009-07-04,0,4.7286
2009-07-05,0,4.6429
2009-07-06,0,4.5143
2009-07-07,0,4.6286
2009-07-08,0,4.5286
2009-07-09,0,4.2571
2009-07-10,0,3.9714
2009-07-11,0,3.6571
2009-07-12,0,3.3429
2009-07-13,0,3.4143
2009-07-14,0,3.3714
2009-07-15,0,3.5857
2009-07-16,0,3.7286
2009-07-17,0,3.8000
2009-07-18,0,3.8143
2009-07-19,0,4.0429
2009-07-20,0,4.0143
2009-07-21,3,4.0286
2009-07-22,1,3.8429
2009-07-23,0,3.9000
2009-07-24,0,4.0429
2009-07-25,0,3.8286
2009-07-26,0,3.7857
2009-07-27,0,3.9143
2009-07-28,0,3.7714
2009-07-29,0,3.8143
2009-07-30,0,3.6571
2009-07-31,2,3.3143
2009-08-01,0,3.3143
2009-08-02,0,3.4857
2009-08-03,7,3.3429
2009-08-04,0,3.5000
2009-08-05,2,3.5286
2009-08-06,0,3.5286
2009-08-07,0,3.6429
2009-08-08,0,3.9000
2009-08-09,0,4.0143
2009-08-10,0,4.1143
2009-08-11,0,4.2429
2009-08-12,0,4.3286
2009-08-13,0,4.5571
2009-08-14,0,4.9000
2009-08-15,0,5.3000
2009-08-16,0,5.2571
2009-08-17,0,5.4143
2009-08-18,0,5.5286
2009-08-19,0,5.6143
2009-08-20,0,5.7000
2009-08-21,0,5.4286
2009-08-22,0,5.2000
2009-08-23,0,5.3286
2009-08-24,0,5.2143
2009-08-25,0,5.0429
2009-08-26,0,5.1429
2009-08-27,0,5.1714
2009-08-28,0,5.3286
2009-08-29,0,5.2429
2009-08-30,0,5.2000
2009-08-31,0,5.3714
2009-09-01,0,5.5143
2009-09-02,0,5.5143
2009-09-03,0,5.3429
2009-09-04,0,5.3714
2009-09-05,0,5.4714
2009-09-06,0,5.6286
2009-09-07,0,5.6714
2009-09-08,0,5.8286
2009-09-09,0,6.0429
2009-09-10,0,6.2571
2009-09-11,0,6.4143
2009-09-12,0,6.4143
2009-09-13,0,6.4571
2009-09-14,0,6.4429
2009-09-15,0,6.3857
2009-09-16,0,6.2286
2009-09-17,0,6.2143
2009-09-18,0,5.7714
2009-09-19,0,5.8571
2009-09-20,0,5.9143
2009-09-21,0,6.0571
2009-09-22,0,6.0429
2009-09-23,0,6.0857
2009-09-24,0,6.3857
2009-09-25,0,6.7429
2009-09-26,0,6.7714
2009-09-27,0,6.9143
2009-09-28,0,6.8714
2009-09-29,0,6.9571
2009-09-30,0,7.0000
2009-10-01,0,6.8714
2009-10-02,0,6.9857
2009-10-03,0,7.0286
2009-10-04,0,6.8857
2009-10-05,0,7.4286
2009-10-06,0,7.4714
2009-10-07,0,7.3000
2009-10-08,0,7.4714
2009-10-09,0,7.1857
2009-10-10,0,7.1286
2009-10-11,0,6.9714
2009-10-12,0,6.4857
2009-10-13,0,6.3714
2009-10-14,0,6.6143
2009-10-15,0,6.8143
2009-10-16,0,7.6000
2009-10-17,0,8.1571
2009-10-18,0,8.3571
2009-10-19,0,8.0429
2009-10-20,4.2000000000000002,8.1714
2009-10-21,4.7999999999999998,8.2143
2009-10-22,0.80000000000000004,8.0143
2009-10-23,0,7.4429
2009-10-24,0,6.8857
2009-10-25,0,6.8000
2009-10-26,0,7.1286
2009-10-27,0,7.1000
2009-10-28,0,6.7714
2009-10-29,8.1999999999999993,6.3571
2009-10-30,0.20000000000000001,6.1571
2009-10-31,2,6.1143
2009-11-01,0,6.1000
2009-11-02,0,6.1571
2009-11-03,0,6.2000
2009-11-04,0,6.4429
2009-11-05,0,6.6714
2009-11-06,2,6.6429
2009-11-07,4.5999999999999996,6.6857
2009-11-08,3,6.2571
2009-11-09,2.2000000000000002,6.1571
2009-11-10,0,6.0000
2009-11-11,1.8,5.8571
2009-11-12,7.5999999999999996,5.3286
2009-11-13,3.2000000000000002,5.4286
2009-11-14,0,5.5571
2009-11-15,0,6.1429
2009-11-16,0,6.3429
2009-11-17,0,6.5571
2009-11-18,0,6.8571
2009-11-19,0,7.5857
2009-11-20,0,7.8714
2009-11-21,0,7.4000
2009-11-22,13.199999999999999,7.2714
2009-11-23,0,7.1000
2009-11-24,0,7.0714
2009-11-25,0,6.6286
2009-11-26,47.799999999999997,6.2429
2009-11-27,0,6.2714
2009-11-28,0,6.4857
2009-11-29,0,6.7286
2009-11-30,0,6.9286
2009-12-01,0,7.3286
2009-12-02,0,7.6429
2009-12-03,0,7.9286
2009-12-04,0,7.8286
2009-12-05,0,8.1286
2009-12-06,0,8.1571
2009-12-07,0,7.7000
2009-12-08,7,7.4143
2009-12-09,0,7.5000
2009-12-10,0,7.0857
2009-12-11,0,7.1000
2009-12-12,0,7.0286
2009-12-13,0,6.8429
2009-12-14,0,7.2857
2009-12-15,0,7.2857
2009-12-16,2.5,6.9286
2009-12-17,3.8999999999999999,7.3571
2009-12-18,0,7.2714
2009-12-19,0,7.1286
2009-12-20,0,6.9857
2009-12-21,0,6.9286
2009-12-22,0,6.8857
2009-12-23,0,7.2000
2009-12-24,0,7.1714
2009-12-25,0,7.1000
2009-12-26,24,6.7286
2009-12-27,15,6.5000
2009-12-28,19,6.4000
2009-12-29,0,6.1857
2009-12-30,0,5.9714
2009-12-31,0,5.4714
