Date,obs
1980-01-01,77.15
1980-01-02,84.49
1980-01-03,77.2
1980-01-04,69.04
1980-01-05,73.63
1980-01-06,82.62
1980-01-07,94.45
1980-01-08,103.04
1980-01-09,91.54
1980-01-10,84.21
1980-01-11,78.54
1980-01-12,99.32
1980-01-13,91.29
1980-01-14,85.43
1980-01-15,99.69
1980-01-16,111.18
1980-01-17,100.74
1980-01-18,82.27
1980-01-19,81.48
1980-01-20,71.66
1980-01-21,69.77
1980-01-22,67.02
1980-01-23,65.39
1980-01-24,80.4
1980-01-25,98.12
1980-01-26,101.41
1980-01-27,78.11
1980-01-28,73.11
1980-01-29,68.97
1980-01-30,69.98
1980-01-31,67.92
1980-02-01,73.18
1980-02-02,68.95
1980-02-03,70.08
1980-02-04,70.14
1980-02-05,70.14
1980-02-06,68.85
1980-02-07,66.4
1980-02-08,67.3
1980-02-09,67.8
1980-02-10,70.14
1980-02-11,70.15
1980-02-12,72.71
1980-02-13,73.8
1980-02-14,78.3
1980-02-15,117.27
1980-02-16,121.16
1980-02-17,95.45
1980-02-18,82.77
1980-02-19,78.55
1980-02-20,76.07
1980-02-21,76.04
1980-02-22,76.04
1980-02-23,76.04
1980-02-24,79.73
1980-02-25,96.43
1980-02-26,102.41
1980-02-27,104.38
1980-02-28,110.73
1980-02-29,140.74
1980-03-01,157.25
1980-03-02,145.79
1980-03-03,188.81
1980-03-04,341.78
1980-03-05,542.23
1980-03-06,691.79
1980-03-07,624.11
1980-03-08,505.47
1980-03-09,342.73
1980-03-10,275.59
1980-03-11,235.98
1980-03-12,207.7
1980-03-13,182.78
1980-03-14,168.45
1980-03-15,152.64
1980-03-16,136.38
1980-03-17,124.79
1980-03-18,116.37
1980-03-19,147.36
1980-03-20,2902.44
1980-03-21,3443.17
1980-03-22,1511.19
1980-03-23,1005.3
1980-03-24,1034.44
1980-03-25,1008.83
1980-03-26,812.85
1980-03-27,678.17
1980-03-28,599.35
1980-03-29,521.42
1980-03-30,442.06
1980-03-31,389.82
1980-04-01,346.51
1980-04-02,317.24
1980-04-03,296.19
1980-04-04,276.19
1980-04-05,257.15
1980-04-06,242.35
1980-04-07,230.24
1980-04-08,216.64
1980-04-09,205.46
1980-04-10,192.91
1980-04-11,200.17
1980-04-12,222.63
1980-04-13,223.81
1980-04-14,219.66
1980-04-15,240.12
1980-04-16,273.19
1980-04-17,273.29
1980-04-18,264.01
1980-04-19,258.27
1980-04-20,246.72
1980-04-21,272.47
1980-04-22,293.01
1980-04-23,289.92
1980-04-24,411.91
1980-04-25,604.1
1980-04-26,529.03
1980-04-27,473.18
1980-04-28,373.65
1980-04-29,318.79
1980-04-30,288.6
1980-05-01,289.55
1980-05-02,293.51
1980-05-03,297.44
1980-05-04,339.96
1980-05-05,399.8
1980-05-06,439.43
1980-05-07,451.68
1980-05-08,426.29
1980-05-09,383.69
1980-05-10,343.26
1980-05-11,301.05
1980-05-12,279.26
1980-05-13,259.97
1980-05-14,247.13
1980-05-15,236.97
1980-05-16,223.59
1980-05-17,219.66
1980-05-18,226.46
1980-05-19,222.86
1980-05-20,209.16
1980-05-21,219.01
1980-05-22,232.6
1980-05-23,228.19
1980-05-24,221.11
1980-05-25,236.69
1980-05-26,234.88
1980-05-27,228.09
1980-05-28,228.09
1980-05-29,267.14
1980-05-30,339.2
1980-05-31,306.68
1980-06-01,286.04
1980-06-02,263.01
1980-06-03,242.42
1980-06-04,230.24
1980-06-05,216.64
1980-06-06,205.46
1980-06-07,192.91
1980-06-08,185.35
1980-06-09,178.07
1980-06-10,173.67
1980-06-11,176.34
1980-06-12,177.96
1980-06-13,171
1980-06-14,169.37
1980-06-15,176.29
1980-06-16,183.51
1980-06-17,185.24
1980-06-18,178.08
1980-06-19,171
1980-06-20,164.13
1980-06-21,157.44
1980-06-22,148.56
1980-06-23,138.57
1980-06-24,141.9
1980-06-25,175.12
1980-06-26,249.29
1980-06-27,253.17
1980-06-28,242.29
1980-06-29,233.49
1980-06-30,228.16
1980-07-01,225.16
1980-07-02,217.13
1980-07-03,208.45
1980-07-04,200.54
1980-07-05,190.01
1980-07-06,178.13
1980-07-07,168.4
1980-07-08,157.63
1980-07-09,153.45
1980-07-10,150.9
1980-07-11,145.4
1980-07-12,138.54
1980-07-13,134.83
1980-07-14,139.43
1980-07-15,154.36
1980-07-16,171.87
1980-07-17,183.45
1980-07-18,179.8
1980-07-19,164.22
1980-07-20,157.43
1980-07-21,153.39
1980-07-22,150.9
1980-07-23,147.01
1980-07-24,144.59
1980-07-25,140.82
1980-07-26,140.78
1980-07-27,140.78
1980-07-28,140.78
1980-07-29,138.48
1980-07-30,132.6
1980-07-31,126.84
1980-08-01,123.36
1980-08-02,121.23
1980-08-03,117.91
1980-08-04,115.83
1980-08-05,118.85
1980-08-06,126.67
1980-08-07,130.68
1980-08-08,147.69
1980-08-09,153.34
1980-08-10,154.04
1980-08-11,166.1
1980-08-12,186.53
1980-08-13,220.61
1980-08-14,228.76
1980-08-15,242.97
1980-08-16,275.29
1980-08-17,292.63
1980-08-18,277.1
1980-08-19,305.73
1980-08-20,366.29
1980-08-21,414.47
1980-08-22,476.77
1980-08-23,406.72
1980-08-24,354.93
1980-08-25,342.65
1980-08-26,310.77
1980-08-27,277.19
1980-08-28,257.18
1980-08-29,246.45
1980-08-30,229.01
1980-08-31,211.82
1980-09-01,190.52
1980-09-02,186.4
1980-09-03,177
1980-09-04,162.9
1980-09-05,156.14
1980-09-06,154.81
1980-09-07,144.18
1980-09-08,141.91
1980-09-09,138.98
1980-09-10,137.68
1980-09-11,137.03
1980-09-12,134.2
1980-09-13,127.05
1980-09-14,119.56
1980-09-15,113.25
1980-09-16,109.6
1980-09-17,107.4
1980-09-18,103.14
1980-09-19,98.97
1980-09-20,90.9
1980-09-21,90.43
1980-09-22,90.95
1980-09-23,87.95
1980-09-24,89.94
1980-09-25,93.05
1980-09-26,93.05
1980-09-27,91.33
1980-09-28,88.61
1980-09-29,86.91
1980-09-30,84.27
1980-10-01,88.5
1980-10-02,88.65
1980-10-03,82.74
1980-10-04,80.09
1980-10-05,78.52
1980-10-06,73.8
1980-10-07,75.43
1980-10-08,84.11
1980-10-09,81.48
1980-10-10,70.58
1980-10-11,71.93
1980-10-12,69.07
1980-10-13,67.32
1980-10-14,66.24
1980-10-15,65.61
1980-10-16,67.28
1980-10-17,67.3
1980-10-18,66.24
1980-10-19,64.56
1980-10-20,68.82
1980-10-21,65.55
1980-10-22,63.5
1980-10-23,60.85
1980-10-24,59.22
1980-10-25,59.2
1980-10-26,64.63
1980-10-27,74.1
1980-10-28,87.07
1980-10-29,82.98
1980-10-30,76.02
1980-10-31,71.57
1980-11-01,64.59
1980-11-02,61.34
1980-11-03,57.29
1980-11-04,54.2
1980-11-05,53.23
1980-11-06,51.75
1980-11-07,51.73
1980-11-08,50.64
1980-11-09,44.86
1980-11-10,54.44
1980-11-11,62.23
1980-11-12,67.23
1980-11-13,69.49
1980-11-14,73.01
1980-11-15,73.05
1980-11-16,80.55
1980-11-17,98.95
1980-11-18,100
1980-11-19,86.06
1980-11-20,77.39
1980-11-21,71.98
1980-11-22,68.01
1980-11-23,62.53
1980-11-24,58.27
1980-11-25,56.67
1980-11-26,55.69
1980-11-27,52.34
1980-11-28,52.18
1980-11-29,55.64
1980-11-30,54.18
1980-12-01,51.44
1980-12-02,47.14
1980-12-03,42.77
1980-12-04,44.83
1980-12-05,46.58
1980-12-06,47.61
1980-12-07,46.62
1980-12-08,48.46
1980-12-09,45.42
1980-12-10,44.41
1980-12-11,53.19
1980-12-12,73.8
1980-12-13,80.98
1980-12-14,73.83
1980-12-15,68.03
1980-12-16,64.58
1980-12-17,64.54
1980-12-18,64.54
1980-12-19,74.19
1980-12-20,85.39
1980-12-21,87.76
1980-12-22,81.48
1980-12-23,76.08
1980-12-24,77.57
1980-12-25,77.28
1980-12-26,71.98
1980-12-27,68.01
1980-12-28,63.54
1980-12-29,60.85
1980-12-30,58.25
1980-12-31,56.67
1981-01-01,58.27
1981-01-02,78.08
1981-01-03,85.37
1981-01-04,168.81
1981-01-05,269.15
1981-01-06,278.59
1981-01-07,213.78
1981-01-08,180.65
1981-01-09,188.98
1981-01-10,467.3
1981-01-11,1120.48
1981-01-12,1794.43
1981-01-13,2385.49
1981-01-14,2835.23
1981-01-15,2669.29
1981-01-16,2109.49
1981-01-17,1706.38
1981-01-18,1659.67
1981-01-19,1744.23
1981-01-20,1378.05
1981-01-21,1345.26
1981-01-22,1538.1
1981-01-23,1952.9
1981-01-24,2022.71
1981-01-25,1327.68
1981-01-26,1064.62
1981-01-27,940.09
1981-01-28,832.05
1981-01-29,888.5
1981-01-30,1216.99
1981-01-31,1094.56
1981-02-01,744.24
1981-02-02,664.95
1981-02-03,609.9
1981-02-04,700.67
1981-02-05,1330.09
1981-02-06,1463.61
1981-02-07,1081.13
1981-02-08,1131.76
1981-02-09,1233.97
1981-02-10,1153.75
1981-02-11,956.98
1981-02-12,2065.42
1981-02-13,2438.91
1981-02-14,1591.07
1981-02-15,1290.56
1981-02-16,1051.42
1981-02-17,1297.8
1981-02-18,1384.57
1981-02-19,1127.02
1981-02-20,1020.82
1981-02-21,909.08
1981-02-22,960.47
1981-02-23,1240.54
1981-02-24,1098.98
1981-02-25,1128.1
1981-02-26,1371.01
1981-02-27,1994.12
1981-02-28,3170.76
1981-03-01,2848.41
1981-03-02,1784.23
1981-03-03,1403.63
1981-03-04,1162.56
1981-03-05,1038.54
1981-03-06,923.72
1981-03-07,875.85
1981-03-08,856.77
1981-03-09,834.63
1981-03-10,805.63
1981-03-11,832.39
1981-03-12,775.4
1981-03-13,724.86
1981-03-14,709.02
1981-03-15,699.39
1981-03-16,691.83
1981-03-17,682.71
1981-03-18,664.89
1981-03-19,708.06
1981-03-20,875.28
1981-03-21,983.54
1981-03-22,871.97
1981-03-23,801.07
1981-03-24,740.68
1981-03-25,695.11
1981-03-26,669.16
1981-03-27,671.12
1981-03-28,684.21
1981-03-29,667.59
1981-03-30,651.01
1981-03-31,627.57
1981-04-01,607.1
1981-04-02,613.76
1981-04-03,661.64
1981-04-04,623.3
1981-04-05,587.66
1981-04-06,571.65
1981-04-07,582.29
1981-04-08,562.8
1981-04-09,536.04
1981-04-10,711.69
1981-04-11,708.14
1981-04-12,582.53
1981-04-13,543.86
1981-04-14,520.7
1981-04-15,508.89
1981-04-16,474.46
1981-04-17,448.46
1981-04-18,442.94
1981-04-19,434.68
1981-04-20,429.49
1981-04-21,421.41
1981-04-22,426.38
1981-04-23,434.47
1981-04-24,434.58
1981-04-25,434.58
1981-04-26,434.58
1981-04-27,434.58
1981-04-28,434.58
1981-04-29,434.58
1981-04-30,425.3
1981-05-01,398.88
1981-05-02,378.75
1981-05-03,371.2
1981-05-04,366.56
1981-05-05,354.88
1981-05-06,343.37
1981-05-07,332.12
1981-05-08,325.28
1981-05-09,321.05
1981-05-10,314.48
1981-05-11,310.35
1981-05-12,303.91
1981-05-13,307.87
1981-05-14,326.98
1981-05-15,365.62
1981-05-16,396.28
1981-05-17,455.66
1981-05-18,473.4
1981-05-19,698.03
1981-05-20,685.84
1981-05-21,637.95
1981-05-22,659.08
1981-05-23,1060.71
1981-05-24,970.11
1981-05-25,769.62
1981-05-26,674.2
1981-05-27,623.49
1981-05-28,593.35
1981-05-29,566.78
1981-05-30,542.53
1981-05-31,539.86
1981-06-01,536.53
1981-06-02,509.14
1981-06-03,479.82
1981-06-04,451.7
1981-06-05,429.7
1981-06-06,416.43
1981-06-07,403.55
1981-06-08,381.72
1981-06-09,359.51
1981-06-10,354.78
1981-06-11,347.71
1981-06-12,343.27
1981-06-13,332.11
1981-06-14,325.28
1981-06-15,321.05
1981-06-16,314.48
1981-06-17,310.35
1981-06-18,303.91
1981-06-19,303.83
1981-06-20,299.87
1981-06-21,289.74
1981-06-22,279.78
1981-06-23,273.71
1981-06-24,273.64
1981-06-25,273.64
1981-06-26,273.64
1981-06-27,273.64
1981-06-28,269.96
1981-06-29,264.12
1981-06-30,264.05
1981-07-01,260.38
1981-07-02,254.8
1981-07-03,254.73
1981-07-04,254.73
1981-07-05,254.73
1981-07-06,251.23
1981-07-07,242.28
1981-07-08,236.8
1981-07-09,236.73
1981-07-10,236.73
1981-07-11,240.12
1981-07-12,242.13
1981-07-13,240.19
1981-07-14,249.91
1981-07-15,254.73
1981-07-16,261.94
1981-07-17,281.07
1981-07-18,301.32
1981-07-19,318.36
1981-07-20,329.34
1981-07-21,344.95
1981-07-22,359.03
1981-07-23,329.09
1981-07-24,293.93
1981-07-25,289.66
1981-07-26,276.09
1981-07-27,264.2
1981-07-28,256.97
1981-07-29,242.35
1981-07-30,236.8
1981-07-31,233.42
1981-08-01,224.93
1981-08-02,219.72
1981-08-03,216.51
1981-08-04,208.44
1981-08-05,203.51
1981-08-06,200.47
1981-08-07,192.84
1981-08-08,185.35
1981-08-09,178.07
1981-08-10,170.99
1981-08-11,164.11
1981-08-12,159.94
1981-08-13,159.89
1981-08-14,159.89
1981-08-15,159.89
1981-08-16,159.89
1981-08-17,157.38
1981-08-18,153.39
1981-08-19,150.55
1981-08-20,146.96
1981-08-21,141.6
1981-08-22,134.87
1981-08-23,132.55
1981-08-24,129.01
1981-08-25,133.47
1981-08-26,140.68
1981-08-27,138.11
1981-08-28,137.12
1981-08-29,134.01
1981-08-30,123.45
1981-08-31,123.32
1981-09-01,123.32
1981-09-02,118.97
1981-09-03,110.68
1981-09-04,107.48
1981-09-05,111.41
1981-09-06,126.48
1981-09-07,142.95
1981-09-08,154.41
1981-09-09,169.47
1981-09-10,176.71
1981-09-11,186.4
1981-09-12,195.57
1981-09-13,198.66
1981-09-14,206.44
1981-09-15,203.07
1981-09-16,185.63
1981-09-17,237.07
1981-09-18,256.65
1981-09-19,219.01
1981-09-20,200.64
1981-09-21,195.75
1981-09-22,195.69
1981-09-23,192.3
1981-09-24,181.5
1981-09-25,168.44
1981-09-26,157.48
1981-09-27,148.56
1981-09-28,136.33
1981-09-29,124.7
1981-09-30,114.1
1981-10-01,125.3
1981-10-02,133.42
1981-10-03,138.38
1981-10-04,130.43
1981-10-05,121.31
1981-10-06,115.87
1981-10-07,112.61
1981-10-08,108.81
1981-10-09,106.24
1981-10-10,120.52
1981-10-11,143.44
1981-10-12,155.72
1981-10-13,150.73
1981-10-14,136.65
1981-10-15,131.78
1981-10-16,125.67
1981-10-17,122.5
1981-10-18,116.01
1981-10-19,108.25
1981-10-20,105.23
1981-10-21,93.38
1981-10-22,91.5
1981-10-23,82.08
1981-10-24,78.41
1981-10-25,75
1981-10-26,78.17
1981-10-27,84.5
1981-10-28,111
1981-10-29,155.21
1981-10-30,129.56
1981-10-31,115.05
1981-11-01,119.05
1981-11-02,138.76
1981-11-03,121.69
1981-11-04,108.53
1981-11-05,101.97
1981-11-06,97.31
1981-11-07,89.53
1981-11-08,79.08
1981-11-09,69.02
1981-11-10,72.83
1981-11-11,83.26
1981-11-12,96.07
1981-11-13,89.24
1981-11-14,76.99
1981-11-15,71.59
1981-11-16,82.35
1981-11-17,123.75
1981-11-18,150.76
1981-11-19,209.57
1981-11-20,161.9
1981-11-21,176.13
1981-11-22,175.06
1981-11-23,148.77
1981-11-24,245.55
1981-11-25,364.97
1981-11-26,455.05
1981-11-27,315.84
1981-11-28,288.84
1981-11-29,390.01
1981-11-30,448.43
1981-12-01,381.64
1981-12-02,447.95
1981-12-03,435.54
1981-12-04,321.66
1981-12-05,270.98
1981-12-06,234.05
1981-12-07,202.32
1981-12-08,181.05
1981-12-09,177.76
1981-12-10,173.19
1981-12-11,155.09
1981-12-12,144.18
1981-12-13,227.61
1981-12-14,247.47
1981-12-15,203.54
1981-12-16,175.35
1981-12-17,162.7
1981-12-18,174.16
1981-12-19,185.85
1981-12-20,190.49
1981-12-21,172.44
1981-12-22,154.51
1981-12-23,144.51
1981-12-24,138.52
1981-12-25,132.6
1981-12-26,134.6
1981-12-27,160.04
1981-12-28,239.31
1981-12-29,292.89
1981-12-30,226.37
1981-12-31,204.51
1982-01-01,187.92
1982-01-02,171.88
1982-01-03,152.68
1982-01-04,136.38
1982-01-05,126.89
1982-01-06,119.23
1982-01-07,112.65
1982-01-08,110.6
1982-01-09,107.48
1982-01-10,105.54
1982-01-11,100.68
1982-01-12,95.94
1982-01-13,93.75
1982-01-14,103.41
1982-01-15,110.52
1982-01-16,105.92
1982-01-17,108.49
1982-01-18,102.56
1982-01-19,100.82
1982-01-20,100.06
1982-01-21,120.3
1982-01-22,158.18
1982-01-23,268.25
1982-01-24,206.74
1982-01-25,213.93
1982-01-26,744.05
1982-01-27,620.73
1982-01-28,559.21
1982-01-29,545.34
1982-01-30,555.8
1982-01-31,1049.9
1982-02-01,798.33
1982-02-02,600.04
1982-02-03,462.91
1982-02-04,368.18
1982-02-05,320.18
1982-02-06,326.48
1982-02-07,382.62
1982-02-08,359.41
1982-02-09,380.4
1982-02-10,400.72
1982-02-11,377.37
1982-02-12,331.19
1982-02-13,292.55
1982-02-14,266.6
1982-02-15,254.87
1982-02-16,251.23
1982-02-17,242.28
1982-02-18,230.24
1982-02-19,213.56
1982-02-20,197.68
1982-02-21,185.41
1982-02-22,178.07
1982-02-23,177.31
1982-02-24,177.06
1982-02-25,173.66
1982-02-26,238.79
1982-02-27,387.66
1982-02-28,569.11
1982-03-01,579.33
1982-03-02,434.63
1982-03-03,338.7
1982-03-04,292.63
1982-03-05,266.6
1982-03-06,254.87
1982-03-07,258.29
1982-03-08,253.47
1982-03-09,230.38
1982-03-10,213.56
1982-03-11,232.67
1982-03-12,307.07
1982-03-13,405.78
1982-03-14,376.83
1982-03-15,318.85
1982-03-16,274.48
1982-03-17,250.55
1982-03-18,281.03
1982-03-19,367.89
1982-03-20,369.25
1982-03-21,331.43
1982-03-22,329.02
1982-03-23,401.53
1982-03-24,485.27
1982-03-25,490.52
1982-03-26,475.59
1982-03-27,420.23
1982-03-28,381.92
1982-03-29,350.69
1982-03-30,323.97
1982-03-31,298.81
1982-04-01,289.51
1982-04-02,328.46
1982-04-03,804.57
1982-04-04,3058.14
1982-04-05,2825.96
1982-04-06,3001.5
1982-04-07,1789.41
1982-04-08,1252.21
1982-04-09,997.6
1982-04-10,858.51
1982-04-11,881.29
1982-04-12,1029.81
1982-04-13,892.34
1982-04-14,813.49
1982-04-15,762.14
1982-04-16,1174.8
1982-04-17,1790.67
1982-04-18,2630.13
1982-04-19,2494.64
1982-04-20,1937.02
1982-04-21,1567.46
1982-04-22,1314.81
1982-04-23,1133.09
1982-04-24,1004.65
1982-04-25,891.73
1982-04-26,749.95
1982-04-27,784.35
1982-04-28,745.3
1982-04-29,707.42
1982-04-30,670.65
1982-05-01,639.37
1982-05-02,619.44
1982-05-03,657.82
1982-05-04,656.01
1982-05-05,604.86
1982-05-06,582.03
1982-05-07,559.98
1982-05-08,536.61
1982-05-09,514.74
1982-05-10,499.53
1982-05-11,484.74
1982-05-12,470.26
1982-05-13,450.91
1982-05-14,429.69
1982-05-15,411.54
1982-05-16,395.81
1982-05-17,383.74
1982-05-18,401.03
1982-05-19,444.84
1982-05-20,485.42
1982-05-21,497.39
1982-05-22,496.74
1982-05-23,468.97
1982-05-24,438.1
1982-05-25,416.53
1982-05-26,408.42
1982-05-27,393.46
1982-05-28,376.75
1982-05-29,383.32
1982-05-30,371.74
1982-05-31,382.55
1982-06-01,383.19
1982-06-02,378.56
1982-06-03,366.65
1982-06-04,354.87
1982-06-05,341.95
1982-06-06,329.53
1982-06-07,333.7
1982-06-08,355.8
1982-06-09,377.36
1982-06-10,393.26
1982-06-11,368.23
1982-06-12,347.71
1982-06-13,332.17
1982-06-14,321.14
1982-06-15,306.46
1982-06-16,289.82
1982-06-17,279.78
1982-06-18,273.71
1982-06-19,269.96
1982-06-20,260.55
1982-06-21,254.8
1982-06-22,251.23
1982-06-23,245.68
1982-06-24,245.61
1982-06-25,242.21
1982-06-26,236.8
1982-06-27,236.73
1982-06-28,236.73
1982-06-29,240.12
1982-06-30,242.13
1982-07-01,240.19
1982-07-02,238.81
1982-07-03,228.23
1982-07-04,228.09
1982-07-05,228.09
1982-07-06,224.86
1982-07-07,216.58
1982-07-08,211.51
1982-07-09,211.45
1982-07-10,214.58
1982-07-11,219.59
1982-07-12,222.88
1982-07-13,224.79
1982-07-14,222.95
1982-07-15,224.79
1982-07-16,216.58
1982-07-17,211.51
1982-07-18,205.39
1982-07-19,195.81
1982-07-20,192.79
1982-07-21,188.18
1982-07-22,182.55
1982-07-23,170.67
1982-07-24,177.77
1982-07-25,178.87
1982-07-26,180.75
1982-07-27,173.78
1982-07-28,167.81
1982-07-29,179.92
1982-07-30,187.72
1982-07-31,191.34
1982-08-01,183.75
1982-08-02,176.36
1982-08-03,169.26
1982-08-04,174.64
1982-08-05,202.19
1982-08-06,211.72
1982-08-07,205.95
1982-08-08,222.25
1982-08-09,258.29
1982-08-10,308.79
1982-08-11,287.03
1982-08-12,286.36
1982-08-13,317.27
1982-08-14,285.11
1982-08-15,257.1
1982-08-16,237.85
1982-08-17,221.49
1982-08-18,206.68
1982-08-19,205.47
1982-08-20,227.88
1982-08-21,241.32
1982-08-22,233.71
1982-08-23,228.18
1982-08-24,249.49
1982-08-25,263.69
1982-08-26,246.95
1982-08-27,235.01
1982-08-28,228.45
1982-08-29,230.56
1982-08-30,268.84
1982-08-31,284.03
1982-09-01,266.77
1982-09-02,257.19
1982-09-03,246.19
1982-09-04,240.66
1982-09-05,231.38
1982-09-06,224.77
1982-09-07,210.4
1982-09-08,204.16
1982-09-09,190.95
1982-09-10,183.1
1982-09-11,180
1982-09-12,168.61
1982-09-13,163.11
1982-09-14,163.9
1982-09-15,160.24
1982-09-16,166.65
1982-09-17,166.62
1982-09-18,159.37
1982-09-19,155.61
1982-09-20,144.32
1982-09-21,145.75
1982-09-22,139.21
1982-09-23,138.22
1982-09-24,140.23
1982-09-25,133.63
1982-09-26,130.73
1982-09-27,127.8
1982-09-28,131.09
1982-09-29,121.2
1982-09-30,115.27
1982-10-01,105.59
1982-10-02,105.01
1982-10-03,105.96
1982-10-04,109.18
1982-10-05,116.33
1982-10-06,125.05
1982-10-07,119.66
1982-10-08,110.6
1982-10-09,103.91
1982-10-10,100.52
1982-10-11,96.72
1982-10-12,94.75
1982-10-13,92.43
1982-10-14,96.38
1982-10-15,94.72
1982-10-16,90.99
1982-10-17,85.45
1982-10-18,83.32
1982-10-19,87.22
1982-10-20,78.81
1982-10-21,73.37
1982-10-22,77.36
1982-10-23,81.01
1982-10-24,70.26
1982-10-25,65.66
1982-10-26,69.37
1982-10-27,71.48
1982-10-28,70.96
1982-10-29,66.31
1982-10-30,65.05
1982-10-31,61.85
1982-11-01,65.59
1982-11-02,63.36
1982-11-03,60.45
1982-11-04,54.3
1982-11-05,62.49
1982-11-06,79.9
1982-11-07,91.78
1982-11-08,81.68
1982-11-09,74.9
1982-11-10,63.61
1982-11-11,57.73
1982-11-12,49.1
1982-11-13,51.58
1982-11-14,50.77
1982-11-15,52.23
1982-11-16,54.1
1982-11-17,54.87
1982-11-18,52.94
1982-11-19,47.31
1982-11-20,46.23
1982-11-21,50.74
1982-11-22,55.5
1982-11-23,66.11
1982-11-24,78.86
1982-11-25,82.38
1982-11-26,88.34
1982-11-27,88.79
1982-11-28,83.24
1982-11-29,68.83
1982-11-30,62.35
1982-12-01,57.34
1982-12-02,52.25
1982-12-03,49.42
1982-12-04,47.42
1982-12-05,50.01
1982-12-06,63.89
1982-12-07,76.37
1982-12-08,85.06
1982-12-09,124.63
1982-12-10,130.24
1982-12-11,110.14
1982-12-12,91.26
1982-12-13,78.93
1982-12-14,71.87
1982-12-15,69.22
1982-12-16,72.87
1982-12-17,90.74
1982-12-18,85.53
1982-12-19,73.98
1982-12-20,68.8
1982-12-21,64.18
1982-12-22,64.94
1982-12-23,74.81
1982-12-24,115.7
1982-12-25,110.56
1982-12-26,116.72
1982-12-27,150.09
1982-12-28,109.67
1982-12-29,89.87
1982-12-30,80.08
1982-12-31,73.34
1983-01-01,69.48
1983-01-02,67.51
1983-01-03,68.61
1983-01-04,86.4
1983-01-05,96.08
1983-01-06,84.58
1983-01-07,72.51
1983-01-08,66.39
1983-01-09,62.89
1983-01-10,60.18
1983-01-11,59.89
1983-01-12,57.27
1983-01-13,66.15
1983-01-14,66.72
1983-01-15,59.72
1983-01-16,63.9
1983-01-17,60.33
1983-01-18,63.63
1983-01-19,60.92
1983-01-20,57.95
1983-01-21,52.72
1983-01-22,51.91
1983-01-23,50.85
1983-01-24,52.06
1983-01-25,50.33
1983-01-26,49.25
1983-01-27,49.44
1983-01-28,49.3
1983-01-29,49.91
1983-01-30,50.38
1983-01-31,53.62
1983-02-01,53.05
1983-02-02,51.69
1983-02-03,51.5
1983-02-04,51.59
1983-02-05,48.4
1983-02-06,46.08
1983-02-07,46.68
1983-02-08,50.14
1983-02-09,52.88
1983-02-10,54.69
1983-02-11,55.68
1983-02-12,54.69
1983-02-13,51.67
1983-02-14,47.97
1983-02-15,41.71
1983-02-16,39.07
1983-02-17,39.64
1983-02-18,39.15
1983-02-19,35.23
1983-02-20,33.68
1983-02-21,33.37
1983-02-22,32.66
1983-02-23,34.82
1983-02-24,40.33
1983-02-25,47.29
1983-02-26,49.72
1983-02-27,46.51
1983-02-28,40.69
1983-03-01,38.47
1983-03-02,36.99
1983-03-03,37.67
1983-03-04,40.47
1983-03-05,42.76
1983-03-06,66.83
1983-03-07,69.51
1983-03-08,73.86
1983-03-09,91.45
1983-03-10,135.58
1983-03-11,284.31
1983-03-12,1362.99
1983-03-13,812.25
1983-03-14,563.31
1983-03-15,407.21
1983-03-16,334.41
1983-03-17,272.05
1983-03-18,221.3
1983-03-19,184.8
1983-03-20,164.28
1983-03-21,154.98
1983-03-22,144.69
1983-03-23,134.1
1983-03-24,117.33
1983-03-25,105.66
1983-03-26,98.9
1983-03-27,93.12
1983-03-28,96.64
1983-03-29,106.25
1983-03-30,110.52
1983-03-31,105.58
1983-04-01,100.69
1983-04-02,95.95
1983-04-03,91.37
1983-04-04,86.95
1983-04-05,84.27
1983-04-06,84.24
1983-04-07,108.5
1983-04-08,189.7
1983-04-09,124.44
1983-04-10,102.09
1983-04-11,89.77
1983-04-12,82.7
1983-04-13,78.55
1983-04-14,74.97
1983-04-15,71.96
1983-04-16,70.16
1983-04-17,70.14
1983-04-18,72.39
1983-04-19,75.99
1983-04-20,74.89
1983-04-21,74.22
1983-04-22,74.87
1983-04-23,75.69
1983-04-24,84.93
1983-04-25,98.23
1983-04-26,152.15
1983-04-27,163.54
1983-04-28,136.51
1983-04-29,151.05
1983-04-30,266.2
1983-05-01,336
1983-05-02,262.73
1983-05-03,222.1
1983-05-04,227.38
1983-05-05,230.17
1983-05-06,213.56
1983-05-07,197.68
1983-05-08,179.97
1983-05-09,161.7
1983-05-10,190.57
1983-05-11,658.3
1983-05-12,753.42
1983-05-13,901.47
1983-05-14,1049.71
1983-05-15,1249.77
1983-05-16,1214.94
1983-05-17,928.09
1983-05-18,824.14
1983-05-19,728.47
1983-05-20,687.46
1983-05-21,667.62
1983-05-22,684.54
1983-05-23,718.47
1983-05-24,657.32
1983-05-25,596.36
1983-05-26,545.08
1983-05-27,489.2
1983-05-28,446.63
1983-05-29,411.75
1983-05-30,391.04
1983-05-31,374.09
1983-06-01,350.6
1983-06-02,427.64
1983-06-03,903.71
1983-06-04,750.8
1983-06-05,637.37
1983-06-06,558.33
1983-06-07,498.46
1983-06-08,451.86
1983-06-09,419.81
1983-06-10,381.92
1983-06-11,355.06
1983-06-12,339.1
1983-06-13,321.23
1983-06-14,310.43
1983-06-15,299.95
1983-06-16,293.59
1983-06-17,297.45
1983-06-18,307.79
1983-06-19,384.6
1983-06-20,485.33
1983-06-21,452.93
1983-06-22,399.21
1983-06-23,365.32
1983-06-24,328.23
1983-06-25,306.55
1983-06-26,286.04
1983-06-27,273.79
1983-06-28,266.38
1983-06-29,251.38
1983-06-30,242.29
1983-07-01,233.5
1983-07-02,224.93
1983-07-03,219.72
1983-07-04,213.43
1983-07-05,203.57
1983-07-06,200.47
1983-07-07,192.85
1983-07-08,188.18
1983-07-09,188.12
1983-07-10,182.55
1983-07-11,173.72
1983-07-12,170.28
1983-07-13,179
1983-07-14,193.85
1983-07-15,203.33
1983-07-16,197.56
1983-07-17,191.13
1983-07-18,192.73
1983-07-19,188.18
1983-07-20,182.55
1983-07-21,173.72
1983-07-22,168.34
1983-07-23,157.48
1983-07-24,153.39
1983-07-25,155.84
1983-07-26,159.84
1983-07-27,165.13
1983-07-28,181.91
1983-07-29,195.51
1983-07-30,190.34
1983-07-31,178.13
1983-08-01,171
1983-08-02,164.12
1983-08-03,157.44
1983-08-04,151.61
1983-08-05,140.97
1983-08-06,138.48
1983-08-07,139.48
1983-08-08,156.99
1983-08-09,176.12
1983-08-10,183.51
1983-08-11,185.24
1983-08-12,180.81
1983-08-13,180.75
1983-08-14,186.45
1983-08-15,198.54
1983-08-16,204.43
1983-08-17,244.56
1983-08-18,280.46
1983-08-19,257.26
1983-08-20,239.04
1983-08-21,221.85
1983-08-22,205.55
1983-08-23,192.91
1983-08-24,181.83
1983-08-25,167.5
1983-08-26,151.34
1983-08-27,146.96
1983-08-28,146.96
1983-08-29,144.93
1983-08-30,142.57
1983-08-31,128.78
1983-09-01,127.99
1983-09-02,123.31
1983-09-03,115.16
1983-09-04,121.4
1983-09-05,116.36
1983-09-06,114.83
1983-09-07,109.68
1983-09-08,109.43
1983-09-09,105.94
1983-09-10,95.11
1983-09-11,93.05
1983-09-12,87.31
1983-09-13,88.82
1983-09-14,83.65
1983-09-15,83.71
1983-09-16,81.58
1983-09-17,79.93
1983-09-18,78.41
1983-09-19,76.28
1983-09-20,71.48
1983-09-21,71.86
1983-09-22,78.66
1983-09-23,80.29
1983-09-24,77.39
1983-09-25,74.5
1983-09-26,70.42
1983-09-27,69.93
1983-09-28,69.97
1983-09-29,81.27
1983-09-30,186.59
1983-10-01,249.54
1983-10-02,186.93
1983-10-03,151.71
1983-10-04,133.84
1983-10-05,121.61
1983-10-06,112.43
1983-10-07,106.86
1983-10-08,86.3
1983-10-09,80.91
1983-10-10,87.28
1983-10-11,98.78
1983-10-12,105.74
1983-10-13,103.64
1983-10-14,104.05
1983-10-15,104.54
1983-10-16,106.06
1983-10-17,120.1
1983-10-18,110.83
1983-10-19,105.48
1983-10-20,98.27
1983-10-21,108.02
1983-10-22,215.25
1983-10-23,141.27
1983-10-24,120.06
1983-10-25,108.8
1983-10-26,98.43
1983-10-27,83.47
1983-10-28,75.91
1983-10-29,71.49
1983-10-30,67.96
1983-10-31,64.3
1983-11-01,66.21
1983-11-02,65.99
1983-11-03,58.25
1983-11-04,54.02
1983-11-05,54.62
1983-11-06,79.54
1983-11-07,161.08
1983-11-08,132.07
1983-11-09,100.95
1983-11-10,84.21
1983-11-11,75.11
1983-11-12,68.37
1983-11-13,64.87
1983-11-14,61.55
1983-11-15,62.7
1983-11-16,60.03
1983-11-17,58.3
1983-11-18,57.33
1983-11-19,72.58
1983-11-20,99.98
1983-11-21,112.57
1983-11-22,105.51
1983-11-23,93.82
1983-11-24,90.6
1983-11-25,105.65
1983-11-26,124.43
1983-11-27,150.57
1983-11-28,112.64
1983-11-29,95.51
1983-11-30,104.24
1983-12-01,133.35
1983-12-02,151.2
1983-12-03,131.55
1983-12-04,115.62
1983-12-05,225.51
1983-12-06,272.81
1983-12-07,199.43
1983-12-08,158.27
1983-12-09,173.98
1983-12-10,238.72
1983-12-11,221.33
1983-12-12,168.13
1983-12-13,142.42
1983-12-14,125.89
1983-12-15,113.53
1983-12-16,113.15
1983-12-17,113.83
1983-12-18,112.68
1983-12-19,102.87
1983-12-20,96.21
1983-12-21,94.09
1983-12-22,94.98
1983-12-23,98.54
1983-12-24,99.68
1983-12-25,96.27
1983-12-26,102.21
1983-12-27,101.9
1983-12-28,97.55
1983-12-29,93.95
1983-12-30,88.96
1983-12-31,87.44
1984-01-01,88.26
1984-01-02,85.54
1984-01-03,81.63
1984-01-04,77.13
1984-01-05,79.81
1984-01-06,95.49
1984-01-07,97.65
1984-01-08,92.17
1984-01-09,96.9
1984-01-10,95.54
1984-01-11,200.36
1984-01-12,745.99
1984-01-13,615.06
1984-01-14,424.09
1984-01-15,561.74
1984-01-16,985.44
1984-01-17,1065.23
1984-01-18,869.99
1984-01-19,990.63
1984-01-20,745.52
1984-01-21,584.55
1984-01-22,452.37
1984-01-23,384.46
1984-01-24,337.54
1984-01-25,292.64
1984-01-26,270.19
1984-01-27,257.04
1984-01-28,239.03
1984-01-29,221.83
1984-01-30,211.57
1984-01-31,214.31
1984-02-01,214.61
1984-02-02,241.1
1984-02-03,240.08
1984-02-04,221.15
1984-02-05,221.71
1984-02-06,229.88
1984-02-07,219.79
1984-02-08,219.66
1984-02-09,231.14
1984-02-10,453.79
1984-02-11,626.97
1984-02-12,880.74
1984-02-13,769.95
1984-02-14,635.8
1984-02-15,703.64
1984-02-16,738.88
1984-02-17,854.73
1984-02-18,825.59
1984-02-19,803.08
1984-02-20,862.73
1984-02-21,768.25
1984-02-22,728.19
1984-02-23,704.34
1984-02-24,638.18
1984-02-25,576.78
1984-02-26,513.26
1984-02-27,460.57
1984-02-28,424.81
1984-02-29,426.49
1984-03-01,465.2
1984-03-02,424.92
1984-03-03,389.62
1984-03-04,355.15
1984-03-05,343.36
1984-03-06,336.54
1984-03-07,349.04
1984-03-08,359.11
1984-03-09,350.42
1984-03-10,328.05
1984-03-11,314.57
1984-03-12,310.35
1984-03-13,296.09
1984-03-14,276.17
1984-03-15,260.62
1984-03-16,251.31
1984-03-17,242.28
1984-03-18,230.24
1984-03-19,219.79
1984-03-20,224.2
1984-03-21,263.06
1984-03-22,258.61
1984-03-23,230.42
1984-03-24,216.64
1984-03-25,205.46
1984-03-26,195.81
1984-03-27,192.79
1984-03-28,188.18
1984-03-29,185.29
1984-03-30,178.07
1984-03-31,177.61
1984-04-01,205.4
1984-04-02,200.09
1984-04-03,195.69
1984-04-04,195.69
1984-04-05,195.69
1984-04-06,195.69
1984-04-07,192.79
1984-04-08,185.35
1984-04-09,178.07
1984-04-10,168.4
1984-04-11,160
1984-04-12,159.89
1984-04-13,157.38
1984-04-14,153.39
1984-04-15,150.9
1984-04-16,149.45
1984-04-17,150.85
1984-04-18,147.01
1984-04-19,149.4
1984-04-20,150.85
1984-04-21,144.64
1984-04-22,136.28
1984-04-23,129.05
1984-04-24,128.96
1984-04-25,126.8
1984-04-26,121.27
1984-04-27,115.87
1984-04-28,112.61
1984-04-29,114.59
1984-04-30,122.06
1984-05-01,128.88
1984-05-02,129.72
1984-05-03,149.98
1984-05-04,170.26
1984-05-05,166.71
1984-05-06,166.65
1984-05-07,169.31
1984-05-08,173.56
1984-05-09,170.94
1984-05-10,161.59
1984-05-11,153.44
1984-05-12,148.51
1984-05-13,136.33
1984-05-14,124.79
1984-05-15,117.95
1984-05-16,115.83
1984-05-17,110.64
1984-05-18,105.58
1984-05-19,104.42
1984-05-20,103.65
1984-05-21,97.76
1984-05-22,97.69
1984-05-23,103.35
1984-05-24,114.47
1984-05-25,119.91
1984-05-26,121.18
1984-05-27,117.91
1984-05-28,117.87
1984-05-29,122.49
1984-05-30,146.73
1984-05-31,153.34
1984-06-01,158.1
1984-06-02,184.97
1984-06-03,195.56
1984-06-04,187.2
1984-06-05,168.51
1984-06-06,155.03
1984-06-07,147.06
1984-06-08,151.17
1984-06-09,187.06
1984-06-10,195.69
1984-06-11,201.7
1984-06-12,208.25
1984-06-13,200.54
1984-06-14,192.85
1984-06-15,194.03
1984-06-16,215.98
1984-06-17,246.86
1984-06-18,267.49
1984-06-19,266.3
1984-06-20,244.63
1984-06-21,218.81
1984-06-22,200.66
1984-06-23,187.25
1984-06-24,168.51
1984-06-25,162.58
1984-06-26,164.01
1984-06-27,157.44
1984-06-28,150.95
1984-06-29,144.65
1984-06-30,138.54
1984-07-01,130.43
1984-07-02,121.31
1984-07-03,113.9
1984-07-04,107.52
1984-07-05,105.35
1984-07-06,101.33
1984-07-07,95.37
1984-07-08,93.05
1984-07-09,93.3
1984-07-10,102.42
1984-07-11,100.62
1984-07-12,98.29
1984-07-13,102.41
1984-07-14,104.45
1984-07-15,107.44
1984-07-16,105.01
1984-07-17,112.13
1984-07-18,125.23
1984-07-19,134.97
1984-07-20,143.42
1984-07-21,146.96
1984-07-22,146.96
1984-07-23,144.59
1984-07-24,138.85
1984-07-25,135
1984-07-26,134.79
1984-07-27,132.46
1984-07-28,134.89
1984-07-29,140.78
1984-07-30,136.16
1984-07-31,128.27
1984-08-01,116.31
1984-08-02,107.12
1984-08-03,104.6
1984-08-04,102.49
1984-08-05,101.96
1984-08-06,96.14
1984-08-07,102.43
1984-08-08,94.77
1984-08-09,87.42
1984-08-10,81.11
1984-08-11,80.06
1984-08-12,75.4
1984-08-13,72.9
1984-08-14,71.51
1984-08-15,68.37
1984-08-16,66.2
1984-08-17,63.22
1984-08-18,61.83
1984-08-19,61.23
1984-08-20,61.07
1984-08-21,61.07
1984-08-22,58.89
1984-08-23,57.25
1984-08-24,57.74
1984-08-25,53.68
1984-08-26,53.56
1984-08-27,52.15
1984-08-28,55.51
1984-08-29,55.81
1984-08-30,52.25
1984-08-31,50.41
1984-09-01,49.8
1984-09-02,48.23
1984-09-03,49.32
1984-09-04,51.75
1984-09-05,47.28
1984-09-06,43.52
1984-09-07,45.79
1984-09-08,45.6
1984-09-09,46.21
1984-09-10,42.4
1984-09-11,42.42
1984-09-12,41.04
1984-09-13,40.38
1984-09-14,41.21
1984-09-15,39.92
1984-09-16,39.33
1984-09-17,38.53
1984-09-18,38.29
1984-09-19,38.68
1984-09-20,40.85
1984-09-21,44.51
1984-09-22,41.67
1984-09-23,38.95
1984-09-24,37.99
1984-09-25,37.19
1984-09-26,36.52
1984-09-27,34.69
1984-09-28,33.84
1984-09-29,33.78
1984-09-30,33.34
1984-10-01,32.73
1984-10-02,32.48
1984-10-03,33.24
1984-10-04,34.24
1984-10-05,36.69
1984-10-06,34.42
1984-10-07,34.25
1984-10-08,32
1984-10-09,34.71
1984-10-10,38.07
1984-10-11,43.85
1984-10-12,59.59
1984-10-13,63.85
1984-10-14,55.75
1984-10-15,50.04
1984-10-16,46.27
1984-10-17,40.29
1984-10-18,35.89
1984-10-19,33.25
1984-10-20,31.97
1984-10-21,34.35
1984-10-22,34.61
1984-10-23,36.97
1984-10-24,35.6
1984-10-25,36.51
1984-10-26,34.19
1984-10-27,33.64
1984-10-28,32.44
1984-10-29,33.05
1984-10-30,33.81
1984-10-31,34.6
1984-11-01,32.66
1984-11-02,32.75
1984-11-03,32.75
1984-11-04,35.04
1984-11-05,42.84
1984-11-06,46.64
1984-11-07,54.16
1984-11-08,67.5
1984-11-09,68.11
1984-11-10,69.35
1984-11-11,62.13
1984-11-12,57.7
1984-11-13,55.16
1984-11-14,52.34
1984-11-15,45.03
1984-11-16,40.18
1984-11-17,37.71
1984-11-18,38.97
1984-11-19,37.71
1984-11-20,37.69
1984-11-21,46.93
1984-11-22,57.18
1984-11-23,61.4
1984-11-24,56.17
1984-11-25,60.1
1984-11-26,113.88
1984-11-27,145.9
1984-11-28,109.8
1984-11-29,94.31
1984-11-30,76.1
1984-12-01,68.73
1984-12-02,63.17
1984-12-03,61.13
1984-12-04,60.38
1984-12-05,55.49
1984-12-06,52.44
1984-12-07,48.67
1984-12-08,47.03
1984-12-09,45.34
1984-12-10,46.47
1984-12-11,45.12
1984-12-12,47.1
1984-12-13,50.22
1984-12-14,50.89
1984-12-15,49.4
1984-12-16,52
1984-12-17,57.11
1984-12-18,54.44
1984-12-19,58.84
1984-12-20,59.42
1984-12-21,52.95
1984-12-22,49.76
1984-12-23,57.89
1984-12-24,85.1
1984-12-25,67.12
1984-12-26,61.66
1984-12-27,64.75
1984-12-28,66.58
1984-12-29,66.74
1984-12-30,66.21
1984-12-31,85.24
1985-01-01,83.1
1985-01-02,66.19
1985-01-03,61.52
1985-01-04,56.62
1985-01-05,52.09
1985-01-06,49.5
1985-01-07,49.2
1985-01-08,47.71
1985-01-09,43.63
1985-01-10,39.64
1985-01-11,38.93
1985-01-12,37.04
1985-01-13,36.59
1985-01-14,37
1985-01-15,38.68
1985-01-16,39.03
1985-01-17,106.08
1985-01-18,1344.74
1985-01-19,1169.55
1985-01-20,467.64
1985-01-21,283.62
1985-01-22,230.36
1985-01-23,242.29
1985-01-24,474.66
1985-01-25,345.5
1985-01-26,255.29
1985-01-27,209.86
1985-01-28,177.67
1985-01-29,157.12
1985-01-30,147.21
1985-01-31,136.71
1985-02-01,125.32
1985-02-02,117.42
1985-02-03,112.27
1985-02-04,109.91
1985-02-05,111.02
1985-02-06,116.81
1985-02-07,118.22
1985-02-08,216.8
1985-02-09,1468.4
1985-02-10,1266.53
1985-02-11,838.51
1985-02-12,580.86
1985-02-13,450.95
1985-02-14,365.08
1985-02-15,301.82
1985-02-16,276.65
1985-02-17,335.78
1985-02-18,449.25
1985-02-19,725.16
1985-02-20,681.66
1985-02-21,522.49
1985-02-22,484.13
1985-02-23,438.6
1985-02-24,394.3
1985-02-25,400.96
1985-02-26,388.24
1985-02-27,452.37
1985-02-28,1511.42
1985-03-01,1371.48
1985-03-02,946.63
1985-03-03,978.82
1985-03-04,1035.06
1985-03-05,648.58
1985-03-06,496.04
1985-03-07,449.15
1985-03-08,553.63
1985-03-09,619.66
1985-03-10,769.28
1985-03-11,586.36
1985-03-12,482.91
1985-03-13,593.36
1985-03-14,577.83
1985-03-15,467.53
1985-03-16,576.11
1985-03-17,761.91
1985-03-18,834.54
1985-03-19,694.91
1985-03-20,604.06
1985-03-21,550.1
1985-03-22,531.22
1985-03-23,1020.68
1985-03-24,3749.49
1985-03-25,4755.75
1985-03-26,2518.44
1985-03-27,1894.56
1985-03-28,1539.09
1985-03-29,1302.34
1985-03-30,1128.54
1985-03-31,1029.33
1985-04-01,959.38
1985-04-02,873.66
1985-04-03,796.52
1985-04-04,771.92
1985-04-05,726.1
1985-04-06,911.16
1985-04-07,1112.97
1985-04-08,843.7
1985-04-09,680.6
1985-04-10,643.46
1985-04-11,799.92
1985-04-12,1509.19
1985-04-13,1689.11
1985-04-14,1287.65
1985-04-15,1010.31
1985-04-16,851.12
1985-04-17,752.44
1985-04-18,675.21
1985-04-19,617.32
1985-04-20,583.29
1985-04-21,557.49
1985-04-22,526.09
1985-04-23,521.05
1985-04-24,609.42
1985-04-25,551.04
1985-04-26,512.56
1985-04-27,503.9
1985-04-28,493.69
1985-04-29,477.68
1985-04-30,467.74
1985-05-01,447.61
1985-05-02,430.77
1985-05-03,416.09
1985-05-04,411.45
1985-05-05,399.99
1985-05-06,384.47
1985-05-07,370.94
1985-05-08,366.65
1985-05-09,356.07
1985-05-10,345.61
1985-05-11,339.25
1985-05-12,335.29
1985-05-13,329.14
1985-05-14,329.06
1985-05-15,356.42
1985-05-16,381.56
1985-05-17,376.58
1985-05-18,420.77
1985-05-19,407.31
1985-05-20,393.04
1985-05-21,385.02
1985-05-22,367.56
1985-05-23,352.11
1985-05-24,341.77
1985-05-25,402.76
1985-05-26,422.06
1985-05-27,430.49
1985-05-28,697.28
1985-05-29,746.17
1985-05-30,638.06
1985-05-31,582.45
1985-06-01,568.31
1985-06-02,613.23
1985-06-03,610.41
1985-06-04,582.1
1985-06-05,573.49
1985-06-06,560.13
1985-06-07,536.8
1985-06-08,503.56
1985-06-09,470.98
1985-06-10,451.53
1985-06-11,434.79
1985-06-12,429.49
1985-06-13,416.44
1985-06-14,403.55
1985-06-15,390.95
1985-06-16,383.28
1985-06-17,383.19
1985-06-18,378.56
1985-06-19,366.65
1985-06-20,359.32
1985-06-21,354.78
1985-06-22,334.52
1985-06-23,324.45
1985-06-24,308.75
1985-06-25,308.94
1985-06-26,298.67
1985-06-27,296.3
1985-06-28,293.51
1985-06-29,289.66
1985-06-30,279.08
1985-07-01,279.24
1985-07-02,273.72
1985-07-03,269.96
1985-07-04,255.28
1985-07-05,254.73
1985-07-06,254.73
1985-07-07,261.94
1985-07-08,281.07
1985-07-09,293.35
1985-07-10,289.66
1985-07-11,276.09
1985-07-12,260.62
1985-07-13,247.8
1985-07-14,242.02
1985-07-15,233.5
1985-07-16,228.16
1985-07-17,220.08
1985-07-18,214.56
1985-07-19,210.55
1985-07-20,209.45
1985-07-21,204.67
1985-07-22,201.18
1985-07-23,206.28
1985-07-24,212.48
1985-07-25,193.48
1985-07-26,186.79
1985-07-27,191.13
1985-07-28,214.47
1985-07-29,237.9
1985-07-30,224.18
1985-07-31,211.4
1985-08-01,204.48
1985-08-02,189.8
1985-08-03,175.35
1985-08-04,184.12
1985-08-05,180.86
1985-08-06,184.62
1985-08-07,179.36
1985-08-08,169.57
1985-08-09,164.91
1985-08-10,157.03
1985-08-11,159.27
1985-08-12,157.43
1985-08-13,155.72
1985-08-14,153.33
1985-08-15,147.98
1985-08-16,146.75
1985-08-17,143.94
1985-08-18,145.42
1985-08-19,147.98
1985-08-20,145.6
1985-08-21,137.17
1985-08-22,134.79
1985-08-23,132.77
1985-08-24,134.63
1985-08-25,129.44
1985-08-26,125.07
1985-08-27,126.36
1985-08-28,124.85
1985-08-29,124.02
1985-08-30,131.39
1985-08-31,123.53
1985-09-01,122.23
1985-09-02,116.44
1985-09-03,112.7
1985-09-04,105.36
1985-09-05,100.92
1985-09-06,99.73
1985-09-07,102.49
1985-09-08,108.08
1985-09-09,121.92
1985-09-10,140.42
1985-09-11,149.59
1985-09-12,151.97
1985-09-13,139.57
1985-09-14,124.6
1985-09-15,114.37
1985-09-16,103.97
1985-09-17,93.34
1985-09-18,80.02
1985-09-19,80.06
1985-09-20,73.58
1985-09-21,73.22
1985-09-22,74.23
1985-09-23,79.83
1985-09-24,80.26
1985-09-25,80.73
1985-09-26,71.19
1985-09-27,75.43
1985-09-28,71.92
1985-09-29,66.03
1985-09-30,62.95
1985-10-01,67.39
1985-10-02,73.98
1985-10-03,74.67
1985-10-04,97.68
1985-10-05,101.55
1985-10-06,94.62
1985-10-07,93.09
1985-10-08,93.67
1985-10-09,99.28
1985-10-10,105.09
1985-10-11,100.04
1985-10-12,81.63
1985-10-13,79.01
1985-10-14,113.23
1985-10-15,108.72
1985-10-16,99.05
1985-10-17,102.99
1985-10-18,125.72
1985-10-19,118.06
1985-10-20,100.09
1985-10-21,83.54
1985-10-22,90.58
1985-10-23,216.4
1985-10-24,169.91
1985-10-25,125.74
1985-10-26,116.15
1985-10-27,130.11
1985-10-28,155.47
1985-10-29,137.61
1985-10-30,127.73
1985-10-31,115.11
1985-11-01,109.46
1985-11-02,99.89
1985-11-03,94.4
1985-11-04,92.58
1985-11-05,88.75
1985-11-06,81.78
1985-11-07,90.29
1985-11-08,99.69
1985-11-09,102.49
1985-11-10,101.68
1985-11-11,93.68
1985-11-12,83.93
1985-11-13,76.23
1985-11-14,66.47
1985-11-15,65.85
1985-11-16,72.7
1985-11-17,92.54
1985-11-18,85.64
1985-11-19,77.06
1985-11-20,67.58
1985-11-21,69.43
1985-11-22,67.54
1985-11-23,93.47
1985-11-24,114.31
1985-11-25,117.87
1985-11-26,121.4
1985-11-27,253.91
1985-11-28,333.06
1985-11-29,203.58
1985-11-30,148.59
1985-12-01,124.39
1985-12-02,112.92
1985-12-03,101.42
1985-12-04,94.15
1985-12-05,88.53
1985-12-06,106.21
1985-12-07,105.77
1985-12-08,98.26
1985-12-09,89.31
1985-12-10,77.06
1985-12-11,90.97
1985-12-12,102.28
1985-12-13,101.86
1985-12-14,93.34
1985-12-15,84.18
1985-12-16,78.12
1985-12-17,74.87
1985-12-18,72.53
1985-12-19,68.15
1985-12-20,71.35
1985-12-21,78.16
1985-12-22,76.06
1985-12-23,70.56
1985-12-24,65.11
1985-12-25,63.98
1985-12-26,67.52
1985-12-27,71.89
1985-12-28,81.12
1985-12-29,114.03
1985-12-30,109.64
1985-12-31,99.68
1986-01-01,86.15
1986-01-02,75.8
1986-01-03,75
1986-01-04,105.48
1986-01-05,119.67
1986-01-06,114.67
1986-01-07,99.04
1986-01-08,87.6
1986-01-09,80.59
1986-01-10,78.27
1986-01-11,71.77
1986-01-12,68.04
1986-01-13,69.84
1986-01-14,67.58
1986-01-15,68.25
1986-01-16,68.87
1986-01-17,75.54
1986-01-18,73.37
1986-01-19,71.3
1986-01-20,71.49
1986-01-21,74.63
1986-01-22,129.47
1986-01-23,468.64
1986-01-24,676.26
1986-01-25,949.11
1986-01-26,1144.46
1986-01-27,630.71
1986-01-28,474.06
1986-01-29,454.93
1986-01-30,356.78
1986-01-31,851.03
1986-02-01,2836.32
1986-02-02,2656.55
1986-02-03,4446.84
1986-02-04,7051.95
1986-02-05,2816.01
1986-02-06,1810.17
1986-02-07,1236.11
1986-02-08,992.04
1986-02-09,1281.84
1986-02-10,961.25
1986-02-11,770.84
1986-02-12,662.62
1986-02-13,593.92
1986-02-14,544.05
1986-02-15,661.41
1986-02-16,598.62
1986-02-17,511.15
1986-02-18,471.48
1986-02-19,433.32
1986-02-20,395.1
1986-02-21,372.55
1986-02-22,354.57
1986-02-23,340.24
1986-02-24,323.69
1986-02-25,354.46
1986-02-26,435.91
1986-02-27,621.16
1986-02-28,780.37
1986-03-01,537.99
1986-03-02,471.12
1986-03-03,447.11
1986-03-04,412.85
1986-03-05,392.03
1986-03-06,369.02
1986-03-07,444.18
1986-03-08,417.43
1986-03-09,367.61
1986-03-10,348.4
1986-03-11,318.25
1986-03-12,299.26
1986-03-13,302.88
1986-03-14,284.46
1986-03-15,268.94
1986-03-16,255.73
1986-03-17,247.81
1986-03-18,245.49
1986-03-19,239.61
1986-03-20,266.15
1986-03-21,284.24
1986-03-22,250.42
1986-03-23,239.93
1986-03-24,258.62
1986-03-25,308.42
1986-03-26,335.31
1986-03-27,337.07
1986-03-28,398.65
1986-03-29,441.36
1986-03-30,701.23
1986-03-31,611.86
1986-04-01,522.67
1986-04-02,480.51
1986-04-03,453.99
1986-04-04,613.3
1986-04-05,629.37
1986-04-06,587.88
1986-04-07,821.73
1986-04-08,930.35
1986-04-09,779.15
1986-04-10,680.52
1986-04-11,627.23
1986-04-12,563.49
1986-04-13,517.27
1986-04-14,493.91
1986-04-15,481.44
1986-04-16,461.32
1986-04-17,464.43
1986-04-18,444.2
1986-04-19,446.48
1986-04-20,438.8
1986-04-21,419.67
1986-04-22,414.14
1986-04-23,399.99
1986-04-24,372
1986-04-25,359.11
1986-04-26,348.45
1986-04-27,339.94
1986-04-28,390.62
1986-04-29,604.11
1986-04-30,466.02
1986-05-01,425.76
1986-05-02,402.33
1986-05-03,392.86
1986-05-04,392.86
1986-05-05,392.86
1986-05-06,408.67
1986-05-07,399.73
1986-05-08,384.38
1986-05-09,379.61
1986-05-10,366.62
1986-05-11,359.51
1986-05-12,353.59
1986-05-13,353.01
1986-05-14,330.51
1986-05-15,319.15
1986-05-16,313.93
1986-05-17,298.75
1986-05-18,291.08
1986-05-19,288.18
1986-05-20,277.98
1986-05-21,264.44
1986-05-22,248.44
1986-05-23,244.64
1986-05-24,239.3
1986-05-25,236.42
1986-05-26,228.55
1986-05-27,223.98
1986-05-28,240.65
1986-05-29,286.29
1986-05-30,299.25
1986-05-31,282.5
1986-06-01,260.62
1986-06-02,263.11
1986-06-03,292.14
1986-06-04,317.15
1986-06-05,323.4
1986-06-06,320.89
1986-06-07,316.87
1986-06-08,379.58
1986-06-09,420.59
1986-06-10,427.67
1986-06-11,391.78
1986-06-12,356.75
1986-06-13,331.67
1986-06-14,319.07
1986-06-15,309.05
1986-06-16,304.43
1986-06-17,293.32
1986-06-18,281.76
1986-06-19,270.81
1986-06-20,257.98
1986-06-21,257.36
1986-06-22,249.81
1986-06-23,245.99
1986-06-24,239.92
1986-06-25,237.78
1986-06-26,228.24
1986-06-27,218.77
1986-06-28,223.42
1986-06-29,221.13
1986-06-30,208.32
1986-07-01,198.17
1986-07-02,200.14
1986-07-03,201.26
1986-07-04,196.05
1986-07-05,193.43
1986-07-06,198.58
1986-07-07,192.53
1986-07-08,183.68
1986-07-09,183.26
1986-07-10,178.13
1986-07-11,172.18
1986-07-12,165.77
1986-07-13,161.87
1986-07-14,165.27
1986-07-15,161.58
1986-07-16,158.89
1986-07-17,162.65
1986-07-18,175.37
1986-07-19,175.35
1986-07-20,174.09
1986-07-21,174.16
1986-07-22,183.36
1986-07-23,179.86
1986-07-24,167.54
1986-07-25,167.33
1986-07-26,165.67
1986-07-27,158.39
1986-07-28,147.78
1986-07-29,144.21
1986-07-30,143.33
1986-07-31,142.22
1986-08-01,142.93
1986-08-02,139.26
1986-08-03,155.83
1986-08-04,169.11
1986-08-05,157.06
1986-08-06,145.18
1986-08-07,136.4
1986-08-08,126.08
1986-08-09,125.27
1986-08-10,120.31
1986-08-11,116.95
1986-08-12,117.58
1986-08-13,115.13
1986-08-14,114.95
1986-08-15,117.72
1986-08-16,126.04
1986-08-17,135.81
1986-08-18,132.92
1986-08-19,127.26
1986-08-20,137.26
1986-08-21,132.81
1986-08-22,132.71
1986-08-23,128.58
1986-08-24,122.43
1986-08-25,111.81
1986-08-26,104.15
1986-08-27,100.41
1986-08-28,104.21
1986-08-29,114.87
1986-08-30,120.09
1986-08-31,119.8
1986-09-01,113.75
1986-09-02,104.73
1986-09-03,109.03
1986-09-04,111.02
1986-09-05,118.94
1986-09-06,125.25
1986-09-07,117.34
1986-09-08,110.05
1986-09-09,101.04
1986-09-10,98.55
1986-09-11,95.5
1986-09-12,92.23
1986-09-13,90.26
1986-09-14,83.76
1986-09-15,79.44
1986-09-16,75.02
1986-09-17,76.36
1986-09-18,74.37
1986-09-19,74.73
1986-09-20,71.91
1986-09-21,71.53
1986-09-22,64.67
1986-09-23,62.95
1986-09-24,61.7
1986-09-25,63.31
1986-09-26,61.57
1986-09-27,61.48
1986-09-28,62.08
1986-09-29,60.48
1986-09-30,57.43
1986-10-01,63
1986-10-02,63.22
1986-10-03,64.96
1986-10-04,63.86
1986-10-05,79.66
1986-10-06,73.82
1986-10-07,68.16
1986-10-08,59.82
1986-10-09,58.14
1986-10-10,55.22
1986-10-11,54.45
1986-10-12,56.83
1986-10-13,61.05
1986-10-14,67.97
1986-10-15,59.75
1986-10-16,59.06
1986-10-17,55.73
1986-10-18,54.98
1986-10-19,52.8
1986-10-20,49.19
1986-10-21,46.1
1986-10-22,49.55
1986-10-23,52.35
1986-10-24,50.07
1986-10-25,52.8
1986-10-26,62.93
1986-10-27,60.99
1986-10-28,55.87
1986-10-29,60.02
1986-10-30,80.23
1986-10-31,84.48
1986-11-01,84.02
1986-11-02,79.04
1986-11-03,74.45
1986-11-04,67.26
1986-11-05,61.91
1986-11-06,61.2
1986-11-07,61.72
1986-11-08,71.12
1986-11-09,73.4
1986-11-10,72.18
1986-11-11,68.11
1986-11-12,62.5
1986-11-13,59.9
1986-11-14,55.64
1986-11-15,51.06
1986-11-16,48.28
1986-11-17,47.69
1986-11-18,44.76
1986-11-19,54.73
1986-11-20,59.29
1986-11-21,60.19
1986-11-22,60.29
1986-11-23,55.7
1986-11-24,51.25
1986-11-25,44.19
1986-11-26,39.65
1986-11-27,41.45
1986-11-28,38.99
1986-11-29,36.61
1986-11-30,35.13
1986-12-01,32.97
1986-12-02,29.98
1986-12-03,30.04
1986-12-04,33.1
1986-12-05,31.8
1986-12-06,35.53
1986-12-07,41.19
1986-12-08,45.74
1986-12-09,51.48
1986-12-10,58.96
1986-12-11,58.73
1986-12-12,56.76
1986-12-13,52.62
1986-12-14,47.92
1986-12-15,41.55
1986-12-16,37.05
1986-12-17,35.73
1986-12-18,37.06
1986-12-19,37.4
1986-12-20,34.16
1986-12-21,37.15
1986-12-22,44.26
1986-12-23,47.05
1986-12-24,46
1986-12-25,58.43
1986-12-26,59.19
1986-12-27,57.07
1986-12-28,50.7
1986-12-29,46.33
1986-12-30,41.31
1986-12-31,35.33
1987-01-01,35.69
1987-01-02,33.42
1987-01-03,33.17
1987-01-04,35.6
1987-01-05,53.03
1987-01-06,55.93
1987-01-07,60.39
1987-01-08,56.08
1987-01-09,53.56
1987-01-10,51.51
1987-01-11,47.89
1987-01-12,44.06
1987-01-13,39.47
1987-01-14,36.37
1987-01-15,42.61
1987-01-16,46.27
1987-01-17,48.19
1987-01-18,50.79
1987-01-19,57.64
1987-01-20,69.43
1987-01-21,62.06
1987-01-22,53.21
1987-01-23,48.2
1987-01-24,48.76
1987-01-25,44.76
1987-01-26,43.83
1987-01-27,45.21
1987-01-28,47.98
1987-01-29,44.18
1987-01-30,50.34
1987-01-31,56.17
1987-02-01,55.25
1987-02-02,50.41
1987-02-03,50.25
1987-02-04,59.67
1987-02-05,72.26
1987-02-06,67.77
1987-02-07,74.82
1987-02-08,116.41
1987-02-09,94.95
1987-02-10,81.76
1987-02-11,72.85
1987-02-12,66.13
1987-02-13,61.84
1987-02-14,61.24
1987-02-15,80.52
1987-02-16,188.4
1987-02-17,209.12
1987-02-18,192.3
1987-02-19,152.16
1987-02-20,126.87
1987-02-21,111.24
1987-02-22,102.66
1987-02-23,99.16
1987-02-24,91.93
1987-02-25,86.61
1987-02-26,81.42
1987-02-27,77.18
1987-02-28,76.01
1987-03-01,80.39
1987-03-02,77.57
1987-03-03,98.7
1987-03-04,441.03
1987-03-05,275.34
1987-03-06,202.01
1987-03-07,182.43
1987-03-08,430.41
1987-03-09,258.71
1987-03-10,192.36
1987-03-11,156.58
1987-03-12,138.74
1987-03-13,126
1987-03-14,120.69
1987-03-15,114.17
1987-03-16,106.54
1987-03-17,99.46
1987-03-18,95.22
1987-03-19,90.84
1987-03-20,86.18
1987-03-21,83.04
1987-03-22,83.71
1987-03-23,84.79
1987-03-24,91.83
1987-03-25,90.36
1987-03-26,92.52
1987-03-27,102.31
1987-03-28,96.49
1987-03-29,96.83
1987-03-30,91.53
1987-03-31,88.43
1987-04-01,85.78
1987-04-02,82.78
1987-04-03,83.08
1987-04-04,92.81
1987-04-05,96.88
1987-04-06,108.17
1987-04-07,129.63
1987-04-08,178.93
1987-04-09,240.87
1987-04-10,220.45
1987-04-11,188.86
1987-04-12,157.59
1987-04-13,140.18
1987-04-14,133.57
1987-04-15,136.33
1987-04-16,140.1
1987-04-17,143.83
1987-04-18,143.72
1987-04-19,139.64
1987-04-20,129.62
1987-04-21,120.49
1987-04-22,113.74
1987-04-23,104.32
1987-04-24,103.35
1987-04-25,173.02
1987-04-26,776.38
1987-04-27,759.69
1987-04-28,738.14
1987-04-29,652.59
1987-04-30,581.2
1987-05-01,559.85
1987-05-02,510.02
1987-05-03,447.51
1987-05-04,406.86
1987-05-05,363.71
1987-05-06,328.97
1987-05-07,296.65
1987-05-08,277.72
1987-05-09,273.67
1987-05-10,345
1987-05-11,545.08
1987-05-12,549.79
1987-05-13,499.92
1987-05-14,446.8
1987-05-15,389.72
1987-05-16,355.54
1987-05-17,317.94
1987-05-18,286.39
1987-05-19,260.85
1987-05-20,238.6
1987-05-21,219.27
1987-05-22,211.38
1987-05-23,206.66
1987-05-24,216.67
1987-05-25,223.16
1987-05-26,207.31
1987-05-27,193.17
1987-05-28,185.41
1987-05-29,178.04
1987-05-30,167.56
1987-05-31,160.52
1987-06-01,163.2
1987-06-02,154.95
1987-06-03,156.23
1987-06-04,159.89
1987-06-05,165.27
1987-06-06,173.58
1987-06-07,185.68
1987-06-08,289.07
1987-06-09,280.8
1987-06-10,273.66
1987-06-11,261.26
1987-06-12,241.17
1987-06-13,222.55
1987-06-14,241.22
1987-06-15,237.75
1987-06-16,230.17
1987-06-17,260.99
1987-06-18,297.8
1987-06-19,321.55
1987-06-20,330.2
1987-06-21,372.18
1987-06-22,541.7
1987-06-23,497.78
1987-06-24,424.62
1987-06-25,386.3
1987-06-26,349.11
1987-06-27,309.83
1987-06-28,279.55
1987-06-29,259.51
1987-06-30,245.8
1987-07-01,227.35
1987-07-02,223.27
1987-07-03,206.84
1987-07-04,195.25
1987-07-05,188.07
1987-07-06,180.78
1987-07-07,188.5
1987-07-08,187.12
1987-07-09,180.89
1987-07-10,216.55
1987-07-11,296.85
1987-07-12,315.73
1987-07-13,298.7
1987-07-14,272.87
1987-07-15,244.95
1987-07-16,227.29
1987-07-17,214.15
1987-07-18,196.24
1987-07-19,183.07
1987-07-20,168.6
1987-07-21,153.22
1987-07-22,151.65
1987-07-23,152.64
1987-07-24,146.16
1987-07-25,143.86
1987-07-26,136.28
1987-07-27,128.45
1987-07-28,126.1
1987-07-29,128.95
1987-07-30,125.05
1987-07-31,120.21
1987-08-01,123.32
1987-08-02,117.51
1987-08-03,111
1987-08-04,110.87
1987-08-05,111.43
1987-08-06,98.88
1987-08-07,98.44
1987-08-08,96.39
1987-08-09,92.89
1987-08-10,89.01
1987-08-11,95.6
1987-08-12,97.87
1987-08-13,93.05
1987-08-14,92.69
1987-08-15,86.48
1987-08-16,89.49
1987-08-17,104.48
1987-08-18,109.03
1987-08-19,108.57
1987-08-20,103.05
1987-08-21,100.42
1987-08-22,88.37
1987-08-23,87.37
1987-08-24,80.83
1987-08-25,76.52
1987-08-26,77.43
1987-08-27,75.2
1987-08-28,70.54
1987-08-29,68.21
1987-08-30,64.34
1987-08-31,60.97
1987-09-01,60.28
1987-09-02,60.83
1987-09-03,58.61
1987-09-04,55.15
1987-09-05,53.98
1987-09-06,56.07
1987-09-07,52.57
1987-09-08,48.26
1987-09-09,48.64
1987-09-10,53.11
1987-09-11,56.47
1987-09-12,64.14
1987-09-13,65.59
1987-09-14,64.61
1987-09-15,61.78
1987-09-16,57.78
1987-09-17,54.02
1987-09-18,51.08
1987-09-19,52.14
1987-09-20,49.75
1987-09-21,46.25
1987-09-22,44.37
1987-09-23,45.9
1987-09-24,47.46
1987-09-25,48.97
1987-09-26,59.47
1987-09-27,66.47
1987-09-28,64.63
1987-09-29,72.28
1987-09-30,75.26
1987-10-01,69.69
1987-10-02,64.02
1987-10-03,57.78
1987-10-04,54.76
1987-10-05,50.27
1987-10-06,47.96
1987-10-07,47.13
1987-10-08,47.6
1987-10-09,44.12
1987-10-10,43.06
1987-10-11,41.03
1987-10-12,40.61
1987-10-13,39.61
1987-10-14,37.08
1987-10-15,34.65
1987-10-16,32.33
1987-10-17,30.11
1987-10-18,28.01
1987-10-19,26.01
1987-10-20,24.17
1987-10-21,23
1987-10-22,22.28
1987-10-23,17.61
1987-10-24,16.74
1987-10-25,14.06
1987-10-26,13.87
1987-10-27,13.87
1987-10-28,14.12
1987-10-29,14.3
1987-10-30,14.51
1987-10-31,15.34
1987-11-01,20.76
1987-11-02,26.61
1987-11-03,29.24
1987-11-04,40.88
1987-11-05,45.27
1987-11-06,43.69
1987-11-07,37.9
1987-11-08,30.5
1987-11-09,25.23
1987-11-10,22.92
1987-11-11,23.06
1987-11-12,22.74
1987-11-13,24.38
1987-11-14,20.82
1987-11-15,18.22
1987-11-16,18.68
1987-11-17,38.89
1987-11-18,85.85
1987-11-19,103.79
1987-11-20,103.48
1987-11-21,98.8
1987-11-22,86.71
1987-11-23,72.58
1987-11-24,65.15
1987-11-25,60.07
1987-11-26,55.76
1987-11-27,51.95
1987-11-28,53.24
1987-11-29,58.5
1987-11-30,65.93
1987-12-01,97.44
1987-12-02,145.13
1987-12-03,86.28
1987-12-04,77.67
1987-12-05,73.03
1987-12-06,73.04
1987-12-07,79.07
1987-12-08,81.67
1987-12-09,71.03
1987-12-10,65.62
1987-12-11,59.87
1987-12-12,57.75
1987-12-13,55.17
1987-12-14,51.09
1987-12-15,51.17
1987-12-16,50.65
1987-12-17,49.42
1987-12-18,44.06
1987-12-19,39.9
1987-12-20,39.25
1987-12-21,41.64
1987-12-22,42.09
1987-12-23,40.5
1987-12-24,38.49
1987-12-25,38.14
1987-12-26,35.33
1987-12-27,39.65
1987-12-28,40.99
1987-12-29,58.52
1987-12-30,73.87
1987-12-31,430.74
1988-01-01,1004.72
1988-01-02,559.85
1988-01-03,329.85
1988-01-04,244.32
1988-01-05,194.51
1988-01-06,160.09
1988-01-07,141.16
1988-01-08,126.23
1988-01-09,118.54
1988-01-10,115.68
1988-01-11,105.78
1988-01-12,96.7
1988-01-13,93.16
1988-01-14,91.59
1988-01-15,87.18
1988-01-16,84.3
1988-01-17,81.83
1988-01-18,78.37
1988-01-19,75.97
1988-01-20,71.88
1988-01-21,64.77
1988-01-22,63.24
1988-01-23,63.66
1988-01-24,61.18
1988-01-25,57.79
1988-01-26,54.65
1988-01-27,53.23
1988-01-28,52
1988-01-29,53.87
1988-01-30,49.97
1988-01-31,52.29
1988-02-01,52.2
1988-02-02,49.49
1988-02-03,47.15
1988-02-04,47.17
1988-02-05,47.68
1988-02-06,46.24
1988-02-07,50.37
1988-02-08,54.59
1988-02-09,52.89
1988-02-10,54.23
1988-02-11,74.65
1988-02-12,84.69
1988-02-13,75.83
1988-02-14,108.69
1988-02-15,302.19
1988-02-16,1748.99
1988-02-17,2179.23
1988-02-18,1753.01
1988-02-19,923.39
1988-02-20,640.68
1988-02-21,523.52
1988-02-22,412.51
1988-02-23,344.12
1988-02-24,300.1
1988-02-25,263.53
1988-02-26,243.2
1988-02-27,223.38
1988-02-28,207.97
1988-02-29,188.94
1988-03-01,180.13
1988-03-02,172.91
1988-03-03,163.74
1988-03-04,151.94
1988-03-05,150.31
1988-03-06,135.16
1988-03-07,130.24
1988-03-08,141.91
1988-03-09,151.59
1988-03-10,165.15
1988-03-11,153.29
1988-03-12,144.95
1988-03-13,146.57
1988-03-14,138.64
1988-03-15,124.4
1988-03-16,117.04
1988-03-17,111.7
1988-03-18,105.15
1988-03-19,109.46
1988-03-20,118.55
1988-03-21,131.15
1988-03-22,156.76
1988-03-23,185
1988-03-24,242.32
1988-03-25,346.98
1988-03-26,391.83
1988-03-27,337.27
1988-03-28,288.23
1988-03-29,263.73
1988-03-30,264.99
1988-03-31,279.36
1988-04-01,266.45
1988-04-02,251.47
1988-04-03,242.78
1988-04-04,215.88
1988-04-05,193.03
1988-04-06,182.6
1988-04-07,171.06
1988-04-08,161.59
1988-04-09,151
1988-04-10,142.33
1988-04-11,132.6
1988-04-12,126.89
1988-04-13,119.23
1988-04-14,115.13
1988-04-15,110.22
1988-04-16,108.67
1988-04-17,112.4
1988-04-18,122.56
1988-04-19,121.44
1988-04-20,120.5
1988-04-21,123.23
1988-04-22,121.23
1988-04-23,113.9
1988-04-24,107.52
1988-04-25,109.65
1988-04-26,114.99
1988-04-27,124.33
1988-04-28,131.73
1988-04-29,128.98
1988-04-30,128.17
1988-05-01,119.27
1988-05-02,112.65
1988-05-03,112.57
1988-05-04,112.57
1988-05-05,112.57
1988-05-06,108.72
1988-05-07,99.31
1988-05-08,97.69
1988-05-09,95.91
1988-05-10,91.37
1988-05-11,87.98
1988-05-12,84.24
1988-05-13,84.24
1988-05-14,84.24
1988-05-15,96.31
1988-05-16,127.73
1988-05-17,147.91
1988-05-18,162.32
1988-05-19,166.6
1988-05-20,161.54
1988-05-21,151
1988-05-22,147.01
1988-05-23,142.29
1988-05-24,130.47
1988-05-25,119.27
1988-05-26,102.35
1988-05-27,93.05
1988-05-28,89.88
1988-05-29,88.57
1988-05-30,82.75
1988-05-31,70.89
1988-06-01,72.87
1988-06-02,72.41
1988-06-03,89.67
1988-06-04,102.49
1988-06-05,102.49
1988-06-06,100.65
1988-06-07,94.22
1988-06-08,85.37
1988-06-09,74.82
1988-06-10,70.26
1988-06-11,68.19
1988-06-12,66.35
1988-06-13,63.18
1988-06-14,60.23
1988-06-15,64.18
1988-06-16,62.49
1988-06-17,57.84
1988-06-18,58.58
1988-06-19,59.38
1988-06-20,57.8
1988-06-21,51.92
1988-06-22,56.69
1988-06-23,58.71
1988-06-24,63.28
1988-06-25,64.46
1988-06-26,61.22
1988-06-27,61.18
1988-06-28,65.41
1988-06-29,77.01
1988-06-30,84.8
1988-07-01,87.52
1988-07-02,86.57
1988-07-03,76.18
1988-07-04,79.73
1988-07-05,107.22
1988-07-06,123.27
1988-07-07,130.46
1988-07-08,146.67
1988-07-09,142.1
1988-07-10,129.08
1988-07-11,123.48
1988-07-12,123.41
1988-07-13,120.12
1988-07-14,111.78
1988-07-15,103.83
1988-07-16,99.1
1988-07-17,101.97
1988-07-18,103.7
1988-07-19,99.1
1988-07-20,99.04
1988-07-21,99.04
1988-07-22,99.04
1988-07-23,99.04
1988-07-24,93.59
1988-07-25,80.16
1988-07-26,70.21
1988-07-27,66.62
1988-07-28,69.33
1988-07-29,66.7
1988-07-30,68.77
1988-07-31,74.62
1988-08-01,80.86
1988-08-02,87.48
1988-08-03,97.39
1988-08-04,109.69
1988-08-05,118.82
1988-08-06,115.06
1988-08-07,111.71
1988-08-08,103.83
1988-08-09,96.31
1988-08-10,86.68
1988-08-11,76.18
1988-08-12,72.37
1988-08-13,72.32
1988-08-14,74.65
1988-08-15,83.44
1988-08-16,97.34
1988-08-17,106.59
1988-08-18,106.71
1988-08-19,106.71
1988-08-20,106.71
1988-08-21,100.95
1988-08-22,86.73
1988-08-23,75.97
1988-08-24,84.42
1988-08-25,125.49
1988-08-26,146.96
1988-08-27,141.28
1988-08-28,123.86
1988-08-29,108.69
1988-08-30,94.92
1988-08-31,88.44
1988-09-01,86.52
1988-09-02,94.03
1988-09-03,108.74
1988-09-04,112.57
1988-09-05,108.27
1988-09-06,110.67
1988-09-07,112.06
1988-09-08,107.96
1988-09-09,103.1
1988-09-10,97.77
1988-09-11,93.95
1988-09-12,91.09
1988-09-13,88.57
1988-09-14,85.84
1988-09-15,78.95
1988-09-16,71.93
1988-09-17,66.06
1988-09-18,66.28
1988-09-19,61.28
1988-09-20,51.62
1988-09-21,54.2
1988-09-22,47.79
1988-09-23,45.04
1988-09-24,43.6
1988-09-25,42.44
1988-09-26,35.98
1988-09-27,35.8
1988-09-28,41.62
1988-09-29,41.44
1988-09-30,42.04
1988-10-01,38.91
1988-10-02,36.22
1988-10-03,35.11
1988-10-04,31.87
1988-10-05,30.56
1988-10-06,31.81
1988-10-07,31.85
1988-10-08,29.93
1988-10-09,27.47
1988-10-10,26.88
1988-10-11,27.38
1988-10-12,29.1
1988-10-13,29.84
1988-10-14,32.23
1988-10-15,33.07
1988-10-16,31.41
1988-10-17,28.47
1988-10-18,26.28
1988-10-19,26.9
1988-10-20,28.11
1988-10-21,26.49
1988-10-22,26.31
1988-10-23,27.46
1988-10-24,27.66
1988-10-25,27.97
1988-10-26,26.82
1988-10-27,26.12
1988-10-28,25.22
1988-10-29,25.15
1988-10-30,25.52
1988-10-31,25.72
1988-11-01,27.89
1988-11-02,60.58
1988-11-03,77.43
1988-11-04,99.96
1988-11-05,102.15
1988-11-06,87.37
1988-11-07,75.49
1988-11-08,67.53
1988-11-09,61.28
1988-11-10,57.92
1988-11-11,55
1988-11-12,49.42
1988-11-13,45.59
1988-11-14,40.27
1988-11-15,39.42
1988-11-16,41.2
1988-11-17,54.69
1988-11-18,64.54
1988-11-19,63.99
1988-11-20,55.82
1988-11-21,54.12
1988-11-22,63.12
1988-11-23,117.79
1988-11-24,97.68
1988-11-25,128.93
1988-11-26,107.56
1988-11-27,135.07
1988-11-28,404.57
1988-11-29,260.83
1988-11-30,175.8
1988-12-01,131.49
1988-12-02,101.02
1988-12-03,89.9
1988-12-04,86.28
1988-12-05,91.04
1988-12-06,65.81
1988-12-07,60.14
1988-12-08,56.17
1988-12-09,59.04
1988-12-10,56.41
1988-12-11,63.87
1988-12-12,344.7
1988-12-13,281.06
1988-12-14,223.12
1988-12-15,201.47
1988-12-16,524.12
1988-12-17,560.19
1988-12-18,392.23
1988-12-19,354.31
1988-12-20,279.07
1988-12-21,228.21
1988-12-22,219.92
1988-12-23,211.41
1988-12-24,297.79
1988-12-25,226.12
1988-12-26,185.92
1988-12-27,162.04
1988-12-28,140.48
1988-12-29,237.94
1988-12-30,520.01
1988-12-31,1202.89
1989-01-01,2401.76
1989-01-02,2141.59
1989-01-03,1781.21
1989-01-04,1024.55
1989-01-05,781
1989-01-06,617.39
1989-01-07,635.55
1989-01-08,634.97
1989-01-09,513.36
1989-01-10,439.2
1989-01-11,385.34
1989-01-12,333.49
1989-01-13,429.93
1989-01-14,424.95
1989-01-15,317.6
1989-01-16,270.99
1989-01-17,312.26
1989-01-18,353.99
1989-01-19,363.39
1989-01-20,343.53
1989-01-21,299.96
1989-01-22,279.28
1989-01-23,254.77
1989-01-24,239.59
1989-01-25,228.45
1989-01-26,281.55
1989-01-27,301.48
1989-01-28,325.86
1989-01-29,317.2
1989-01-30,292.38
1989-01-31,266.6
1989-02-01,258.44
1989-02-02,288.71
1989-02-03,541.99
1989-02-04,1233.14
1989-02-05,1308.14
1989-02-06,1135.09
1989-02-07,860.31
1989-02-08,708.79
1989-02-09,612.83
1989-02-10,565.48
1989-02-11,498.58
1989-02-12,451.86
1989-02-13,419.81
1989-02-14,386.5
1989-02-15,366.74
1989-02-16,350.51
1989-02-17,328.05
1989-02-18,310.67
1989-02-19,296.87
1989-02-20,280.32
1989-02-21,270.44
1989-02-22,260.94
1989-02-23,254.86
1989-02-24,256.97
1989-02-25,246.12
1989-02-26,242.52
1989-02-27,236.85
1989-02-28,233.72
1989-03-01,225.28
1989-03-02,214.12
1989-03-03,203.67
1989-03-04,200.75
1989-03-05,193.16
1989-03-06,188.22
1989-03-07,205.47
1989-03-08,1219.47
1989-03-09,960.19
1989-03-10,711.7
1989-03-11,2280.01
1989-03-12,1868.22
1989-03-13,1132.37
1989-03-14,868.85
1989-03-15,772.08
1989-03-16,724.58
1989-03-17,756.99
1989-03-18,661.93
1989-03-19,658.75
1989-03-20,602.1
1989-03-21,578.38
1989-03-22,1124.45
1989-03-23,10780.14
1989-03-24,5453.5
1989-03-25,2634.16
1989-03-26,1718.84
1989-03-27,1313.84
1989-03-28,1105.45
1989-03-29,981.37
1989-03-30,863.9
1989-03-31,797.27
1989-04-01,752.76
1989-04-02,729.35
1989-04-03,699.41
1989-04-04,717.44
1989-04-05,734.43
1989-04-06,691.04
1989-04-07,674.32
1989-04-08,682.42
1989-04-09,851.33
1989-04-10,798.35
1989-04-11,771.57
1989-04-12,724.99
1989-04-13,690.71
1989-04-14,659.4
1989-04-15,619.62
1989-04-16,606.68
1989-04-17,651.71
1989-04-18,645.88
1989-04-19,630.11
1989-04-20,610.59
1989-04-21,602.83
1989-04-22,1611.9
1989-04-23,2772.12
1989-04-24,1946.28
1989-04-25,2301.71
1989-04-26,3305.08
1989-04-27,1975.9
1989-04-28,1382.08
1989-04-29,1139.79
1989-04-30,1017.87
1989-05-01,937.66
1989-05-02,870.57
1989-05-03,832.73
1989-05-04,789.35
1989-05-05,771.89
1989-05-06,741.97
1989-05-07,716.82
1989-05-08,699.49
1989-05-09,679.74
1989-05-10,756.71
1989-05-11,1138.12
1989-05-12,992
1989-05-13,990.82
1989-05-14,908.44
1989-05-15,850.12
1989-05-16,832.71
1989-05-17,1119.79
1989-05-18,1196.3
1989-05-19,1033.32
1989-05-20,908.76
1989-05-21,812.83
1989-05-22,773.77
1989-05-23,803.53
1989-05-24,804.09
1989-05-25,748.52
1989-05-26,708.25
1989-05-27,707.75
1989-05-28,813.45
1989-05-29,997.47
1989-05-30,726.78
1989-05-31,665.85
1989-06-01,597.94
1989-06-02,554.49
1989-06-03,529.09
1989-06-04,513.98
1989-06-05,504.7
1989-06-06,490.29
1989-06-07,577.62
1989-06-08,587.62
1989-06-09,505.05
1989-06-10,467.81
1989-06-11,467.34
1989-06-12,458.95
1989-06-13,429.8
1989-06-14,390.06
1989-06-15,366.77
1989-06-16,373.53
1989-06-17,392.19
1989-06-18,404.14
1989-06-19,404.3
1989-06-20,396.87
1989-06-21,378.01
1989-06-22,366.62
1989-06-23,346.7
1989-06-24,309.56
1989-06-25,311.85
1989-06-26,339.59
1989-06-27,333.97
1989-06-28,331.58
1989-06-29,331.58
1989-06-30,325.3
1989-07-01,315.33
1989-07-02,315.21
1989-07-03,315.21
1989-07-04,315.21
1989-07-05,315.21
1989-07-06,315.21
1989-07-07,315.21
1989-07-08,309.18
1989-07-09,299.64
1989-07-10,299.52
1989-07-11,299.52
1989-07-12,188.13
1989-07-13,321.36
1989-07-14,354.78
1989-07-15,348.36
1989-07-16,357.57
1989-07-17,344.62
1989-07-18,336.28
1989-07-19,336.28
1989-07-20,336.21
1989-07-21,321.05
1989-07-22,297.45
1989-07-23,297.35
1989-07-24,287.87
1989-07-25,285.41
1989-07-26,291.11
1989-07-27,281.25
1989-07-28,269.96
1989-07-29,273.64
1989-07-30,282.89
1989-07-31,292.56
1989-08-01,283.47
1989-08-02,278.87
1989-08-03,249.09
1989-08-04,241.08
1989-08-05,246.16
1989-08-06,238.68
1989-08-07,216.04
1989-08-08,200.79
1989-08-09,212.38
1989-08-10,208.41
1989-08-11,199.75
1989-08-12,204.69
1989-08-13,210.75
1989-08-14,187.57
1989-08-15,183.24
1989-08-16,189.89
1989-08-17,196.45
1989-08-18,208.89
1989-08-19,207.37
1989-08-20,192.29
1989-08-21,162.49
1989-08-22,160.73
1989-08-23,178.27
1989-08-24,180.75
1989-08-25,177.83
1989-08-26,170.53
1989-08-27,167.82
1989-08-28,150.44
1989-08-29,139.09
1989-08-30,155.91
1989-08-31,170.21
1989-09-01,173.23
1989-09-02,163.86
1989-09-03,149.94
1989-09-04,122.23
1989-09-05,121.36
1989-09-06,137.9
1989-09-07,146.72
1989-09-08,139.9
1989-09-09,144.16
1989-09-10,160.44
1989-09-11,160.6
1989-09-12,156.4
1989-09-13,153.34
1989-09-14,148.14
1989-09-15,134.7
1989-09-16,123.87
1989-09-17,125.47
1989-09-18,106.93
1989-09-19,102.49
1989-09-20,101.24
1989-09-21,108.93
1989-09-22,105.31
1989-09-23,103.7
1989-09-24,99.6
1989-09-25,86.15
1989-09-26,82.45
1989-09-27,85.05
1989-09-28,91.74
1989-09-29,97.03
1989-09-30,100.29
1989-10-01,97.62
1989-10-02,88.3
1989-10-03,84.88
1989-10-04,87.82
1989-10-05,91.7
1989-10-06,83.75
1989-10-07,86.89
1989-10-08,79.31
1989-10-09,70.27
1989-10-10,66.14
1989-10-11,71.71
1989-10-12,74.74
1989-10-13,73.29
1989-10-14,77.99
1989-10-15,78
1989-10-16,73.85
1989-10-17,71.16
1989-10-18,71.61
1989-10-19,73.74
1989-10-20,68.59
1989-10-21,69.86
1989-10-22,69.05
1989-10-23,62.18
1989-10-24,56.29
1989-10-25,63.44
1989-10-26,63.7
1989-10-27,62.8
1989-10-28,65.7
1989-10-29,67.63
1989-10-30,86.28
1989-10-31,94.03
1989-11-01,92.23
1989-11-02,82.65
1989-11-03,78.65
1989-11-04,74.09
1989-11-05,71.47
1989-11-06,64.03
1989-11-07,60.49
1989-11-08,78.68
1989-11-09,95.94
1989-11-10,94.39
1989-11-11,92.88
1989-11-12,83.66
1989-11-13,74.66
1989-11-14,68.5
1989-11-15,75.13
1989-11-16,69.43
1989-11-17,66.99
1989-11-18,63.94
1989-11-19,62.35
1989-11-20,57.51
1989-11-21,55.65
1989-11-22,68.25
1989-11-23,123.09
1989-11-24,328.66
1989-11-25,602.27
1989-11-26,505.9
1989-11-27,351.32
1989-11-28,413.81
1989-11-29,308.88
1989-11-30,249.93
1989-12-01,219.37
1989-12-02,197.9
1989-12-03,190.73
1989-12-04,174.6
1989-12-05,163.59
1989-12-06,154.97
1989-12-07,143.72
1989-12-08,137.82
1989-12-09,129.31
1989-12-10,126.8
1989-12-11,121.27
1989-12-12,116.04
1989-12-13,112.67
1989-12-14,111.24
1989-12-15,107.8
1989-12-16,111.05
1989-12-17,332.11
1989-12-18,1136.12
1989-12-19,1160.61
1989-12-20,661.86
1989-12-21,479.96
1989-12-22,378.11
1989-12-23,322.29
1989-12-24,287.15
1989-12-25,262.76
1989-12-26,238.91
1989-12-27,224.98
1989-12-28,214.04
1989-12-29,202.47
1989-12-30,195.53
1989-12-31,181.77
1990-01-01,173.16
1990-01-02,163.73
1990-01-03,153.66
1990-01-04,149.02
1990-01-05,137.52
1990-01-06,139.05
1990-01-07,135.55
1990-01-08,124.98
1990-01-09,118.15
1990-01-10,117.87
1990-01-11,117.87
1990-01-12,118.27
1990-01-13,128
1990-01-14,145.88
1990-01-15,145.84
1990-01-16,123.45
1990-01-17,117.87
1990-01-18,129.65
1990-01-19,150.57
1990-01-20,129.16
1990-01-21,116.62
1990-01-22,108.27
1990-01-23,109.85
1990-01-24,131.44
1990-01-25,142.54
1990-01-26,122.78
1990-01-27,113.04
1990-01-28,105.45
1990-01-29,100.37
1990-01-30,95.91
1990-01-31,93.05
1990-02-01,91.81
1990-02-02,89
1990-02-03,86.4
1990-02-04,84.06
1990-02-05,77.67
1990-02-06,71.89
1990-02-07,67.67
1990-02-08,67.3
1990-02-09,66.68
1990-02-10,67.3
1990-02-11,66.57
1990-02-12,60.71
1990-02-13,55.58
1990-02-14,53.09
1990-02-15,67.77
1990-02-16,103.96
1990-02-17,84.7
1990-02-18,76.56
1990-02-19,66.18
1990-02-20,67.17
1990-02-21,68.44
1990-02-22,65.14
1990-02-23,68.62
1990-02-24,68.77
1990-02-25,70.32
1990-02-26,72.18
1990-02-27,72.28
1990-02-28,67.43
1990-03-01,64.65
1990-03-02,62.73
1990-03-03,61.25
1990-03-04,70.28
1990-03-05,126.25
1990-03-06,124.22
1990-03-07,123.1
1990-03-08,170.8
1990-03-09,519.37
1990-03-10,242.47
1990-03-11,163.15
1990-03-12,133.56
1990-03-13,114.14
1990-03-14,102.1
1990-03-15,92.35
1990-03-16,90.23
1990-03-17,95.22
1990-03-18,92.02
1990-03-19,86.76
1990-03-20,86.83
1990-03-21,614.64
1990-03-22,2183.58
1990-03-23,1328.12
1990-03-24,1454.81
1990-03-25,8997.21
1990-03-26,3687.33
1990-03-27,1551.32
1990-03-28,1009.85
1990-03-29,863.29
1990-03-30,756.48
1990-03-31,673.05
1990-04-01,682.12
1990-04-02,698.07
1990-04-03,960.66
1990-04-04,1419.75
1990-04-05,1434.55
1990-04-06,1109.7
1990-04-07,931.87
1990-04-08,884.56
1990-04-09,812.29
1990-04-10,699.59
1990-04-11,653.33
1990-04-12,610.3
1990-04-13,579.63
1990-04-14,559.93
1990-04-15,549.69
1990-04-16,563.11
1990-04-17,543.25
1990-04-18,523.73
1990-04-19,658.39
1990-04-20,1377.47
1990-04-21,1590.15
1990-04-22,1223.98
1990-04-23,978.61
1990-04-24,843
1990-04-25,752.15
1990-04-26,684.51
1990-04-27,632.14
1990-04-28,588.4
1990-04-29,559.57
1990-04-30,529.25
1990-05-01,494.25
1990-05-02,459.29
1990-05-03,441.88
1990-05-04,554.32
1990-05-05,681.12
1990-05-06,726.1
1990-05-07,748.2
1990-05-08,743.55
1990-05-09,688.64
1990-05-10,645.06
1990-05-11,607.08
1990-05-12,669.73
1990-05-13,1159.65
1990-05-14,1416.98
1990-05-15,1149.5
1990-05-16,1034.47
1990-05-17,968.99
1990-05-18,902.68
1990-05-19,844.73
1990-05-20,778.9
1990-05-21,732.22
1990-05-22,691.8
1990-05-23,654.3
1990-05-24,684.51
1990-05-25,746.08
1990-05-26,736.07
1990-05-27,695.43
1990-05-28,718.1
1990-05-29,708.61
1990-05-30,673.09
1990-05-31,643.66
1990-06-01,615.83
1990-06-02,597.42
1990-06-03,581.8
1990-06-04,567.99
1990-06-05,553.05
1990-06-06,549.69
1990-06-07,656.98
1990-06-08,1743.33
1990-06-09,1264.37
1990-06-10,951.01
1990-06-11,812.8
1990-06-12,740.94
1990-06-13,693.02
1990-06-14,677.05
1990-06-15,665.16
1990-06-16,627.4
1990-06-17,608.72
1990-06-18,588.49
1990-06-19,559.72
1990-06-20,544.65
1990-06-21,511.38
1990-06-22,481.42
1990-06-23,483.49
1990-06-24,486.58
1990-06-25,467.12
1990-06-26,447.78
1990-06-27,424.99
1990-06-28,408.49
1990-06-29,406
1990-06-30,395.64
1990-07-01,387.43
1990-07-02,381.55
1990-07-03,375.22
1990-07-04,379.38
1990-07-05,371.2
1990-07-06,357.93
1990-07-07,348.72
1990-07-08,348.15
1990-07-09,333.99
1990-07-10,338.22
1990-07-11,362.62
1990-07-12,376.22
1990-07-13,366.08
1990-07-14,360.92
1990-07-15,353.03
1990-07-16,347.92
1990-07-17,343.5
1990-07-18,335.59
1990-07-19,317.57
1990-07-20,304.56
1990-07-21,295.65
1990-07-22,289.83
1990-07-23,288.13
1990-07-24,284.21
1990-07-25,283.01
1990-07-26,272.01
1990-07-27,273.9
1990-07-28,283.91
1990-07-29,286.4
1990-07-30,270.26
1990-07-31,258.79
1990-08-01,254.14
1990-08-02,248.79
1990-08-03,240.69
1990-08-04,232.69
1990-08-05,221.11
1990-08-06,206.57
1990-08-07,203.82
1990-08-08,212.61
1990-08-09,209.43
1990-08-10,207.46
1990-08-11,214.53
1990-08-12,206.85
1990-08-13,189.88
1990-08-14,180.04
1990-08-15,184.86
1990-08-16,186.64
1990-08-17,173.77
1990-08-18,171.65
1990-08-19,163.28
1990-08-20,143.71
1990-08-21,146.65
1990-08-22,153.95
1990-08-23,154.57
1990-08-24,145.35
1990-08-25,149.24
1990-08-26,147.79
1990-08-27,135.9
1990-08-28,133.03
1990-08-29,140.53
1990-08-30,151.59
1990-08-31,148.6
1990-09-01,143.63
1990-09-02,144.35
1990-09-03,135.59
1990-09-04,122.24
1990-09-05,134.15
1990-09-06,125.57
1990-09-07,121.06
1990-09-08,123.85
1990-09-09,131.25
1990-09-10,124.21
1990-09-11,119.02
1990-09-12,135.53
1990-09-13,150.23
1990-09-14,146.57
1990-09-15,134.04
1990-09-16,113
1990-09-17,104.66
1990-09-18,101.18
1990-09-19,111.48
1990-09-20,143.66
1990-09-21,169.81
1990-09-22,172.45
1990-09-23,162.49
1990-09-24,148.89
1990-09-25,147.78
1990-09-26,155.68
1990-09-27,157.12
1990-09-28,148.25
1990-09-29,140.8
1990-09-30,124.62
1990-10-01,125.57
1990-10-02,158.22
1990-10-03,161.07
1990-10-04,152.54
1990-10-05,143.25
1990-10-06,132.66
1990-10-07,123.04
1990-10-08,98.94
1990-10-09,82.85
1990-10-10,83.91
1990-10-11,91.86
1990-10-12,88.68
1990-10-13,87.91
1990-10-14,79.9
1990-10-15,74.29
1990-10-16,69.31
1990-10-17,68.33
1990-10-18,77.55
1990-10-19,74.47
1990-10-20,77.08
1990-10-21,70.44
1990-10-22,72
1990-10-23,75.29
1990-10-24,76.91
1990-10-25,76.26
1990-10-26,71.59
1990-10-27,70.24
1990-10-28,63.53
1990-10-29,62.7
1990-10-30,66.65
1990-10-31,66.54
1990-11-01,65.33
1990-11-02,65.06
1990-11-03,61.42
1990-11-04,59.53
1990-11-05,56.49
1990-11-06,64
1990-11-07,59.49
1990-11-08,54.46
1990-11-09,52.76
1990-11-10,56.35
1990-11-11,56.56
1990-11-12,52.16
1990-11-13,51.41
1990-11-14,51.63
1990-11-15,57.03
1990-11-16,56.79
1990-11-17,55.67
1990-11-18,50.04
1990-11-19,41.76
1990-11-20,44.74
1990-11-21,45.88
1990-11-22,43.19
1990-11-23,49.77
1990-11-24,52.56
1990-11-25,49.93
1990-11-26,45.09
1990-11-27,41.95
1990-11-28,43.2
1990-11-29,47.14
1990-11-30,46.19
1990-12-01,45.29
1990-12-02,43.91
1990-12-03,44.5
1990-12-04,42.55
1990-12-05,42.37
1990-12-06,44.7
1990-12-07,49.73
1990-12-08,54.02
1990-12-09,56.16
1990-12-10,45.39
1990-12-11,43.41
1990-12-12,45.26
1990-12-13,49.38
1990-12-14,50.17
1990-12-15,47.75
1990-12-16,40.56
1990-12-17,41.21
1990-12-18,39.64
1990-12-19,41.68
1990-12-20,45.14
1990-12-21,54.13
1990-12-22,53.62
1990-12-23,48.84
1990-12-24,74.7
1990-12-25,249.75
1990-12-26,708.95
1990-12-27,738.6
1990-12-28,442.88
1990-12-29,292.87
1990-12-30,276.43
1990-12-31,261.75
1991-01-01,226.79
1991-01-02,329.38
1991-01-03,358.79
1991-01-04,611.16
1991-01-05,1127.84
1991-01-06,825.08
1991-01-07,647.79
1991-01-08,598.68
1991-01-09,1437.63
1991-01-10,2559.25
1991-01-11,4507.74
1991-01-12,8432.21
1991-01-13,3478.81
1991-01-14,3796.43
1991-01-15,3426.91
1991-01-16,2277.47
1991-01-17,3097.3
1991-01-18,3640.86
1991-01-19,2135.93
1991-01-20,3668.1
1991-01-21,3376.79
1991-01-22,2104.37
1991-01-23,1757.08
1991-01-24,1828.99
1991-01-25,2207.14
1991-01-26,1836.18
1991-01-27,1880.76
1991-01-28,2739.36
1991-01-29,2232.11
1991-01-30,1511.57
1991-01-31,1244.34
1991-02-01,1098.19
1991-02-02,3147.6
1991-02-03,10964.98
1991-02-04,8612.93
1991-02-05,3520.21
1991-02-06,2311.32
1991-02-07,1780.86
1991-02-08,1535.77
1991-02-09,1462.57
1991-02-10,1272.4
1991-02-11,1179.1
1991-02-12,1092.88
1991-02-13,1056.1
1991-02-14,1217.96
1991-02-15,1353.34
1991-02-16,3616.21
1991-02-17,3413.04
1991-02-18,3360.01
1991-02-19,2368.42
1991-02-20,1816.85
1991-02-21,3156.25
1991-02-22,4055.86
1991-02-23,2295.26
1991-02-24,1824.7
1991-02-25,1576.09
1991-02-26,1474.89
1991-02-27,1882.54
1991-02-28,1494.12
1991-03-01,1331.22
1991-03-02,1196.34
1991-03-03,1114.07
1991-03-04,1042.34
1991-03-05,989.7
1991-03-06,958.12
1991-03-07,924.75
1991-03-08,897.9
1991-03-09,881.58
1991-03-10,876.93
1991-03-11,850.45
1991-03-12,826.61
1991-03-13,804.5
1991-03-14,778.95
1991-03-15,763.46
1991-03-16,808.01
1991-03-17,760.82
1991-03-18,727.87
1991-03-19,706.53
1991-03-20,687.18
1991-03-21,671.92
1991-03-22,658.84
1991-03-23,645.91
1991-03-24,633.12
1991-03-25,618.54
1991-03-26,662.79
1991-03-27,642.24
1991-03-28,608.96
1991-03-29,593.54
1991-03-30,579.96
1991-03-31,563.11
1991-04-01,555.36
1991-04-02,544.98
1991-04-03,535.39
1991-04-04,521.38
1991-04-05,503.27
1991-04-06,524.57
1991-04-07,528.57
1991-04-08,521.15
1991-04-09,512.23
1991-04-10,508.24
1991-04-11,499.19
1991-04-12,490
1991-04-13,480.11
1991-04-14,504.7
1991-04-15,490.61
1991-04-16,464.2
1991-04-17,448.89
1991-04-18,447.8
1991-04-19,457.22
1991-04-20,453.63
1991-04-21,490.37
1991-04-22,533.43
1991-04-23,539.15
1991-04-24,524.09
1991-04-25,484.86
1991-04-26,456.63
1991-04-27,441.65
1991-04-28,427.07
1991-04-29,406.53
1991-04-30,388.11
1991-05-01,381.6
1991-05-02,378.34
1991-05-03,391.08
1991-05-04,390.87
1991-05-05,382.03
1991-05-06,354.34
1991-05-07,365.35
1991-05-08,426.43
1991-05-09,404.17
1991-05-10,372.59
1991-05-11,359.06
1991-05-12,341.88
1991-05-13,321.83
1991-05-14,309.79
1991-05-15,318.1
1991-05-16,339.77
1991-05-17,347.52
1991-05-18,325.75
1991-05-19,303.11
1991-05-20,279.73
1991-05-21,289.66
1991-05-22,308.35
1991-05-23,299.94
1991-05-24,295.89
1991-05-25,305.7
1991-05-26,302.4
1991-05-27,310.14
1991-05-28,321.38
1991-05-29,362.95
1991-05-30,381.9
1991-05-31,384.17
1991-06-01,398.41
1991-06-02,420.9
1991-06-03,490.26
1991-06-04,570.75
1991-06-05,546.41
1991-06-06,499.08
1991-06-07,454.59
1991-06-08,416.05
1991-06-09,386.29
1991-06-10,357.7
1991-06-11,328.15
1991-06-12,317.39
1991-06-13,314.11
1991-06-14,300.1
1991-06-15,289.62
1991-06-16,280.25
1991-06-17,260
1991-06-18,250.75
1991-06-19,262.17
1991-06-20,261.29
1991-06-21,261.88
1991-06-22,260.49
1991-06-23,251.25
1991-06-24,230.8
1991-06-25,224.31
1991-06-26,225.05
1991-06-27,232.68
1991-06-28,226.63
1991-06-29,220.97
1991-06-30,219.29
1991-07-01,209.23
1991-07-02,196.88
1991-07-03,214.57
1991-07-04,237.11
1991-07-05,259.69
1991-07-06,263.77
1991-07-07,256.76
1991-07-08,248.64
1991-07-09,235.6
1991-07-10,222.87
1991-07-11,219.13
1991-07-12,212
1991-07-13,194.06
1991-07-14,188.05
1991-07-15,170.61
1991-07-16,151.39
1991-07-17,160.33
1991-07-18,164.88
1991-07-19,167.8
1991-07-20,163.78
1991-07-21,159.77
1991-07-22,147.48
1991-07-23,136.68
1991-07-24,145.6
1991-07-25,150.03
1991-07-26,142.33
1991-07-27,140.45
1991-07-28,137.56
1991-07-29,121.79
1991-07-30,120.94
1991-07-31,132.35
1991-08-01,133.96
1991-08-02,126.57
1991-08-03,125.73
1991-08-04,120.87
1991-08-05,105.05
1991-08-06,103.15
1991-08-07,117.36
1991-08-08,121.58
1991-08-09,122
1991-08-10,109.15
1991-08-11,103.82
1991-08-12,97.06
1991-08-13,98.13
1991-08-14,121.31
1991-08-15,134.69
1991-08-16,127.34
1991-08-17,113.15
1991-08-18,102.67
1991-08-19,89.88
1991-08-20,83.78
1991-08-21,100.36
1991-08-22,116.54
1991-08-23,111.62
1991-08-24,96.7
1991-08-25,91.06
1991-08-26,80.09
1991-08-27,84.8
1991-08-28,106.93
1991-08-29,114.89
1991-08-30,105.31
1991-08-31,101.45
1991-09-01,95.67
1991-09-02,79.78
1991-09-03,77.66
1991-09-04,78.71
1991-09-05,75.34
1991-09-06,80.51
1991-09-07,76.67
1991-09-08,72.09
1991-09-09,68.93
1991-09-10,66.93
1991-09-11,73.35
1991-09-12,72.14
1991-09-13,71.35
1991-09-14,68.64
1991-09-15,62.73
1991-09-16,55.1
1991-09-17,54.34
1991-09-18,62.35
1991-09-19,63.79
1991-09-20,57.93
1991-09-21,58.59
1991-09-22,52.58
1991-09-23,47.96
1991-09-24,46.75
1991-09-25,48.56
1991-09-26,48.91
1991-09-27,48.72
1991-09-28,51.22
1991-09-29,47.78
1991-09-30,44.03
1991-10-01,39.92
1991-10-02,45.5
1991-10-03,44.59
1991-10-04,39.84
1991-10-05,39.69
1991-10-06,40.65
1991-10-07,39.46
1991-10-08,37.37
1991-10-09,40.36
1991-10-10,39.29
1991-10-11,37.47
1991-10-12,37.8
1991-10-13,36.52
1991-10-14,35.86
1991-10-15,34.59
1991-10-16,36.75
1991-10-17,40.72
1991-10-18,42.58
1991-10-19,39.39
1991-10-20,38.06
1991-10-21,36.85
1991-10-22,35.23
1991-10-23,38.76
1991-10-24,37.7
1991-10-25,36.99
1991-10-26,32.97
1991-10-27,33.72
1991-10-28,32.82
1991-10-29,32.62
1991-10-30,33.86
1991-10-31,33.14
1991-11-01,36.13
1991-11-02,34.8
1991-11-03,34.97
1991-11-04,32.51
1991-11-05,33.62
1991-11-06,38.03
1991-11-07,35.19
1991-11-08,32.24
1991-11-09,30.82
1991-11-10,31.12
1991-11-11,28.84
1991-11-12,30.52
1991-11-13,29.75
1991-11-14,32.81
1991-11-15,39.28
1991-11-16,50.28
1991-11-17,50.73
1991-11-18,128.58
1991-11-19,191.51
1991-11-20,141.85
1991-11-21,103.14
1991-11-22,79.78
1991-11-23,72.26
1991-11-24,67.43
1991-11-25,59.81
1991-11-26,67.14
1991-11-27,68.82
1991-11-28,65.58
1991-11-29,58.44
1991-11-30,58.23
1991-12-01,54.78
1991-12-02,48.5
1991-12-03,59.1
1991-12-04,90.03
1991-12-05,81.05
1991-12-06,69.91
1991-12-07,64.8
1991-12-08,60.35
1991-12-09,61.81
1991-12-10,66.28
1991-12-11,72.89
1991-12-12,103.48
1991-12-13,156.09
1991-12-14,109.14
1991-12-15,83.14
1991-12-16,72.98
1991-12-17,68.35
1991-12-18,69.73
1991-12-19,87.21
1991-12-20,108.22
1991-12-21,117.9
1991-12-22,116.11
1991-12-23,108.82
1991-12-24,81.26
1991-12-25,84.66
1991-12-26,78.68
1991-12-27,71.45
1991-12-28,67.92
1991-12-29,64.18
1991-12-30,61.59
1991-12-31,60.26
1992-01-01,59.36
1992-01-02,59.12
1992-01-03,66.02
1992-01-04,69.12
1992-01-05,74.01
1992-01-06,82.14
1992-01-07,87.83
1992-01-08,79.51
1992-01-09,73.2
1992-01-10,115.73
1992-01-11,149.28
1992-01-12,110.18
1992-01-13,90.77
1992-01-14,77.1
1992-01-15,71.73
1992-01-16,69.79
1992-01-17,68.65
1992-01-18,75.68
1992-01-19,82.62
1992-01-20,73.38
1992-01-21,63.62
1992-01-22,64.66
1992-01-23,65.24
1992-01-24,66.31
1992-01-25,67.28
1992-01-26,68.29
1992-01-27,68.81
1992-01-28,64.16
1992-01-29,59.03
1992-01-30,57.1
1992-01-31,56.77
1992-02-01,56.79
1992-02-02,56.9
1992-02-03,56.46
1992-02-04,55.16
1992-02-05,53.99
1992-02-06,53.38
1992-02-07,60.45
1992-02-08,78.92
1992-02-09,144.61
1992-02-10,178.11
1992-02-11,591.75
1992-02-12,767.21
1992-02-13,456.1
1992-02-14,261.79
1992-02-15,196.37
1992-02-16,156.16
1992-02-17,132.01
1992-02-18,115.09
1992-02-19,102.62
1992-02-20,99.79
1992-02-21,105.05
1992-02-22,100.22
1992-02-23,91.32
1992-02-24,87.74
1992-02-25,89.81
1992-02-26,108.06
1992-02-27,128.08
1992-02-28,127.69
1992-02-29,119.49
1992-03-01,126.81
1992-03-02,197
1992-03-03,315.1
1992-03-04,275.25
1992-03-05,215.03
1992-03-06,173.37
1992-03-07,141
1992-03-08,118.9
1992-03-09,111.11
1992-03-10,100.21
1992-03-11,94.59
1992-03-12,88.19
1992-03-13,81.49
1992-03-14,75.67
1992-03-15,70.84
1992-03-16,67.9
1992-03-17,81.6
1992-03-18,93.39
1992-03-19,82.41
1992-03-20,72.54
1992-03-21,67.52
1992-03-22,67.19
1992-03-23,66.88
1992-03-24,65.35
1992-03-25,61.67
1992-03-26,58.47
1992-03-27,57.35
1992-03-28,56.81
1992-03-29,56.65
1992-03-30,56.65
1992-03-31,56.65
1992-04-01,55.69
1992-04-02,55
1992-04-03,57.77
1992-04-04,60.25
1992-04-05,61.32
1992-04-06,61.76
1992-04-07,63.99
1992-04-08,67.76
1992-04-09,68.13
1992-04-10,65.69
1992-04-11,61.09
1992-04-12,60.58
1992-04-13,63.21
1992-04-14,71.29
1992-04-15,83.85
1992-04-16,95.29
1992-04-17,107.34
1992-04-18,112.36
1992-04-19,123.48
1992-04-20,133.54
1992-04-21,118.07
1992-04-22,102.02
1992-04-23,91.44
1992-04-24,80.74
1992-04-25,74.41
1992-04-26,73.37
1992-04-27,69.84
1992-04-28,64.93
1992-04-29,65.84
1992-04-30,65.62
1992-05-01,60.75
1992-05-02,59.01
1992-05-03,58.47
1992-05-04,60.73
1992-05-05,60.86
1992-05-06,57.56
1992-05-07,54.39
1992-05-08,55.14
1992-05-09,68.23
1992-05-10,106.52
1992-05-11,197.16
1992-05-12,192.8
1992-05-13,166.07
1992-05-14,141.25
1992-05-15,137.63
1992-05-16,137.04
1992-05-17,121.09
1992-05-18,110.22
1992-05-19,101.81
1992-05-20,93.81
1992-05-21,89.17
1992-05-22,100.44
1992-05-23,111.67
1992-05-24,111.81
1992-05-25,105.93
1992-05-26,96.77
1992-05-27,94.42
1992-05-28,89.52
1992-05-29,83.75
1992-05-30,77.94
1992-05-31,73.54
1992-06-01,71.62
1992-06-02,70.3
1992-06-03,74.61
1992-06-04,78.39
1992-06-05,80.16
1992-06-06,74.73
1992-06-07,72
1992-06-08,65.26
1992-06-09,59.79
1992-06-10,57.41
1992-06-11,56.17
1992-06-12,57.12
1992-06-13,56.1
1992-06-14,51.3
1992-06-15,46.74
1992-06-16,43.8
1992-06-17,46.16
1992-06-18,49.13
1992-06-19,48.09
1992-06-20,45.72
1992-06-21,41.57
1992-06-22,37.94
1992-06-23,36.81
1992-06-24,36.53
1992-06-25,36.53
1992-06-26,41.05
1992-06-27,41.97
1992-06-28,40.9
1992-06-29,40.09
1992-06-30,38.05
1992-07-01,36.45
1992-07-02,35.6
1992-07-03,35
1992-07-04,34.73
1992-07-05,37.73
1992-07-06,35.69
1992-07-07,35.35
1992-07-08,38.11
1992-07-09,36.04
1992-07-10,34.92
1992-07-11,34.07
1992-07-12,33.99
1992-07-13,33.18
1992-07-14,32.25
1992-07-15,35.23
1992-07-16,41.21
1992-07-17,50.03
1992-07-18,57.67
1992-07-19,60.4
1992-07-20,57.83
1992-07-21,51.61
1992-07-22,49.74
1992-07-23,45.22
1992-07-24,42.94
1992-07-25,41.32
1992-07-26,45.32
1992-07-27,52.56
1992-07-28,58.42
1992-07-29,59.65
1992-07-30,60.67
1992-07-31,61.07
1992-08-01,61.74
1992-08-02,62
1992-08-03,58.71
1992-08-04,53.83
1992-08-05,53.56
1992-08-06,54.15
1992-08-07,53.44
1992-08-08,50.42
1992-08-09,52.85
1992-08-10,43.1
1992-08-11,40.02
1992-08-12,40.54
1992-08-13,37.59
1992-08-14,37.64
1992-08-15,34.74
1992-08-16,34.8
1992-08-17,31.1
1992-08-18,30.51
1992-08-19,29.87
1992-08-20,29.03
1992-08-21,29.23
1992-08-22,28.59
1992-08-23,30.37
1992-08-24,29.98
1992-08-25,28.76
1992-08-26,31.24
1992-08-27,31.34
1992-08-28,29.64
1992-08-29,29.43
1992-08-30,28.97
1992-08-31,27.25
1992-09-01,26.91
1992-09-02,26.67
1992-09-03,27.58
1992-09-04,27.79
1992-09-05,27.57
1992-09-06,27.49
1992-09-07,27.11
1992-09-08,26.73
1992-09-09,26.53
1992-09-10,26.3
1992-09-11,26.21
1992-09-12,28.12
1992-09-13,38.95
1992-09-14,43.44
1992-09-15,43.95
1992-09-16,46.25
1992-09-17,43.61
1992-09-18,40.14
1992-09-19,37.83
1992-09-20,35.11
1992-09-21,28.7
1992-09-22,28.18
1992-09-23,27.75
1992-09-24,28.19
1992-09-25,27.92
1992-09-26,28.31
1992-09-27,28.29
1992-09-28,28.18
1992-09-29,28.03
1992-09-30,27.65
1992-10-01,27.53
1992-10-02,27.56
1992-10-03,27.62
1992-10-04,27.44
1992-10-05,27.28
1992-10-06,27.23
1992-10-07,26.79
1992-10-08,26.46
1992-10-09,26.27
1992-10-10,26.29
1992-10-11,26.27
1992-10-12,26.15
1992-10-13,25.77
1992-10-14,24.61
1992-10-15,24.61
1992-10-16,24.65
1992-10-17,24.53
1992-10-18,24.18
1992-10-19,24.08
1992-10-20,23.98
1992-10-21,24.02
1992-10-22,23.86
1992-10-23,23.6
1992-10-24,23.57
1992-10-25,23.48
1992-10-26,23.28
1992-10-27,23.21
1992-10-28,23.21
1992-10-29,23.17
1992-10-30,23.1
1992-10-31,23.28
1992-11-01,23.13
1992-11-02,23
1992-11-03,21.96
1992-11-04,21.89
1992-11-05,21.89
1992-11-06,21.77
1992-11-07,21.76
1992-11-08,21.71
1992-11-09,21.49
1992-11-10,21.52
1992-11-11,21.37
1992-11-12,21.19
1992-11-13,21.53
1992-11-14,21.25
1992-11-15,21.46
1992-11-16,21.46
1992-11-17,21.46
1992-11-18,21.46
1992-11-19,21.5
1992-11-20,21.56
1992-11-21,21.56
1992-11-22,21.61
1992-11-23,21.67
1992-11-24,21.67
1992-11-25,21.71
1992-11-26,21.78
1992-11-27,21.78
1992-11-28,21.82
1992-11-29,21.89
1992-11-30,21.89
1992-12-01,21.93
1992-12-02,22
1992-12-03,22
1992-12-04,22.8
1992-12-05,23.55
1992-12-06,28.99
1992-12-07,31.55
1992-12-08,34.87
1992-12-09,39.09
1992-12-10,35.2
1992-12-11,32.45
1992-12-12,32.13
1992-12-13,30.73
1992-12-14,29.51
1992-12-15,29
1992-12-16,28.27
1992-12-17,27.24
1992-12-18,27.42
1992-12-19,27.76
1992-12-20,29.11
1992-12-21,41.25
1992-12-22,59.32
1992-12-23,66.79
1992-12-24,66.39
1992-12-25,63.94
1992-12-26,54.68
1992-12-27,49.04
1992-12-28,46.52
1992-12-29,52.05
1992-12-30,56.58
1992-12-31,57.46
1993-01-01,54.31
1993-01-02,47.05
1993-01-03,43.62
1993-01-04,42.16
1993-01-05,41.94
1993-01-06,38.49
1993-01-07,37.24
1993-01-08,35.72
1993-01-09,34.23
1993-01-10,34.68
1993-01-11,34.25
1993-01-12,36.04
1993-01-13,56.11
1993-01-14,73.38
1993-01-15,73.59
1993-01-16,63.11
1993-01-17,54.57
1993-01-18,49.8
1993-01-19,50.38
1993-01-20,60.85
1993-01-21,96.44
1993-01-22,84.51
1993-01-23,73.66
1993-01-24,67.82
1993-01-25,62.98
1993-01-26,57.07
1993-01-27,53.75
1993-01-28,50.94
1993-01-29,48.68
1993-01-30,45.9
1993-01-31,46.48
1993-02-01,53.29
1993-02-02,68.23
1993-02-03,113.01
1993-02-04,129.11
1993-02-05,129.97
1993-02-06,131.01
1993-02-07,153.11
1993-02-08,208.74
1993-02-09,164.64
1993-02-10,131.48
1993-02-11,112.07
1993-02-12,96.69
1993-02-13,88.22
1993-02-14,86.91
1993-02-15,128.75
1993-02-16,119.74
1993-02-17,108.39
1993-02-18,118.91
1993-02-19,117.85
1993-02-20,112.34
1993-02-21,105.84
1993-02-22,99.02
1993-02-23,92.98
1993-02-24,91.44
1993-02-25,133.97
1993-02-26,248.47
1993-02-27,177.84
1993-02-28,144.25
1993-03-01,130.72
1993-03-02,169.4
1993-03-03,201.46
1993-03-04,188.15
1993-03-05,144.29
1993-03-06,146.15
1993-03-07,134.88
1993-03-08,113.94
1993-03-09,101.14
1993-03-10,92.99
1993-03-11,85.79
1993-03-12,78.87
1993-03-13,74.22
1993-03-14,69.6
1993-03-15,66.61
1993-03-16,64.33
1993-03-17,61.3
1993-03-18,58.16
1993-03-19,57.06
1993-03-20,54.28
1993-03-21,52.03
1993-03-22,49.03
1993-03-23,48.97
1993-03-24,47.78
1993-03-25,45.84
1993-03-26,46.38
1993-03-27,47.1
1993-03-28,48.13
1993-03-29,46.84
1993-03-30,46.33
1993-03-31,43.78
1993-04-01,40.86
1993-04-02,39.34
1993-04-03,38.09
1993-04-04,36.78
1993-04-05,35.88
1993-04-06,35.39
1993-04-07,37.91
1993-04-08,36.86
1993-04-09,39.9
1993-04-10,40.74
1993-04-11,38.52
1993-04-12,35.87
1993-04-13,36.58
1993-04-14,42.5
1993-04-15,45.72
1993-04-16,45.18
1993-04-17,42.68
1993-04-18,40.36
1993-04-19,40.53
1993-04-20,49.67
1993-04-21,62.11
1993-04-22,65.07
1993-04-23,61.84
1993-04-24,64.26
1993-04-25,70.65
1993-04-26,82.8
1993-04-27,92.41
1993-04-28,101.53
1993-04-29,97.43
1993-04-30,87.68
1993-05-01,79.19
1993-05-02,74.16
1993-05-03,72.12
1993-05-04,75.73
1993-05-05,76.89
1993-05-06,76.16
1993-05-07,75.46
1993-05-08,74.14
1993-05-09,71.8
1993-05-10,71.5
1993-05-11,70.34
1993-05-12,69.19
1993-05-13,68.04
1993-05-14,66.33
1993-05-15,64.33
1993-05-16,61.59
1993-05-17,56.52
1993-05-18,55.59
1993-05-19,61.22
1993-05-20,70.01
1993-05-21,76.62
1993-05-22,82.77
1993-05-23,97.47
1993-05-24,124.82
1993-05-25,144.28
1993-05-26,140.7
1993-05-27,139.84
1993-05-28,160.96
1993-05-29,168.13
1993-05-30,172.62
1993-05-31,203.62
1993-06-01,269.31
1993-06-02,276.83
1993-06-03,247.98
1993-06-04,217.84
1993-06-05,190.78
1993-06-06,166.29
1993-06-07,147.34
1993-06-08,134.57
1993-06-09,126.48
1993-06-10,116.21
1993-06-11,106.33
1993-06-12,102.22
1993-06-13,101.14
1993-06-14,95.89
1993-06-15,88.34
1993-06-16,84.3
1993-06-17,82.63
1993-06-18,89.3
1993-06-19,104.04
1993-06-20,114.64
1993-06-21,125.78
1993-06-22,131.1
1993-06-23,127.48
1993-06-24,119.83
1993-06-25,110.27
1993-06-26,107.92
1993-06-27,117.3
1993-06-28,134.73
1993-06-29,149.99
1993-06-30,175.47
1993-07-01,195.96
1993-07-02,221.39
1993-07-03,262
1993-07-04,273.57
1993-07-05,259.31
1993-07-06,236.09
1993-07-07,227.92
1993-07-08,233.06
1993-07-09,248.09
1993-07-10,246.28
1993-07-11,253.22
1993-07-12,256.55
1993-07-13,243.74
1993-07-14,227.12
1993-07-15,207.37
1993-07-16,188.42
1993-07-17,171.3
1993-07-18,155.12
1993-07-19,137.34
1993-07-20,133.51
1993-07-21,131.83
1993-07-22,139.93
1993-07-23,157.1
1993-07-24,179.9
1993-07-25,274.97
1993-07-26,311.09
1993-07-27,324.6
1993-07-28,315.45
1993-07-29,283.59
1993-07-30,251.69
1993-07-31,223.33
1993-08-01,195.29
1993-08-02,169.37
1993-08-03,150.22
1993-08-04,141.82
1993-08-05,130.79
1993-08-06,122.47
1993-08-07,114.64
1993-08-08,110.97
1993-08-09,101.47
1993-08-10,94.93
1993-08-11,92.31
1993-08-12,89.07
1993-08-13,81.47
1993-08-14,75.17
1993-08-15,73.95
1993-08-16,70.61
1993-08-17,70.58
1993-08-18,71.8
1993-08-19,73.26
1993-08-20,71
1993-08-21,71.64
1993-08-22,73.54
1993-08-23,81.41
1993-08-24,91.46
1993-08-25,96.39
1993-08-26,105.55
1993-08-27,103.49
1993-08-28,97.06
1993-08-29,93.57
1993-08-30,96.26
1993-08-31,92.54
1993-09-01,87.78
1993-09-02,83.05
1993-09-03,76.6
1993-09-04,70.5
1993-09-05,67.76
1993-09-06,63.79
1993-09-07,68.18
1993-09-08,73.55
1993-09-09,78.09
1993-09-10,78.26
1993-09-11,78.48
1993-09-12,77.44
1993-09-13,68.03
1993-09-14,64.73
1993-09-15,65.33
1993-09-16,64.76
1993-09-17,58.85
1993-09-18,55.52
1993-09-19,54.69
1993-09-20,50.73
1993-09-21,45.39
1993-09-22,44.56
1993-09-23,40.21
1993-09-24,38.04
1993-09-25,38.08
1993-09-26,38.58
1993-09-27,36.66
1993-09-28,44.81
1993-09-29,47.02
1993-09-30,46.97
1993-10-01,56.83
1993-10-02,65.91
1993-10-03,66.9
1993-10-04,64.15
1993-10-05,58.69
1993-10-06,54.52
1993-10-07,53.1
1993-10-08,48.74
1993-10-09,46.64
1993-10-10,41.84
1993-10-11,37.33
1993-10-12,34.42
1993-10-13,34.18
1993-10-14,34.9
1993-10-15,32.87
1993-10-16,31.58
1993-10-17,33.05
1993-10-18,31.7
1993-10-19,28.58
1993-10-20,27.56
1993-10-21,28.31
1993-10-22,28
1993-10-23,26.93
1993-10-24,27.62
1993-10-25,26.96
1993-10-26,26.26
1993-10-27,27.54
1993-10-28,27.92
1993-10-29,30.22
1993-10-30,29.26
1993-10-31,30.05
1993-11-01,27.41
1993-11-02,26.16
1993-11-03,25.66
1993-11-04,25.38
1993-11-05,24.91
1993-11-06,24.77
1993-11-07,24.51
1993-11-08,24.25
1993-11-09,23.93
1993-11-10,23.62
1993-11-11,23.53
1993-11-12,23.26
1993-11-13,23.03
1993-11-14,22.97
1993-11-15,22.71
1993-11-16,22.48
1993-11-17,22.44
1993-11-18,25.93
1993-11-19,70.72
1993-11-20,57.85
1993-11-21,13.64
1993-11-22,14.05
1993-11-23,13.77
1993-11-24,13.15
1993-11-25,13.19
1993-11-26,23.37
1993-11-27,145.6
1993-11-28,89.81
1993-11-29,56.26
1993-11-30,50.79
1993-12-01,44.51
1993-12-02,39.43
1993-12-03,36.8
1993-12-04,35.98
1993-12-05,35.69
1993-12-06,33.28
1993-12-07,29.32
1993-12-08,31.04
1993-12-09,33
1993-12-10,35.25
1993-12-11,34.71
1993-12-12,33.3
1993-12-13,32.57
1993-12-14,35.34
1993-12-15,44.52
1993-12-16,42.35
1993-12-17,38.99
1993-12-18,36.16
1993-12-19,33.01
1993-12-20,32.74
1993-12-21,31.18
1993-12-22,30.14
1993-12-23,29.92
1993-12-24,29.43
1993-12-25,30.22
1993-12-26,30.03
1993-12-27,29.53
1993-12-28,30.76
1993-12-29,33.09
1993-12-30,29.67
1993-12-31,28.69
1994-01-01,29.26
1994-01-02,31.64
1994-01-03,34.96
1994-01-04,34.28
1994-01-05,30.53
1994-01-06,28.85
1994-01-07,28
1994-01-08,27.34
1994-01-09,25.81
1994-01-10,25.52
1994-01-11,26.35
1994-01-12,25.97
1994-01-13,24.96
1994-01-14,24.66
1994-01-15,23.82
1994-01-16,23.45
1994-01-17,21.77
1994-01-18,20.19
1994-01-19,19.81
1994-01-20,19.12
1994-01-21,19.72
1994-01-22,26.54
1994-01-23,27.42
1994-01-24,25.09
1994-01-25,25.85
1994-01-26,24.58
1994-01-27,24.98
1994-01-28,25.09
1994-01-29,23.91
1994-01-30,23.84
1994-01-31,27.74
1994-02-01,64.6
1994-02-02,674.69
1994-02-03,884.6
1994-02-04,509.12
1994-02-05,302.45
1994-02-06,229.9
1994-02-07,220.33
1994-02-08,299.4
1994-02-09,389.98
1994-02-10,271.58
1994-02-11,212.27
1994-02-12,251.89
1994-02-13,494.69
1994-02-14,433.64
1994-02-15,299.47
1994-02-16,238.46
1994-02-17,264.15
1994-02-18,255.23
1994-02-19,228.36
1994-02-20,263.34
1994-02-21,692.31
1994-02-22,793.33
1994-02-23,627.61
1994-02-24,499.93
1994-02-25,469.31
1994-02-26,671.43
1994-02-27,782.01
1994-02-28,1030.72
1994-03-01,1003.71
1994-03-02,1061.73
1994-03-03,1104.84
1994-03-04,903.82
1994-03-05,735.7
1994-03-06,626.41
1994-03-07,513.75
1994-03-08,540.52
1994-03-09,536.04
1994-03-10,476.42
1994-03-11,412.9
1994-03-12,365.39
1994-03-13,347.74
1994-03-14,382.7
1994-03-15,347.01
1994-03-16,312.3
1994-03-17,281.09
1994-03-18,258.08
1994-03-19,237.78
1994-03-20,220.19
1994-03-21,216.23
1994-03-22,220.09
1994-03-23,221.02
1994-03-24,218.22
1994-03-25,209.9
1994-03-26,200.32
1994-03-27,201.2
1994-03-28,197.83
1994-03-29,187.06
1994-03-30,181.14
1994-03-31,176.71
1994-04-01,169.43
1994-04-02,162.01
1994-04-03,158.72
1994-04-04,156.81
1994-04-05,152.7
1994-04-06,151.44
1994-04-07,149.29
1994-04-08,161.85
1994-04-09,307.33
1994-04-10,268.41
1994-04-11,211.1
1994-04-12,195.94
1994-04-13,187.44
1994-04-14,172.21
1994-04-15,157.13
1994-04-16,147.7
1994-04-17,139.57
1994-04-18,140.66
1994-04-19,149.53
1994-04-20,146.38
1994-04-21,141.94
1994-04-22,136.26
1994-04-23,134.61
1994-04-24,131.53
1994-04-25,134.74
1994-04-26,143.2
1994-04-27,145.13
1994-04-28,144.85
1994-04-29,154.96
1994-04-30,213.42
1994-05-01,271.75
1994-05-02,254.19
1994-05-03,244.59
1994-05-04,233.23
1994-05-05,225.19
1994-05-06,223.7
1994-05-07,257.75
1994-05-08,313.58
1994-05-09,370.61
1994-05-10,369.9
1994-05-11,340.95
1994-05-12,303.54
1994-05-13,276.67
1994-05-14,261.73
1994-05-15,257.48
1994-05-16,246.7
1994-05-17,238.09
1994-05-18,230.21
1994-05-19,223.75
1994-05-20,223.88
1994-05-21,216.34
1994-05-22,202.8
1994-05-23,186.37
1994-05-24,180.6
1994-05-25,179.37
1994-05-26,174.42
1994-05-27,165.41
1994-05-28,159.77
1994-05-29,155.18
1994-05-30,144.59
1994-05-31,138.8
1994-06-01,140.23
1994-06-02,139.14
1994-06-03,137.12
1994-06-04,145.46
1994-06-05,148.77
1994-06-06,169.25
1994-06-07,189.13
1994-06-08,213.51
1994-06-09,287.3
1994-06-10,305.33
1994-06-11,272.91
1994-06-12,243.89
1994-06-13,223.88
1994-06-14,203.89
1994-06-15,194.39
1994-06-16,184.44
1994-06-17,181.28
1994-06-18,170.38
1994-06-19,159.17
1994-06-20,145.08
1994-06-21,138.49
1994-06-22,142.53
1994-06-23,144.16
1994-06-24,141.49
1994-06-25,137.73
1994-06-26,130.27
1994-06-27,118.99
1994-06-28,113.32
1994-06-29,113.63
1994-06-30,112.14
1994-07-01,107.4
1994-07-02,105.36
1994-07-03,104.25
1994-07-04,96.11
1994-07-05,103.13
1994-07-06,141.78
1994-07-07,239.15
1994-07-08,321.57
1994-07-09,425.63
1994-07-10,425.91
1994-07-11,378.24
1994-07-12,365.5
1994-07-13,331.22
1994-07-14,294.51
1994-07-15,261.45
1994-07-16,237.99
1994-07-17,224.44
1994-07-18,203.63
1994-07-19,193.69
1994-07-20,184.88
1994-07-21,174.91
1994-07-22,169.39
1994-07-23,175.28
1994-07-24,174.73
1994-07-25,162.16
1994-07-26,157.85
1994-07-27,155.64
1994-07-28,159.59
1994-07-29,159.6
1994-07-30,145.82
1994-07-31,136.59
1994-08-01,123.87
1994-08-02,119.85
1994-08-03,120.18
1994-08-04,126.04
1994-08-05,126.72
1994-08-06,125.89
1994-08-07,119.34
1994-08-08,110.51
1994-08-09,105.35
1994-08-10,104.06
1994-08-11,99.26
1994-08-12,92.12
1994-08-13,95.09
1994-08-14,117.6
1994-08-15,145.69
1994-08-16,135.96
1994-08-17,130.14
1994-08-18,121.2
1994-08-19,119.45
1994-08-20,123.72
1994-08-21,122.19
1994-08-22,123.25
1994-08-23,130.56
1994-08-24,126.59
1994-08-25,127.68
1994-08-26,130.94
1994-08-27,126.99
1994-08-28,125.04
1994-08-29,127.94
1994-08-30,137.31
1994-08-31,139.33
1994-09-01,135.86
1994-09-02,135.17
1994-09-03,137.27
1994-09-04,134.22
1994-09-05,136.62
1994-09-06,147.28
1994-09-07,144.49
1994-09-08,136.83
1994-09-09,130.57
1994-09-10,121.25
1994-09-11,113.7
1994-09-12,101.63
1994-09-13,94.84
1994-09-14,99.6
1994-09-15,103.79
1994-09-16,97.88
1994-09-17,82.99
1994-09-18,74.43
1994-09-19,65.3
1994-09-20,65.3
1994-09-21,66.75
1994-09-22,63.04
1994-09-23,61.32
1994-09-24,60.42
1994-09-25,57.2
1994-09-26,47.66
1994-09-27,49.53
1994-09-28,51.44
1994-09-29,49.11
1994-09-30,45.8
1994-10-01,45.14
1994-10-02,43.14
1994-10-03,36.24
1994-10-04,33.58
1994-10-05,37.53
1994-10-06,37.4
1994-10-07,30.5
1994-10-08,31.65
1994-10-09,29.78
1994-10-10,24.76
1994-10-11,21.21
1994-10-12,26.3
1994-10-13,28.78
1994-10-14,26.64
1994-10-15,26.21
1994-10-16,26
1994-10-17,20.52
1994-10-18,18.56
1994-10-19,22.67
1994-10-20,25.19
1994-10-21,26.64
1994-10-22,24.28
1994-10-23,23.03
1994-10-24,19.12
1994-10-25,16.25
1994-10-26,19.95
1994-10-27,23.81
1994-10-28,24.25
1994-10-29,27.37
1994-10-30,28.21
1994-10-31,23.28
1994-11-01,23.41
1994-11-02,29.59
1994-11-03,34.42
1994-11-04,34.47
1994-11-05,36.6
1994-11-06,36.61
1994-11-07,31.04
1994-11-08,26.01
1994-11-09,24.53
1994-11-10,21.49
1994-11-11,18.99
1994-11-12,16.69
1994-11-13,17.87
1994-11-14,15.09
1994-11-15,13.16
1994-11-16,15.31
1994-11-17,17.62
1994-11-18,17.79
1994-11-19,14.67
1994-11-20,15.2
1994-11-21,14.49
1994-11-22,13.43
1994-11-23,12.24
1994-11-24,15.08
1994-11-25,16.74
1994-11-26,16.08
1994-11-27,14.98
1994-11-28,12.15
1994-11-29,11.86
1994-11-30,13.87
1994-12-01,15.77
1994-12-02,18.67
1994-12-03,19.8
1994-12-04,19.9
1994-12-05,16.48
1994-12-06,13.23
1994-12-07,15.77
1994-12-08,19.51
1994-12-09,21.19
1994-12-10,22.62
1994-12-11,21.96
1994-12-12,16.45
1994-12-13,16.13
1994-12-14,15.94
1994-12-15,15.96
1994-12-16,17.21
1994-12-17,17.93
1994-12-18,18.12
1994-12-19,19.03
1994-12-20,19.01
1994-12-21,18.97
1994-12-22,19.24
1994-12-23,19.42
1994-12-24,20.56
1994-12-25,20.01
1994-12-26,17.05
1994-12-27,20.89
1994-12-28,30.04
1994-12-29,48.74
1994-12-30,44.52
1994-12-31,35.74
1995-01-01,31.31
1995-01-02,23.87
1995-01-03,20.23
1995-01-04,19.36
1995-01-05,18.63
1995-01-06,19
1995-01-07,18.11
1995-01-08,20.6
1995-01-09,19.65
1995-01-10,17.58
1995-01-11,17.01
1995-01-12,15.44
1995-01-13,14.81
1995-01-14,14.75
1995-01-15,14.83
1995-01-16,15.84
1995-01-17,18.32
1995-01-18,19.01
1995-01-19,20.01
1995-01-20,26.15
1995-01-21,33.5
1995-01-22,36.21
1995-01-23,46.8
1995-01-24,54.66
1995-01-25,59.4
1995-01-26,53.99
1995-01-27,48.86
1995-01-28,44.34
1995-01-29,39.14
1995-01-30,34.26
1995-01-31,32.32
1995-02-01,30.48
1995-02-02,27.78
1995-02-03,29.37
1995-02-04,33.67
1995-02-05,47.33
1995-02-06,55.37
1995-02-07,46.93
1995-02-08,39.36
1995-02-09,41.58
1995-02-10,44.63
1995-02-11,53.26
1995-02-12,59.54
1995-02-13,101.18
1995-02-14,210.11
1995-02-15,247.2
1995-02-16,690.34
1995-02-17,715.32
1995-02-18,601.19
1995-02-19,376.63
1995-02-20,248.57
1995-02-21,213.82
1995-02-22,203.8
1995-02-23,166.85
1995-02-24,139.76
1995-02-25,141.48
1995-02-26,811.05
1995-02-27,2677.43
1995-02-28,4684.04
1995-03-01,2960.76
1995-03-02,1478.51
1995-03-03,1059.67
1995-03-04,890.2
1995-03-05,764.55
1995-03-06,696.16
1995-03-07,660.73
1995-03-08,635.08
1995-03-09,631.15
1995-03-10,638.78
1995-03-11,626.75
1995-03-12,562.11
1995-03-13,578.49
1995-03-14,1161.1
1995-03-15,1884.34
1995-03-16,2699.66
1995-03-17,1609.22
1995-03-18,1175.12
1995-03-19,972.02
1995-03-20,886.67
1995-03-21,804.45
1995-03-22,734.15
1995-03-23,673.51
1995-03-24,626.45
1995-03-25,572.46
1995-03-26,527.4
1995-03-27,496.31
1995-03-28,465.65
1995-03-29,445.48
1995-03-30,421.16
1995-03-31,386.89
1995-04-01,363.17
1995-04-02,344.06
1995-04-03,327.61
1995-04-04,311.63
1995-04-05,301.73
1995-04-06,296.49
1995-04-07,287.62
1995-04-08,289.64
1995-04-09,268.84
1995-04-10,253.56
1995-04-11,244.32
1995-04-12,236.3
1995-04-13,228.95
1995-04-14,221.46
1995-04-15,216.73
1995-04-16,218.85
1995-04-17,214.65
1995-04-18,210.16
1995-04-19,197.42
1995-04-20,185.97
1995-04-21,181.64
1995-04-22,177.53
1995-04-23,170.51
1995-04-24,165.61
1995-04-25,160.33
1995-04-26,158.5
1995-04-27,151.32
1995-04-28,143.22
1995-04-29,146.82
1995-04-30,162.18
1995-05-01,163.87
1995-05-02,148.77
1995-05-03,164.43
1995-05-04,172.53
1995-05-05,160.12
1995-05-06,153.78
1995-05-07,148.36
1995-05-08,138.88
1995-05-09,142.59
1995-05-10,168.26
1995-05-11,187.76
1995-05-12,195.22
1995-05-13,205.73
1995-05-14,211.21
1995-05-15,232.63
1995-05-16,228.86
1995-05-17,208.54
1995-05-18,193.04
1995-05-19,180
1995-05-20,172.44
1995-05-21,185.46
1995-05-22,239.27
1995-05-23,211.28
1995-05-24,193.65
1995-05-25,186.76
1995-05-26,179.53
1995-05-27,171.36
1995-05-28,153.86
1995-05-29,139.18
1995-05-30,132.06
1995-05-31,135.78
1995-06-01,139.16
1995-06-02,146.12
1995-06-03,152.03
1995-06-04,153.69
1995-06-05,161.18
1995-06-06,186.75
1995-06-07,229.44
1995-06-08,266.52
1995-06-09,286.69
1995-06-10,269.55
1995-06-11,248.44
1995-06-12,233.56
1995-06-13,217.49
1995-06-14,200.95
1995-06-15,186.24
1995-06-16,176.53
1995-06-17,166.64
1995-06-18,156.36
1995-06-19,142.81
1995-06-20,135.92
1995-06-21,128.11
1995-06-22,126.38
1995-06-23,124.87
1995-06-24,118.33
1995-06-25,112.58
1995-06-26,114.81
1995-06-27,131.83
1995-06-28,146.73
1995-06-29,150.73
1995-06-30,147.73
1995-07-01,135.58
1995-07-02,121.79
1995-07-03,115.38
1995-07-04,109.04
1995-07-05,113.58
1995-07-06,114.2
1995-07-07,118.12
1995-07-08,135.88
1995-07-09,140.57
1995-07-10,128.64
1995-07-11,120.95
1995-07-12,120.67
1995-07-13,116.46
1995-07-14,112.74
1995-07-15,100.8
1995-07-16,96.29
1995-07-17,81.62
1995-07-18,74.63
1995-07-19,78.84
1995-07-20,84.33
1995-07-21,83.99
1995-07-22,78.66
1995-07-23,75.98
1995-07-24,66.69
1995-07-25,62.9
1995-07-26,68.1
1995-07-27,71.87
1995-07-28,72.75
1995-07-29,75.09
1995-07-30,69.25
1995-07-31,62.24
1995-08-01,57.51
1995-08-02,66.78
1995-08-03,72.12
1995-08-04,72.8
1995-08-05,86.15
1995-08-06,93.79
1995-08-07,98.34
1995-08-08,142.58
1995-08-09,295.05
1995-08-10,219.32
1995-08-11,165.69
1995-08-12,144.99
1995-08-13,143.33
1995-08-14,174.99
1995-08-15,235.67
1995-08-16,280.78
1995-08-17,250.3
1995-08-18,215.95
1995-08-19,217.6
1995-08-20,291.97
1995-08-21,356.02
1995-08-22,391.14
1995-08-23,400.84
1995-08-24,373.78
1995-08-25,335.31
1995-08-26,349.16
1995-08-27,361.27
1995-08-28,349.69
1995-08-29,338.38
1995-08-30,366.35
1995-08-31,447.44
1995-09-01,530.97
1995-09-02,496.47
1995-09-03,429.95
1995-09-04,375.17
1995-09-05,332
1995-09-06,291.82
1995-09-07,259.71
1995-09-08,232.01
1995-09-09,211.82
1995-09-10,203.06
1995-09-11,188.29
1995-09-12,171.14
1995-09-13,167.24
1995-09-14,158.63
1995-09-15,145.85
1995-09-16,143.43
1995-09-17,138.36
1995-09-18,136.29
1995-09-19,146.9
1995-09-20,148.64
1995-09-21,138.52
1995-09-22,119.88
1995-09-23,114.92
1995-09-24,109
1995-09-25,98.9
1995-09-26,90.98
1995-09-27,96.89
1995-09-28,92.71
1995-09-29,86.74
1995-09-30,85.61
1995-10-01,85.35
1995-10-02,82.14
1995-10-03,76.83
1995-10-04,80.83
1995-10-05,111.27
1995-10-06,116.83
1995-10-07,105.63
1995-10-08,97.87
1995-10-09,78.32
1995-10-10,68.79
1995-10-11,73.01
1995-10-12,90.32
1995-10-13,104.96
1995-10-14,103.4
1995-10-15,107.18
1995-10-16,122.35
1995-10-17,101.58
1995-10-18,95.2
1995-10-19,103.7
1995-10-20,118.1
1995-10-21,123.83
1995-10-22,118.06
1995-10-23,105.46
1995-10-24,93.23
1995-10-25,86.78
1995-10-26,75.76
1995-10-27,80.25
1995-10-28,91.94
1995-10-29,101.28
1995-10-30,88.1
1995-10-31,72.58
1995-11-01,67.33
1995-11-02,61.5
1995-11-03,59.33
1995-11-04,54.2
1995-11-05,51.67
1995-11-06,47.55
1995-11-07,43.68
1995-11-08,60.71
1995-11-09,101.99
1995-11-10,102.27
1995-11-11,89.99
1995-11-12,76.26
1995-11-13,63.44
1995-11-14,56.04
1995-11-15,59.77
1995-11-16,74.06
1995-11-17,72.6
1995-11-18,63.86
1995-11-19,58.72
1995-11-20,52.91
1995-11-21,47.14
1995-11-22,55.66
1995-11-23,82.33
1995-11-24,93.36
1995-11-25,81.96
1995-11-26,72.59
1995-11-27,62.96
1995-11-28,57.17
1995-11-29,51.76
1995-11-30,53.08
1995-12-01,54.81
1995-12-02,66.04
1995-12-03,71.28
1995-12-04,72.89
1995-12-05,71.27
1995-12-06,70.82
1995-12-07,86.5
1995-12-08,98.07
1995-12-09,122.18
1995-12-10,102.22
1995-12-11,90.8
1995-12-12,82.66
1995-12-13,77.59
1995-12-14,74.6
1995-12-15,77.6
1995-12-16,73.48
1995-12-17,68.38
1995-12-18,64.13
1995-12-19,59.61
1995-12-20,57.3
1995-12-21,55.95
1995-12-22,55.52
1995-12-23,53.73
1995-12-24,52.55
1995-12-25,52.2
1995-12-26,50.94
1995-12-27,55.75
1995-12-28,71.77
1995-12-29,82.25
1995-12-30,76.19
1995-12-31,69.16
1996-01-01,63.23
1996-01-02,58.67
1996-01-03,58.01
1996-01-04,60.72
1996-01-05,62.24
1996-01-06,63.79
1996-01-07,105.28
1996-01-08,86.95
1996-01-09,82.56
1996-01-10,81.29
1996-01-11,77.38
1996-01-12,71.49
1996-01-13,65.36
1996-01-14,56.55
1996-01-15,54.66
1996-01-16,52.29
1996-01-17,51.94
1996-01-18,55.17
1996-01-19,68.86
1996-01-20,77.33
1996-01-21,95.9
1996-01-22,95.95
1996-01-23,87.79
1996-01-24,81.89
1996-01-25,88.33
1996-01-26,159.8
1996-01-27,583.01
1996-01-28,488.53
1996-01-29,480.79
1996-01-30,660.7
1996-01-31,567.9
1996-02-01,366.31
1996-02-02,265.55
1996-02-03,209.24
1996-02-04,172.22
1996-02-05,148.88
1996-02-06,133.12
1996-02-07,129.18
1996-02-08,140.34
1996-02-09,356.59
1996-02-10,669.22
1996-02-11,868.69
1996-02-12,919.06
1996-02-13,1235.59
1996-02-14,839.61
1996-02-15,613.77
1996-02-16,465.82
1996-02-17,374.61
1996-02-18,335.16
1996-02-19,325.27
1996-02-20,279.04
1996-02-21,245.06
1996-02-22,218.42
1996-02-23,197.54
1996-02-24,185.64
1996-02-25,184.8
1996-02-26,219.29
1996-02-27,331.14
1996-02-28,291.64
1996-02-29,244.9
1996-03-01,216.21
1996-03-02,198.7
1996-03-03,197.69
1996-03-04,249.4
1996-03-05,255.82
1996-03-06,553.67
1996-03-07,3289.93
1996-03-08,4420.18
1996-03-09,2540.08
1996-03-10,1868.65
1996-03-11,1348.51
1996-03-12,1054.35
1996-03-13,943.18
1996-03-14,1198.3
1996-03-15,1231.56
1996-03-16,1099.99
1996-03-17,968.74
1996-03-18,873.09
1996-03-19,788.01
1996-03-20,718.25
1996-03-21,661.87
1996-03-22,617.59
1996-03-23,561.34
1996-03-24,513.71
1996-03-25,488.41
1996-03-26,474.91
1996-03-27,469.94
1996-03-28,467.46
1996-03-29,447.35
1996-03-30,426.11
1996-03-31,412.22
1996-04-01,391.81
1996-04-02,372.22
1996-04-03,355.81
1996-04-04,338.78
1996-04-05,328.03
1996-04-06,376.2
1996-04-07,488.86
1996-04-08,493.65
1996-04-09,474.86
1996-04-10,476.13
1996-04-11,421.86
1996-04-12,381.91
1996-04-13,355.07
1996-04-14,338.35
1996-04-15,343.21
1996-04-16,412.25
1996-04-17,449.64
1996-04-18,396.97
1996-04-19,359.88
1996-04-20,343.23
1996-04-21,332.13
1996-04-22,368.13
1996-04-23,347.56
1996-04-24,313.24
1996-04-25,291.42
1996-04-26,277.94
1996-04-27,266.54
1996-04-28,255.5
1996-04-29,245.01
1996-04-30,239.49
1996-05-01,630.84
1996-05-02,1232.84
1996-05-03,1111.39
1996-05-04,778.64
1996-05-05,649.95
1996-05-06,557.87
1996-05-07,844.09
1996-05-08,1081.76
1996-05-09,788.04
1996-05-10,785.37
1996-05-11,964.18
1996-05-12,1089.3
1996-05-13,1047.32
1996-05-14,974.31
1996-05-15,960.1
1996-05-16,907.62
1996-05-17,817.66
1996-05-18,739.89
1996-05-19,690.93
1996-05-20,646.91
1996-05-21,616.42
1996-05-22,576.76
1996-05-23,532.69
1996-05-24,501.1
1996-05-25,477.07
1996-05-26,483.95
1996-05-27,518.12
1996-05-28,555.52
1996-05-29,562.21
1996-05-30,541.26
1996-05-31,511
1996-06-01,483.67
1996-06-02,464.7
1996-06-03,466.25
1996-06-04,516.43
1996-06-05,681.96
1996-06-06,751.53
1996-06-07,751.7
1996-06-08,716.36
1996-06-09,685.66
1996-06-10,666.32
1996-06-11,662.91
1996-06-12,668.04
1996-06-13,657.26
1996-06-14,632.91
1996-06-15,596.06
1996-06-16,547.2
1996-06-17,513.5
1996-06-18,483.99
1996-06-19,455.28
1996-06-20,438.74
1996-06-21,423.17
1996-06-22,407.41
1996-06-23,391.65
1996-06-24,371.48
1996-06-25,356.31
1996-06-26,347.8
1996-06-27,338.69
1996-06-28,328.57
1996-06-29,321.09
1996-06-30,309.94
1996-07-01,277.76
1996-07-02,273.27
1996-07-03,271.84
1996-07-04,275.38
1996-07-05,278.79
1996-07-06,300.64
1996-07-07,326.36
1996-07-08,345.58
1996-07-09,424.07
1996-07-10,521.81
1996-07-11,417.34
1996-07-12,364.56
1996-07-13,336.8
1996-07-14,321.49
1996-07-15,281.62
1996-07-16,259.73
1996-07-17,256.27
1996-07-18,255.89
1996-07-19,251.71
1996-07-20,247.19
1996-07-21,234.1
1996-07-22,216.83
1996-07-23,202.4
1996-07-24,209.93
1996-07-25,217.72
1996-07-26,211.72
1996-07-27,201.1
1996-07-28,196.71
1996-07-29,182.99
1996-07-30,178.08
1996-07-31,185.19
1996-08-01,188.03
1996-08-02,180.45
1996-08-03,174.54
1996-08-04,180.86
1996-08-05,167.33
1996-08-06,155.52
1996-08-07,155.58
1996-08-08,163.14
1996-08-09,169.02
1996-08-10,164.6
1996-08-11,162.07
1996-08-12,148.21
1996-08-13,134.95
1996-08-14,153.71
1996-08-15,170.56
1996-08-16,178.83
1996-08-17,180.91
1996-08-18,170.77
1996-08-19,152.25
1996-08-20,137.83
1996-08-21,135.33
1996-08-22,134.7
1996-08-23,132.18
1996-08-24,131.52
1996-08-25,139.36
1996-08-26,122.06
1996-08-27,108.38
1996-08-28,116.74
1996-08-29,128.47
1996-08-30,129.29
1996-08-31,128.25
1996-09-01,127.96
1996-09-02,111.85
1996-09-03,96.76
1996-09-04,95.61
1996-09-05,99.77
1996-09-06,98.67
1996-09-07,94.96
1996-09-08,89.86
1996-09-09,81.76
1996-09-10,79.33
1996-09-11,81.8
1996-09-12,90.01
1996-09-13,87.1
1996-09-14,80.28
1996-09-15,77.22
1996-09-16,66.79
1996-09-17,64.12
1996-09-18,70.01
1996-09-19,75.74
1996-09-20,72.84
1996-09-21,76.08
1996-09-22,72.42
1996-09-23,65.09
1996-09-24,68.02
1996-09-25,65.04
1996-09-26,69.31
1996-09-27,68.22
1996-09-28,68.44
1996-09-29,69.37
1996-09-30,59.63
1996-10-01,54.98
1996-10-02,59.75
1996-10-03,61.85
1996-10-04,59.77
1996-10-05,63.56
1996-10-06,60.59
1996-10-07,56.08
1996-10-08,52.38
1996-10-09,54.31
1996-10-10,59.25
1996-10-11,97.39
1996-10-12,235.87
1996-10-13,158.78
1996-10-14,130.48
1996-10-15,118.73
1996-10-16,121
1996-10-17,152.91
1996-10-18,153.72
1996-10-19,131.52
1996-10-20,121.34
1996-10-21,112.09
1996-10-22,103.78
1996-10-23,100.38
1996-10-24,102.75
1996-10-25,112.86
1996-10-26,116.47
1996-10-27,118.47
1996-10-28,113.38
1996-10-29,111.28
1996-10-30,104.99
1996-10-31,101.72
1996-11-01,92.68
1996-11-02,87.59
1996-11-03,76.41
1996-11-04,67.08
1996-11-05,66.1
1996-11-06,66.96
1996-11-07,75.06
1996-11-08,80.14
1996-11-09,77.57
1996-11-10,72.08
1996-11-11,63.59
1996-11-12,55.32
1996-11-13,55.39
1996-11-14,64.63
1996-11-15,67.68
1996-11-16,72.41
1996-11-17,66.93
1996-11-18,59.49
1996-11-19,53.51
1996-11-20,64.96
1996-11-21,103.16
1996-11-22,115.22
1996-11-23,162.41
1996-11-24,116.02
1996-11-25,95.96
1996-11-26,88.85
1996-11-27,83.29
1996-11-28,80.11
1996-11-29,75.14
1996-11-30,69.97
1996-12-01,62.69
1996-12-02,56.17
1996-12-03,49.53
1996-12-04,47.83
1996-12-05,53.23
1996-12-06,53.84
1996-12-07,53.14
1996-12-08,54.08
1996-12-09,55.81
1996-12-10,75.75
1996-12-11,63.75
1996-12-12,60.93
1996-12-13,71
1996-12-14,66.58
1996-12-15,62.5
1996-12-16,55.97
1996-12-17,50.02
1996-12-18,51.85
1996-12-19,59
1996-12-20,62.26
1996-12-21,60.64
1996-12-22,58.42
1996-12-23,60.33
1996-12-24,68.19
1996-12-25,88.88
1996-12-26,148.16
1996-12-27,179.04
1996-12-28,139.58
1996-12-29,127.83
1996-12-30,119.7
1996-12-31,109.27
1997-01-01,96.15
1997-01-02,88.59
1997-01-03,83.03
1997-01-04,78.72
1997-01-05,77.85
1997-01-06,78.83
1997-01-07,88.01
1997-01-08,99.22
1997-01-09,128.25
1997-01-10,117.63
1997-01-11,98.8
1997-01-12,87.29
1997-01-13,82.58
1997-01-14,82.43
1997-01-15,85.19
1997-01-16,84.03
1997-01-17,82.37
1997-01-18,87.27
1997-01-19,91.82
1997-01-20,106.85
1997-01-21,115.63
1997-01-22,124.47
1997-01-23,125.08
1997-01-24,158
1997-01-25,225.38
1997-01-26,229.7
1997-01-27,189.98
1997-01-28,158.01
1997-01-29,138.22
1997-01-30,123.16
1997-01-31,116.78
1997-02-01,111.38
1997-02-02,129.06
1997-02-03,364.01
1997-02-04,989.94
1997-02-05,581.38
1997-02-06,488.8
1997-02-07,462.42
1997-02-08,677.67
1997-02-09,599.78
1997-02-10,810.61
1997-02-11,872.87
1997-02-12,807.3
1997-02-13,645.72
1997-02-14,609.24
1997-02-15,813.44
1997-02-16,707.33
1997-02-17,707.11
1997-02-18,564.1
1997-02-19,436.22
1997-02-20,363.87
1997-02-21,329.87
1997-02-22,316.05
1997-02-23,296.33
1997-02-24,266.72
1997-02-25,244.1
1997-02-26,231.05
1997-02-27,235.69
1997-02-28,255.63
1997-03-01,249.3
1997-03-02,235.66
1997-03-03,230.62
1997-03-04,249.99
1997-03-05,270.87
1997-03-06,1154.56
1997-03-07,933.12
1997-03-08,815.25
1997-03-09,919.83
1997-03-10,763.88
1997-03-11,627.47
1997-03-12,516.18
1997-03-13,440.14
1997-03-14,386.64
1997-03-15,342.85
1997-03-16,309.24
1997-03-17,291.46
1997-03-18,269.34
1997-03-19,254.68
1997-03-20,239.44
1997-03-21,226.8
1997-03-22,218.69
1997-03-23,239.13
1997-03-24,3441.43
1997-03-25,12818.21
1997-03-26,5011.42
1997-03-27,2147.97
1997-03-28,1443.19
1997-03-29,1139.94
1997-03-30,969.8
1997-03-31,865
1997-04-01,822.01
1997-04-02,780.96
1997-04-03,715.35
1997-04-04,669.45
1997-04-05,636.51
1997-04-06,607.52
1997-04-07,569.84
1997-04-08,537.49
1997-04-09,500.6
1997-04-10,468.8
1997-04-11,448.17
1997-04-12,472.95
1997-04-13,465.58
1997-04-14,459.22
1997-04-15,474.27
1997-04-16,509.58
1997-04-17,503.47
1997-04-18,464.57
1997-04-19,446.4
1997-04-20,431.96
1997-04-21,402.31
1997-04-22,372.54
1997-04-23,358.79
1997-04-24,358.56
1997-04-25,381.72
1997-04-26,443.96
1997-04-27,504.91
1997-04-28,552.71
1997-04-29,578.38
1997-04-30,566.17
1997-05-01,604.97
1997-05-02,722.17
1997-05-03,701.67
1997-05-04,646.35
1997-05-05,583.84
1997-05-06,520.94
1997-05-07,473.21
1997-05-08,439.55
1997-05-09,422
1997-05-10,393.55
1997-05-11,365
1997-05-12,351.72
1997-05-13,333.98
1997-05-14,320.02
1997-05-15,312.09
1997-05-16,303.94
1997-05-17,314.04
1997-05-18,554.69
1997-05-19,597.49
1997-05-20,623.29
1997-05-21,508.92
1997-05-22,454.48
1997-05-23,414.41
1997-05-24,382.16
1997-05-25,356.71
1997-05-26,324.4
1997-05-27,297.14
1997-05-28,285.57
1997-05-29,285.9
1997-05-30,281.2
1997-05-31,268.71
1997-06-01,260.2
1997-06-02,243.63
1997-06-03,241.21
1997-06-04,236.12
1997-06-05,240.32
1997-06-06,260.48
1997-06-07,264.13
1997-06-08,264.22
1997-06-09,247.46
1997-06-10,230.85
1997-06-11,232.03
1997-06-12,241.93
1997-06-13,242.45
1997-06-14,238.25
1997-06-15,236.32
1997-06-16,226.23
1997-06-17,218.35
1997-06-18,212.66
1997-06-19,202.78
1997-06-20,200.47
1997-06-21,214.7
1997-06-22,224.87
1997-06-23,222.35
1997-06-24,212.95
1997-06-25,211.72
1997-06-26,222.51
1997-06-27,227.34
1997-06-28,224.9
1997-06-29,214.42
1997-06-30,198.12
1997-07-01,191.2
1997-07-02,185.19
1997-07-03,182.73
1997-07-04,183.05
1997-07-05,178.14
1997-07-06,185.04
1997-07-07,179.79
1997-07-08,175.23
1997-07-09,177.67
1997-07-10,168.17
1997-07-11,159.71
1997-07-12,157.1
1997-07-13,162.24
1997-07-14,164.18
1997-07-15,168.62
1997-07-16,167.98
1997-07-17,166.93
1997-07-18,171.63
1997-07-19,162.19
1997-07-20,144.13
1997-07-21,131.94
1997-07-22,145.17
1997-07-23,177.95
1997-07-24,175.92
1997-07-25,178.19
1997-07-26,190.08
1997-07-27,216.03
1997-07-28,214.66
1997-07-29,193.05
1997-07-30,181.56
1997-07-31,171.74
1997-08-01,167.16
1997-08-02,156.47
1997-08-03,147.05
1997-08-04,147.52
1997-08-05,169.42
1997-08-06,177.96
1997-08-07,171.35
1997-08-08,162.55
1997-08-09,148.32
1997-08-10,138.52
1997-08-11,125.11
1997-08-12,111.63
1997-08-13,120.7
1997-08-14,124.84
1997-08-15,117.3
1997-08-16,114.41
1997-08-17,117.5
1997-08-18,105.06
1997-08-19,92.15
1997-08-20,101.73
1997-08-21,107.11
1997-08-22,126.41
1997-08-23,143.21
1997-08-24,135.65
1997-08-25,126.8
1997-08-26,117.69
1997-08-27,106.84
1997-08-28,96.09
1997-08-29,96.65
1997-08-30,94.61
1997-08-31,90.6
1997-09-01,92.73
1997-09-02,130.41
1997-09-03,175.27
1997-09-04,148.38
1997-09-05,134.22
1997-09-06,124.01
1997-09-07,113.76
1997-09-08,91.88
1997-09-09,82.34
1997-09-10,80.99
1997-09-11,84.09
1997-09-12,81.54
1997-09-13,78.34
1997-09-14,76.61
1997-09-15,79.98
1997-09-16,100.61
1997-09-17,121.13
1997-09-18,114.11
1997-09-19,107.92
1997-09-20,99.64
1997-09-21,92.29
1997-09-22,81.11
1997-09-23,71.51
1997-09-24,67.9
1997-09-25,64.35
1997-09-26,62.54
1997-09-27,64.62
1997-09-28,58.3
1997-09-29,54.37
1997-09-30,49.2
1997-10-01,49.45
1997-10-02,52.87
1997-10-03,53.4
1997-10-04,57.49
1997-10-05,54.28
1997-10-06,52.03
1997-10-07,51.29
1997-10-08,56.51
1997-10-09,52.64
1997-10-10,54.03
1997-10-11,50.34
1997-10-12,43.51
1997-10-13,34.78
1997-10-14,37.44
1997-10-15,35.97
1997-10-16,36.98
1997-10-17,36.09
1997-10-18,39.88
1997-10-19,38.6
1997-10-20,30.85
1997-10-21,29.44
1997-10-22,25.96
1997-10-23,31.47
1997-10-24,37.95
1997-10-25,35.37
1997-10-26,38.58
1997-10-27,31.48
1997-10-28,27.25
1997-10-29,27.43
1997-10-30,31.18
1997-10-31,33.35
1997-11-01,29.64
1997-11-02,27.91
1997-11-03,23.04
1997-11-04,22.29
1997-11-05,24.12
1997-11-06,26.77
1997-11-07,23.36
1997-11-08,29.9
1997-11-09,36.81
1997-11-10,35.35
1997-11-11,43.48
1997-11-12,56.37
1997-11-13,51.58
1997-11-14,47.36
1997-11-15,42.11
1997-11-16,36.75
1997-11-17,26.96
1997-11-18,24.57
1997-11-19,24.02
1997-11-20,28.23
1997-11-21,26.2
1997-11-22,25.31
1997-11-23,23.9
1997-11-24,20.59
1997-11-25,18.26
1997-11-26,26.71
1997-11-27,41.14
1997-11-28,45.43
1997-11-29,50.67
1997-11-30,47.41
1997-12-01,41.31
1997-12-02,38.96
1997-12-03,47.46
1997-12-04,53.46
1997-12-05,48.26
1997-12-06,42.68
1997-12-07,36.62
1997-12-08,29.31
1997-12-09,24.78
1997-12-10,19.8
1997-12-11,19.98
1997-12-12,24.57
1997-12-13,23.27
1997-12-14,23.36
1997-12-15,24.59
1997-12-16,27.63
1997-12-17,49.13
1997-12-18,60.11
1997-12-19,62.23
1997-12-20,63.63
1997-12-21,58.17
1997-12-22,53.3
1997-12-23,63.43
1997-12-24,91.4
1997-12-25,98.36
1997-12-26,125.96
1997-12-27,119.18
1997-12-28,99.7
1997-12-29,134.61
1997-12-30,233.92
1997-12-31,426.81
1998-01-01,557.83
1998-01-02,418.54
1998-01-03,320.68
1998-01-04,274.26
1998-01-05,270.89
1998-01-06,228.77
1998-01-07,206.29
1998-01-08,205.62
1998-01-09,199.9
1998-01-10,485.08
1998-01-11,2016.03
1998-01-12,3487.21
1998-01-13,1587.09
1998-01-14,1304.38
1998-01-15,1202.12
1998-01-16,930.73
1998-01-17,833.22
1998-01-18,763.23
1998-01-19,934.27
1998-01-20,847.66
1998-01-21,790.58
1998-01-22,738.98
1998-01-23,747.74
1998-01-24,688.54
1998-01-25,618.52
1998-01-26,528.94
1998-01-27,514.43
1998-01-28,550.91
1998-01-29,736.76
1998-01-30,853.57
1998-01-31,659.6
1998-02-01,546.27
1998-02-02,479.44
1998-02-03,423.8
1998-02-04,390.05
1998-02-05,363.08
1998-02-06,341.24
1998-02-07,321.32
1998-02-08,310.55
1998-02-09,301.93
1998-02-10,284.33
1998-02-11,266.88
1998-02-12,257.11
1998-02-13,246.9
1998-02-14,242.17
1998-02-15,231.61
1998-02-16,223.35
1998-02-17,212.46
1998-02-18,251.02
1998-02-19,473.79
1998-02-20,325.67
1998-02-21,285.92
1998-02-22,259.11
1998-02-23,246.08
1998-02-24,247.43
1998-02-25,289.53
1998-02-26,368.48
1998-02-27,1061.66
1998-02-28,1035.64
1998-03-01,902.63
1998-03-02,787.28
1998-03-03,720.94
1998-03-04,689.51
1998-03-05,703.12
1998-03-06,809.74
1998-03-07,989.75
1998-03-08,962.21
1998-03-09,826.55
1998-03-10,700.82
1998-03-11,618.42
1998-03-12,538.16
1998-03-13,479.26
1998-03-14,462.52
1998-03-15,475.03
1998-03-16,452.16
1998-03-17,407.26
1998-03-18,380.25
1998-03-19,366.72
1998-03-20,397.8
1998-03-21,426.23
1998-03-22,389.15
1998-03-23,402.71
1998-03-24,397.41
1998-03-25,381.57
1998-03-26,366.55
1998-03-27,340.85
1998-03-28,319.32
1998-03-29,300.01
1998-03-30,280.46
1998-03-31,261.2
1998-04-01,257.15
1998-04-02,258.62
1998-04-03,256.21
1998-04-04,259.35
1998-04-05,278.19
1998-04-06,282.24
1998-04-07,265.44
1998-04-08,274.95
1998-04-09,285.8
1998-04-10,304.16
1998-04-11,312.76
1998-04-12,286.67
1998-04-13,267.75
1998-04-14,255.15
1998-04-15,273.84
1998-04-16,343.89
1998-04-17,300.26
1998-04-18,277.86
1998-04-19,262.42
1998-04-20,250.31
1998-04-21,241.87
1998-04-22,256.09
1998-04-23,268.06
1998-04-24,252.84
1998-04-25,240.12
1998-04-26,233.6
1998-04-27,231.17
1998-04-28,229
1998-04-29,243.45
1998-04-30,227.29
1998-05-01,216.87
1998-05-02,211.56
1998-05-03,219.4
1998-05-04,217.49
1998-05-05,210.97
1998-05-06,221.83
1998-05-07,236.07
1998-05-08,219.43
1998-05-09,210.92
1998-05-10,205.78
1998-05-11,201.88
1998-05-12,197.55
1998-05-13,193.3
1998-05-14,190.99
1998-05-15,189.41
1998-05-16,197.6
1998-05-17,214.05
1998-05-18,218.79
1998-05-19,232.86
1998-05-20,234.6
1998-05-21,228.68
1998-05-22,215.02
1998-05-23,199.92
1998-05-24,188.68
1998-05-25,177.01
1998-05-26,168.75
1998-05-27,169.9
1998-05-28,165.35
1998-05-29,160.98
1998-05-30,173.06
1998-05-31,204.62
1998-06-01,241.94
1998-06-02,276.46
1998-06-03,318.76
1998-06-04,333.18
1998-06-05,311.4
1998-06-06,279.44
1998-06-07,254.56
1998-06-08,228.4
1998-06-09,208.12
1998-06-10,201.59
1998-06-11,190.43
1998-06-12,181.72
1998-06-13,173.65
1998-06-14,163.29
1998-06-15,153.44
1998-06-16,144.08
1998-06-17,142.96
1998-06-18,148.14
1998-06-19,139.16
1998-06-20,135.58
1998-06-21,147.83
1998-06-22,157.74
1998-06-23,162.99
1998-06-24,171.01
1998-06-25,162.58
1998-06-26,156.91
1998-06-27,153.64
1998-06-28,149.03
1998-06-29,137.79
1998-06-30,128.55
1998-07-01,131.28
1998-07-02,129.44
1998-07-03,124.44
1998-07-04,119.81
1998-07-05,115.96
1998-07-06,148.3
1998-07-07,157.62
1998-07-08,157.88
1998-07-09,160.01
1998-07-10,154.34
1998-07-11,148.96
1998-07-12,144.98
1998-07-13,142.45
1998-07-14,150.31
1998-07-15,148.4
1998-07-16,140.02
1998-07-17,131.93
1998-07-18,125.04
1998-07-19,119.18
1998-07-20,118.41
1998-07-21,118.95
1998-07-22,124.18
1998-07-23,120.5
1998-07-24,118
1998-07-25,121.19
1998-07-26,129.79
1998-07-27,139.97
1998-07-28,148.19
1998-07-29,143.2
1998-07-30,132.52
1998-07-31,125.1
1998-08-01,119.13
1998-08-02,114.2
1998-08-03,98.11
1998-08-04,83.44
1998-08-05,92.91
1998-08-06,101.01
1998-08-07,112.26
1998-08-08,106.22
1998-08-09,92.55
1998-08-10,83.02
1998-08-11,74.82
1998-08-12,71.73
1998-08-13,80.48
1998-08-14,80.89
1998-08-15,82.84
1998-08-16,90.63
1998-08-17,79.75
1998-08-18,67.36
1998-08-19,69.82
1998-08-20,74.03
1998-08-21,70.57
1998-08-22,70.61
1998-08-23,64.72
1998-08-24,61.93
1998-08-25,61.9
1998-08-26,66.37
1998-08-27,68.13
1998-08-28,69.54
1998-08-29,64.21
1998-08-30,60.85
1998-08-31,52.72
1998-09-01,51.25
1998-09-02,56.13
1998-09-03,64.39
1998-09-04,72.54
1998-09-05,73.79
1998-09-06,71.38
1998-09-07,61.32
1998-09-08,53.43
1998-09-09,54.17
1998-09-10,58.58
1998-09-11,73.93
1998-09-12,99.64
1998-09-13,98.03
1998-09-14,83.15
1998-09-15,74.14
1998-09-16,68.9
1998-09-17,62.62
1998-09-18,60.51
1998-09-19,55.22
1998-09-20,54.43
1998-09-21,55.65
1998-09-22,53.94
1998-09-23,65.8
1998-09-24,81.79
1998-09-25,85.26
1998-09-26,84.6
1998-09-27,78.82
1998-09-28,68.69
1998-09-29,60.57
1998-09-30,59.84
1998-10-01,59.73
1998-10-02,60.28
1998-10-03,62.2
1998-10-04,60.08
1998-10-05,56.15
1998-10-06,56.12
1998-10-07,53.84
1998-10-08,52.66
1998-10-09,49.93
1998-10-10,52.18
1998-10-11,55.84
1998-10-12,50.89
1998-10-13,43.71
1998-10-14,53.67
1998-10-15,61.9
1998-10-16,67.36
1998-10-17,64.56
1998-10-18,56.62
1998-10-19,55.72
1998-10-20,58.23
1998-10-21,58.85
1998-10-22,54.8
1998-10-23,51.83
1998-10-24,52.07
1998-10-25,61.25
1998-10-26,55.01
1998-10-27,48.64
1998-10-28,44.91
1998-10-29,49.12
1998-10-30,51.76
1998-10-31,60.33
1998-11-01,58.02
1998-11-02,60.06
1998-11-03,83.22
1998-11-04,140.01
1998-11-05,123.24
1998-11-06,92.36
1998-11-07,81.83
1998-11-08,80.1
1998-11-09,78.1
1998-11-10,75.75
1998-11-11,75.3
1998-11-12,76.46
1998-11-13,81.57
1998-11-14,92.58
1998-11-15,127.34
1998-11-16,193.53
1998-11-17,146.14
1998-11-18,116.48
1998-11-19,100.1
1998-11-20,90.9
1998-11-21,86.36
1998-11-22,122.22
1998-11-23,219.16
1998-11-24,493.05
1998-11-25,400.34
1998-11-26,252.83
1998-11-27,198.36
1998-11-28,164.7
1998-11-29,145.06
1998-11-30,135.44
1998-12-01,127.37
1998-12-02,129.17
1998-12-03,154.13
1998-12-04,171.2
1998-12-05,173.41
1998-12-06,150.84
1998-12-07,129.21
1998-12-08,114.88
1998-12-09,106.06
1998-12-10,100.44
1998-12-11,97.03
1998-12-12,92.71
1998-12-13,101.28
1998-12-14,110.18
1998-12-15,101.12
1998-12-16,95.58
1998-12-17,95.16
1998-12-18,91.19
1998-12-19,86.43
1998-12-20,80.74
1998-12-21,81.15
1998-12-22,248.38
1998-12-23,266.23
1998-12-24,450.92
1998-12-25,494.81
1998-12-26,315.47
1998-12-27,233.2
1998-12-28,188.16
1998-12-29,161.13
1998-12-30,150.94
1998-12-31,212.14
1999-01-01,283.25
1999-01-02,210.73
1999-01-03,180.85
1999-01-04,158.35
1999-01-05,148.81
1999-01-06,141.31
1999-01-07,145.16
1999-01-08,194.33
1999-01-09,226.51
1999-01-10,198.4
1999-01-11,173.02
1999-01-12,251.13
1999-01-13,258.1
1999-01-14,217.76
1999-01-15,229.39
1999-01-16,188.03
1999-01-17,218.26
1999-01-18,548.34
1999-01-19,1076.51
1999-01-20,939.01
1999-01-21,713.3
1999-01-22,855.96
1999-01-23,938.75
1999-01-24,743.63
1999-01-25,598.72
1999-01-26,477.02
1999-01-27,400.64
1999-01-28,345.19
1999-01-29,310.36
1999-01-30,493.24
1999-01-31,1110.25
1999-02-01,866.81
1999-02-02,659.73
1999-02-03,516.09
1999-02-04,441.82
1999-02-05,391.22
1999-02-06,372.45
1999-02-07,540.02
1999-02-08,1085.84
1999-02-09,1070.07
1999-02-10,814.45
1999-02-11,663.75
1999-02-12,595.12
1999-02-13,7328.59
1999-02-14,35569.18
1999-02-15,13473.41
1999-02-16,7117.78
1999-02-17,5553.92
1999-02-18,3156.19
1999-02-19,2307.36
1999-02-20,1803.69
1999-02-21,1511.07
1999-02-22,1332.52
1999-02-23,1217.44
1999-02-24,1110.37
1999-02-25,1042.37
1999-02-26,980.23
1999-02-27,931.55
1999-02-28,994.42
1999-03-01,990.06
1999-03-02,1073.6
1999-03-03,1085.5
1999-03-04,963.28
1999-03-05,879.75
1999-03-06,827.78
1999-03-07,790.84
1999-03-08,786.49
1999-03-09,784.88
1999-03-10,776.52
1999-03-11,784.9
1999-03-12,766.91
1999-03-13,1944.55
1999-03-14,3202.5
1999-03-15,5378.23
1999-03-16,12976.1
1999-03-17,20461.06
1999-03-18,8640.11
1999-03-19,3873.62
1999-03-20,4516.78
1999-03-21,3466.23
1999-03-22,2967.06
1999-03-23,2743.93
1999-03-24,2113.19
1999-03-25,1769.35
1999-03-26,1621.74
1999-03-27,1824.88
1999-03-28,1576.76
1999-03-29,1426.65
1999-03-30,1311.74
1999-03-31,1213.69
1999-04-01,1142.43
1999-04-02,1114.46
1999-04-03,1080.14
1999-04-04,1038.28
1999-04-05,1072.54
1999-04-06,1221.68
1999-04-07,1102.3
1999-04-08,1038.98
1999-04-09,1001.54
1999-04-10,971.5
1999-04-11,952.36
1999-04-12,942.7
1999-04-13,938.29
1999-04-14,933.47
1999-04-15,940.02
1999-04-16,957.25
1999-04-17,933.44
1999-04-18,914.32
1999-04-19,929.19
1999-04-20,938.58
1999-04-21,937.74
1999-04-22,993.78
1999-04-23,1007.61
1999-04-24,964.55
1999-04-25,931.18
1999-04-26,958.69
1999-04-27,900.25
1999-04-28,905.22
1999-04-29,888.62
1999-04-30,828.93
1999-05-01,795.62
1999-05-02,774.54
1999-05-03,782.49
1999-05-04,742.13
1999-05-05,714.91
1999-05-06,700.91
1999-05-07,696.74
1999-05-08,721.27
1999-05-09,722.11
1999-05-10,687.32
1999-05-11,667.86
1999-05-12,660.94
1999-05-13,644.87
1999-05-14,629.26
1999-05-15,614.06
1999-05-16,595.18
1999-05-17,580.45
1999-05-18,567.18
1999-05-19,564.7
1999-05-20,550.33
1999-05-21,546.53
1999-05-22,521.33
1999-05-23,509.16
1999-05-24,492.04
1999-05-25,497.05
1999-05-26,495.85
1999-05-27,491.41
1999-05-28,519.25
1999-05-29,491.93
1999-05-30,470.7
1999-05-31,462.03
1999-06-01,526.59
1999-06-02,503.51
1999-06-03,476.76
1999-06-04,462.56
1999-06-05,467.79
1999-06-06,471.99
1999-06-07,462.79
1999-06-08,463.48
1999-06-09,449.8
1999-06-10,447.46
1999-06-11,452.74
1999-06-12,441.63
1999-06-13,431.41
1999-06-14,444.89
1999-06-15,449.97
1999-06-16,433.46
1999-06-17,415.56
1999-06-18,399.86
1999-06-19,389.9
1999-06-20,376.79
1999-06-21,349.35
1999-06-22,338.31
1999-06-23,345.49
1999-06-24,343.81
1999-06-25,337.08
1999-06-26,330.09
1999-06-27,313.1
1999-06-28,287.65
1999-06-29,270.25
1999-06-30,295.95
1999-07-01,295.27
1999-07-02,290.53
1999-07-03,282.61
1999-07-04,277.42
1999-07-05,268.14
1999-07-06,415.93
1999-07-07,465.81
1999-07-08,383.1
1999-07-09,353.79
1999-07-10,350.76
1999-07-11,344.29
1999-07-12,328.73
1999-07-13,312.73
1999-07-14,301.03
1999-07-15,281.69
1999-07-16,262.02
1999-07-17,258.44
1999-07-18,247.21
1999-07-19,223.19
1999-07-20,212.87
1999-07-21,221.29
1999-07-22,228.99
1999-07-23,217.29
1999-07-24,218.5
1999-07-25,213.2
1999-07-26,202.6
1999-07-27,199.48
1999-07-28,200.75
1999-07-29,213.36
1999-07-30,217.44
1999-07-31,214.62
1999-08-01,212.21
1999-08-02,215.27
1999-08-03,207.84
1999-08-04,193.15
1999-08-05,188.95
1999-08-06,194.19
1999-08-07,212.51
1999-08-08,243.8
1999-08-09,249.02
1999-08-10,244.46
1999-08-11,229.47
1999-08-12,215.7
1999-08-13,217.14
1999-08-14,220.23
1999-08-15,215.09
1999-08-16,193.38
1999-08-17,175.81
1999-08-18,177.51
1999-08-19,185.07
1999-08-20,194.71
1999-08-21,200.44
1999-08-22,189.55
1999-08-23,183.1
1999-08-24,182.57
1999-08-25,185.99
1999-08-26,190.3
1999-08-27,192.89
1999-08-28,183.1
1999-08-29,173.79
1999-08-30,152.64
1999-08-31,139.44
1999-09-01,136.97
1999-09-02,142.98
1999-09-03,153.1
1999-09-04,178.89
1999-09-05,171.29
1999-09-06,159.14
1999-09-07,139.33
1999-09-08,131.43
1999-09-09,133.55
1999-09-10,132.78
1999-09-11,128.15
1999-09-12,123.24
1999-09-13,116.81
1999-09-14,105.11
1999-09-15,109.16
1999-09-16,107.78
1999-09-17,110.53
1999-09-18,103.63
1999-09-19,94.66
1999-09-20,82.56
1999-09-21,79.59
1999-09-22,92.27
1999-09-23,101.72
1999-09-24,105.3
1999-09-25,109.4
1999-09-26,103.5
1999-09-27,101.18
1999-09-28,108.83
1999-09-29,111.96
1999-09-30,117.72
1999-10-01,153.41
1999-10-02,180.17
1999-10-03,155.1
1999-10-04,140.65
1999-10-05,139.85
1999-10-06,137.13
1999-10-07,129.54
1999-10-08,115.47
1999-10-09,111.36
1999-10-10,110
1999-10-11,108.56
1999-10-12,95.33
1999-10-13,92.1
1999-10-14,95.26
1999-10-15,94.19
1999-10-16,88.58
1999-10-17,77.45
1999-10-18,70.72
1999-10-19,64.09
1999-10-20,73.43
1999-10-21,84.59
1999-10-22,76.03
1999-10-23,70.96
1999-10-24,71.1
1999-10-25,71.06
1999-10-26,74.19
1999-10-27,78.72
1999-10-28,78.3
1999-10-29,75.95
1999-10-30,72.73
1999-10-31,63.39
1999-11-01,57.93
1999-11-02,57.25
1999-11-03,60.7
1999-11-04,63.84
1999-11-05,60.11
1999-11-06,67.32
1999-11-07,66.84
1999-11-08,84.02
1999-11-09,243.3
1999-11-10,314.8
1999-11-11,179.86
1999-11-12,148.08
1999-11-13,131.11
1999-11-14,126.32
1999-11-15,123.76
1999-11-16,116.75
1999-11-17,110.64
1999-11-18,101.8
1999-11-19,98.48
1999-11-20,116.04
1999-11-21,156.21
1999-11-22,129.28
1999-11-23,119.66
1999-11-24,116.85
1999-11-25,116.4
1999-11-26,113.57
1999-11-27,107.42
1999-11-28,110.05
1999-11-29,130.84
1999-11-30,146.81
1999-12-01,155.97
1999-12-02,158.25
1999-12-03,159.95
1999-12-04,157.36
1999-12-05,153.48
1999-12-06,147.62
1999-12-07,136.29
1999-12-08,124.4
1999-12-09,123.38
1999-12-10,127.23
1999-12-11,120.93
1999-12-12,111.22
1999-12-13,103.89
1999-12-14,107.48
1999-12-15,127.42
1999-12-16,117.1
1999-12-17,118.54
1999-12-18,113.78
1999-12-19,107.19
1999-12-20,162.59
1999-12-21,272.65
1999-12-22,263.99
1999-12-23,217.78
1999-12-24,195.04
1999-12-25,210.89
1999-12-26,943.16
1999-12-27,1062.05
1999-12-28,1554.52
1999-12-29,1258.29
1999-12-30,933.54
1999-12-31,702.7
2000-01-01,565.55
2000-01-02,460.8
2000-01-03,398.15
2000-01-04,360.23
2000-01-05,312.02
2000-01-06,287.52
2000-01-07,267.94
2000-01-08,246.26
2000-01-09,230.64
2000-01-10,230.25
2000-01-11,209.39
2000-01-12,208.42
2000-01-13,247.96
2000-01-14,261.74
2000-01-15,255.93
2000-01-16,235.69
2000-01-17,211.08
2000-01-18,195.79
2000-01-19,186.97
2000-01-20,189.06
2000-01-21,181.43
2000-01-22,170.01
2000-01-23,158.53
2000-01-24,160.33
2000-01-25,153.25
2000-01-26,149.92
2000-01-27,141.96
2000-01-28,135.06
2000-01-29,137.77
2000-01-30,153.81
2000-01-31,718.75
2000-02-01,1328.67
2000-02-02,805.51
2000-02-03,587.73
2000-02-04,816.87
2000-02-05,825.2
2000-02-06,716.66
2000-02-07,1151.23
2000-02-08,1283.19
2000-02-09,1464.3
2000-02-10,5433.24
2000-02-11,4695.77
2000-02-12,3600.97
2000-02-13,4473.2
2000-02-14,3906.61
2000-02-15,2436.82
2000-02-16,1692.58
2000-02-17,1481.95
2000-02-18,1506.74
2000-02-19,1269.88
2000-02-20,1216.99
2000-02-21,1302.18
2000-02-22,1490.95
2000-02-23,1490.76
2000-02-24,1983.17
2000-02-25,1945.39
2000-02-26,2701.49
2000-02-27,3615.43
2000-02-28,6104.73
2000-02-29,8558.93
2000-03-01,20601.95
2000-03-02,7067.93
2000-03-03,4652.5
2000-03-04,3648.44
2000-03-05,2804.92
2000-03-06,2234.61
2000-03-07,1816.69
2000-03-08,1582.64
2000-03-09,1426.21
2000-03-10,1303.44
2000-03-11,1242.28
2000-03-12,1437.32
2000-03-13,1384.39
2000-03-14,1268.21
2000-03-15,1203.88
2000-03-16,1283.04
2000-03-17,1355.44
2000-03-18,1341.77
2000-03-19,2551.88
2000-03-20,2244.89
2000-03-21,1793.61
2000-03-22,1740.95
2000-03-23,2416.24
2000-03-24,1794.56
2000-03-25,1483.25
2000-03-26,1284.67
2000-03-27,1172.56
2000-03-28,1095.89
2000-03-29,1048.18
2000-03-30,1006.03
2000-03-31,980.83
2000-04-01,974.46
2000-04-02,952.03
2000-04-03,903.27
2000-04-04,885.26
2000-04-05,865.5
2000-04-06,957.6
2000-04-07,897.68
2000-04-08,844.61
2000-04-09,919.48
2000-04-10,1486.56
2000-04-11,1176.87
2000-04-12,1056.34
2000-04-13,1455.33
2000-04-14,1407.08
2000-04-15,1239.72
2000-04-16,1142.71
2000-04-17,1074.71
2000-04-18,1020.02
2000-04-19,979.69
2000-04-20,928.45
2000-04-21,895.4
2000-04-22,849.2
2000-04-23,828.62
2000-04-24,802.81
2000-04-25,794.42
2000-04-26,805.87
2000-04-27,841
2000-04-28,932.56
2000-04-29,968.95
2000-04-30,960.02
2000-05-01,957.74
2000-05-02,914.25
2000-05-03,860.83
2000-05-04,820.23
2000-05-05,786.09
2000-05-06,757.75
2000-05-07,727.94
2000-05-08,711.91
2000-05-09,698.32
2000-05-10,709.08
2000-05-11,745.61
2000-05-12,724.32
2000-05-13,696.53
2000-05-14,678.39
2000-05-15,661.81
2000-05-16,647.96
2000-05-17,632.89
2000-05-18,620.01
2000-05-19,612.7
2000-05-20,618.89
2000-05-21,683.65
2000-05-22,704.1
2000-05-23,672.41
2000-05-24,661.54
2000-05-25,666.47
2000-05-26,653.51
2000-05-27,635.95
2000-05-28,623.05
2000-05-29,593.25
2000-05-30,569.36
2000-05-31,542.43
2000-06-01,512.15
2000-06-02,496.31
2000-06-03,486.56
2000-06-04,465.24
2000-06-05,437.64
2000-06-06,441.1
2000-06-07,462.11
2000-06-08,456.85
2000-06-09,449.65
2000-06-10,458.96
2000-06-11,500.87
2000-06-12,558.37
2000-06-13,493.09
2000-06-14,463.49
2000-06-15,484.34
2000-06-16,569.57
2000-06-17,622.6
2000-06-18,656.55
2000-06-19,687.21
2000-06-20,694.42
2000-06-21,682.36
2000-06-22,664.37
2000-06-23,639.75
2000-06-24,616.23
2000-06-25,596.4
2000-06-26,561.59
2000-06-27,532.02
2000-06-28,512.95
2000-06-29,515.22
2000-06-30,512.31
2000-07-01,487.23
2000-07-02,461.11
2000-07-03,434.53
2000-07-04,417.48
2000-07-05,422.8
2000-07-06,437.89
2000-07-07,436.39
2000-07-08,420.58
2000-07-09,407.5
2000-07-10,392.75
2000-07-11,379.67
2000-07-12,374.88
2000-07-13,364.12
2000-07-14,355.43
2000-07-15,338.45
2000-07-16,319.92
2000-07-17,306.61
2000-07-18,299.98
2000-07-19,305.11
2000-07-20,293.41
2000-07-21,291.49
2000-07-22,289.32
2000-07-23,289.6
2000-07-24,268.14
2000-07-25,251.78
2000-07-26,264.53
2000-07-27,263.26
2000-07-28,259.04
2000-07-29,251.3
2000-07-30,244.01
2000-07-31,229.73
2000-08-01,236.12
2000-08-02,262.82
2000-08-03,277.87
2000-08-04,271.53
2000-08-05,269.48
2000-08-06,280.18
2000-08-07,280.45
2000-08-08,260.85
2000-08-09,263.71
2000-08-10,292.29
2000-08-11,284.93
2000-08-12,263.64
2000-08-13,248.36
2000-08-14,220.2
2000-08-15,216.92
2000-08-16,222.76
2000-08-17,217.88
2000-08-18,203.6
2000-08-19,201.59
2000-08-20,202.91
2000-08-21,185.65
2000-08-22,167.21
2000-08-23,177.95
2000-08-24,181.85
2000-08-25,179.34
2000-08-26,167.74
2000-08-27,162.04
2000-08-28,157.74
2000-08-29,153.21
2000-08-30,152.04
2000-08-31,155.37
2000-09-01,143.57
2000-09-02,139.54
2000-09-03,138.35
2000-09-04,128.6
2000-09-05,124.92
2000-09-06,132.28
2000-09-07,138.19
2000-09-08,132.37
2000-09-09,128.52
2000-09-10,130.58
2000-09-11,112.69
2000-09-12,102.37
2000-09-13,113.09
2000-09-14,119.26
2000-09-15,115.44
2000-09-16,117.83
2000-09-17,126.98
2000-09-18,113.23
2000-09-19,110.48
2000-09-20,122.83
2000-09-21,119.85
2000-09-22,116.58
2000-09-23,110.8
2000-09-24,118.78
2000-09-25,108.47
2000-09-26,103
2000-09-27,112.72
2000-09-28,112.54
2000-09-29,112.68
2000-09-30,110.91
2000-10-01,106.85
2000-10-02,93.69
2000-10-03,82.88
2000-10-04,84.88
2000-10-05,94.87
2000-10-06,103.78
2000-10-07,131.07
2000-10-08,124.56
2000-10-09,119.21
2000-10-10,111.3
2000-10-11,103.39
2000-10-12,107.79
2000-10-13,108
2000-10-14,98.98
2000-10-15,95.22
2000-10-16,85.01
2000-10-17,83.94
2000-10-18,86.22
2000-10-19,90.76
2000-10-20,87.47
2000-10-21,92.96
2000-10-22,103.09
2000-10-23,112.09
2000-10-24,107.45
2000-10-25,110.62
2000-10-26,127.5
2000-10-27,137.01
2000-10-28,132.1
2000-10-29,115.53
2000-10-30,98.16
2000-10-31,102.3
2000-11-01,117.8
2000-11-02,114.77
2000-11-03,106.16
2000-11-04,97.27
2000-11-05,91.62
2000-11-06,79.55
2000-11-07,82.96
2000-11-08,162.65
2000-11-09,153.54
2000-11-10,141.48
2000-11-11,209.18
2000-11-12,232.81
2000-11-13,180.93
2000-11-14,163.03
2000-11-15,157.89
2000-11-16,149.07
2000-11-17,171.1
2000-11-18,226.41
2000-11-19,172.17
2000-11-20,177.21
2000-11-21,187.49
2000-11-22,225.39
2000-11-23,201.15
2000-11-24,255.35
2000-11-25,490.4
2000-11-26,340.76
2000-11-27,445.83
2000-11-28,444.11
2000-11-29,359.87
2000-11-30,307.21
2000-12-01,258.4
2000-12-02,232.38
2000-12-03,212.39
2000-12-04,196.74
2000-12-05,187.47
2000-12-06,182.23
2000-12-07,188.82
2000-12-08,296.06
2000-12-09,274.31
2000-12-10,250.75
2000-12-11,262.37
2000-12-12,304.35
2000-12-13,320.53
2000-12-14,310.15
2000-12-15,305.31
2000-12-16,281.65
2000-12-17,291.43
2000-12-18,513.53
2000-12-19,681.54
2000-12-20,756.6
2000-12-21,982.66
2000-12-22,765.92
2000-12-23,607.38
2000-12-24,492.55
2000-12-25,421.86
2000-12-26,377.32
2000-12-27,335.53
2000-12-28,304.95
2000-12-29,283.14
2000-12-30,336
2000-12-31,571.9
2001-01-01,665.71
2001-01-02,486.89
2001-01-03,550.1
2001-01-04,1030.26
2001-01-05,1197.13
2001-01-06,1005.08
2001-01-07,839.89
2001-01-08,727.55
2001-01-09,646.77
2001-01-10,565.8
2001-01-11,501.24
2001-01-12,458.11
2001-01-13,422.75
2001-01-14,390.3
2001-01-15,367.17
2001-01-16,352.86
2001-01-17,341.95
2001-01-18,322.3
2001-01-19,316.93
2001-01-20,303.38
2001-01-21,314.42
2001-01-22,632.66
2001-01-23,971.04
2001-01-24,934.32
2001-01-25,705.48
2001-01-26,616.66
2001-01-27,578.32
2001-01-28,486.79
2001-01-29,432.5
2001-01-30,393.16
2001-01-31,365.88
2001-02-01,338.76
2001-02-02,392.81
2001-02-03,491.82
2001-02-04,477.94
2001-02-05,616.14
2001-02-06,524
2001-02-07,638.16
2001-02-08,864.37
2001-02-09,835.55
2001-02-10,983.23
2001-02-11,1006.73
2001-02-12,1028.85
2001-02-13,966.24
2001-02-14,877.33
2001-02-15,803.48
2001-02-16,1050.34
2001-02-17,2751.97
2001-02-18,2386.84
2001-02-19,3472.14
2001-02-20,6776.89
2001-02-21,3567.97
2001-02-22,2232.49
2001-02-23,1640.09
2001-02-24,1338.87
2001-02-25,2636.58
2001-02-26,5393.57
2001-02-27,3519.96
2001-02-28,2317.29
2001-03-01,1917.75
2001-03-02,2409.79
2001-03-03,1935.88
2001-03-04,1382.06
2001-03-05,1233.26
2001-03-06,2505.34
2001-03-07,2265.37
2001-03-08,1595.13
2001-03-09,1330.36
2001-03-10,1168.6
2001-03-11,1077.25
2001-03-12,1022.95
2001-03-13,976.93
2001-03-14,989.49
2001-03-15,1072.75
2001-03-16,1060.19
2001-03-17,1862.06
2001-03-18,1911.34
2001-03-19,1435.6
2001-03-20,1190.54
2001-03-21,1071.48
2001-03-22,1007.52
2001-03-23,944.8
2001-03-24,895.56
2001-03-25,849.62
2001-03-26,813.53
2001-03-27,791.52
2001-03-28,770.34
2001-03-29,751.87
2001-03-30,753.03
2001-03-31,733.88
2001-04-01,745.01
2001-04-02,739.63
2001-04-03,810.1
2001-04-04,794.18
2001-04-05,763.99
2001-04-06,756.72
2001-04-07,777.38
2001-04-08,823.86
2001-04-09,794.44
2001-04-10,760.04
2001-04-11,732.49
2001-04-12,723.19
2001-04-13,698.52
2001-04-14,713.4
2001-04-15,693.76
2001-04-16,701.26
2001-04-17,698.65
2001-04-18,732.01
2001-04-19,768.73
2001-04-20,810.06
2001-04-21,820.08
2001-04-22,782.81
2001-04-23,739.03
2001-04-24,704.97
2001-04-25,671.44
2001-04-26,645.86
2001-04-27,634.75
2001-04-28,625.55
2001-04-29,603.59
2001-04-30,565.08
2001-05-01,553.46
2001-05-02,558
2001-05-03,534.13
2001-05-04,511.31
2001-05-05,514.24
2001-05-06,501.7
2001-05-07,471.42
2001-05-08,453.81
2001-05-09,443.88
2001-05-10,438.72
2001-05-11,425.31
2001-05-12,415.55
2001-05-13,407.67
2001-05-14,387.21
2001-05-15,379.09
2001-05-16,380.18
2001-05-17,378.89
2001-05-18,361.06
2001-05-19,355.79
2001-05-20,341.73
2001-05-21,329.52
2001-05-22,323.3
2001-05-23,324.34
2001-05-24,321.79
2001-05-25,314.7
2001-05-26,300.37
2001-05-27,301.34
2001-05-28,289.7
2001-05-29,290.15
2001-05-30,290.33
2001-05-31,280.17
2001-06-01,269.82
2001-06-02,267.71
2001-06-03,289.78
2001-06-04,322.07
2001-06-05,351.89
2001-06-06,354.34
2001-06-07,362.25
2001-06-08,372.8
2001-06-09,354.87
2001-06-10,353.25
2001-06-11,357.63
2001-06-12,356.35
2001-06-13,360.26
2001-06-14,360.69
2001-06-15,357.82
2001-06-16,367.19
2001-06-17,356.38
2001-06-18,341.5
2001-06-19,329.04
2001-06-20,320.6
2001-06-21,339.93
2001-06-22,348.62
2001-06-23,327.94
2001-06-24,314.93
2001-06-25,304.13
2001-06-26,301.97
2001-06-27,311.18
2001-06-28,312.11
2001-06-29,322.75
2001-06-30,335.98
2001-07-01,339.83
2001-07-02,333.85
2001-07-03,317.33
2001-07-04,303.48
2001-07-05,292.42
2001-07-06,284.61
2001-07-07,271.88
2001-07-08,254.11
2001-07-09,238.51
2001-07-10,226.79
2001-07-11,218.59
2001-07-12,218.59
2001-07-13,219.76
2001-07-14,212.13
2001-07-15,210.61
2001-07-16,205.52
2001-07-17,194.53
2001-07-18,192.63
2001-07-19,195.11
2001-07-20,195.57
2001-07-21,199.24
2001-07-22,187.48
2001-07-23,174.94
2001-07-24,163.51
2001-07-25,171.74
2001-07-26,179.21
2001-07-27,175.64
2001-07-28,173.05
2001-07-29,167.1
2001-07-30,151.02
2001-07-31,136.36
2001-08-01,141.43
2001-08-02,146.62
2001-08-03,154.54
2001-08-04,153.59
2001-08-05,157.21
2001-08-06,162.07
2001-08-07,164.46
2001-08-08,165.97
2001-08-09,154.79
2001-08-10,147.81
2001-08-11,138.22
2001-08-12,134.23
2001-08-13,132.57
2001-08-14,124.07
2001-08-15,129.31
2001-08-16,133.23
2001-08-17,132.92
2001-08-18,134.24
2001-08-19,145.45
2001-08-20,122.52
2001-08-21,112.58
2001-08-22,113.19
2001-08-23,112.57
2001-08-24,110.26
2001-08-25,108.41
2001-08-26,112.08
2001-08-27,105.96
2001-08-28,97.17
2001-08-29,101.21
2001-08-30,98.02
2001-08-31,96.14
2001-09-01,97.17
2001-09-02,92.44
2001-09-03,92.01
2001-09-04,83.31
2001-09-05,88.38
2001-09-06,90.22
2001-09-07,88.63
2001-09-08,84.5
2001-09-09,86.08
2001-09-10,81.95
2001-09-11,80.97
2001-09-12,88.18
2001-09-13,91.27
2001-09-14,83.86
2001-09-15,77.54
2001-09-16,77.21
2001-09-17,73.65
2001-09-18,66.12
2001-09-19,70.77
2001-09-20,76.15
2001-09-21,99.52
2001-09-22,114.47
2001-09-23,122.39
2001-09-24,109.88
2001-09-25,104.53
2001-09-26,109
2001-09-27,115.41
2001-09-28,103.68
2001-09-29,94.63
2001-09-30,89.83
2001-10-01,83.11
2001-10-02,80.7
2001-10-03,80.07
2001-10-04,76.48
2001-10-05,73.22
2001-10-06,71.79
2001-10-07,72.15
2001-10-08,64.87
2001-10-09,61.42
2001-10-10,60.98
2001-10-11,63.31
2001-10-12,59.58
2001-10-13,61.08
2001-10-14,60.95
2001-10-15,54.4
2001-10-16,52.23
2001-10-17,52.73
2001-10-18,57.15
2001-10-19,62.81
2001-10-20,85.52
2001-10-21,90.52
2001-10-22,77.15
2001-10-23,72.44
2001-10-24,77.82
2001-10-25,92.07
2001-10-26,91.41
2001-10-27,86.05
2001-10-28,75.4
2001-10-29,81.7
2001-10-30,84.05
2001-10-31,72.19
2001-11-01,68
2001-11-02,62.15
2001-11-03,61.02
2001-11-04,57.17
2001-11-05,48.58
2001-11-06,44.35
2001-11-07,47.75
2001-11-08,54.49
2001-11-09,56
2001-11-10,55.28
2001-11-11,51.53
2001-11-12,47.89
2001-11-13,44.83
2001-11-14,45.7
2001-11-15,66.77
2001-11-16,63.43
2001-11-17,59.63
2001-11-18,59.87
2001-11-19,56.44
2001-11-20,49.81
2001-11-21,50.68
2001-11-22,54.37
2001-11-23,56.93
2001-11-24,58.12
2001-11-25,60.2
2001-11-26,60.17
2001-11-27,53.78
2001-11-28,50.76
2001-11-29,52.35
2001-11-30,57.95
2001-12-01,84.01
2001-12-02,134.68
2001-12-03,100.14
2001-12-04,78.33
2001-12-05,69.31
2001-12-06,66.27
2001-12-07,62.04
2001-12-08,60.01
2001-12-09,59.17
2001-12-10,57.21
2001-12-11,64.63
2001-12-12,74.47
2001-12-13,72.12
2001-12-14,69.06
2001-12-15,69.87
2001-12-16,86.29
2001-12-17,91.19
2001-12-18,175.85
2001-12-19,128.65
2001-12-20,95.31
2001-12-21,87.41
2001-12-22,78.26
2001-12-23,70.21
2001-12-24,65.11
2001-12-25,60.14
2001-12-26,57.34
2001-12-27,58.96
2001-12-28,60.16
2001-12-29,82.04
2001-12-30,77.23
2001-12-31,69.75
2002-01-01,63.65
2002-01-02,61.61
2002-01-03,58.5
2002-01-04,62.72
2002-01-05,74.76
2002-01-06,71.06
2002-01-07,63.84
2002-01-08,59.78
2002-01-09,78.85
2002-01-10,92.39
2002-01-11,332.98
2002-01-12,281.64
2002-01-13,509.15
2002-01-14,300.83
2002-01-15,229.9
2002-01-16,199.11
2002-01-17,171.7
2002-01-18,152.84
2002-01-19,129.59
2002-01-20,116.5
2002-01-21,110.36
2002-01-22,107.7
2002-01-23,102.4
2002-01-24,95.16
2002-01-25,88.88
2002-01-26,83.78
2002-01-27,80.53
2002-01-28,82.14
2002-01-29,84.06
2002-01-30,121.8
2002-01-31,116.89
2002-02-01,147.63
2002-02-02,146.28
2002-02-03,137.63
2002-02-04,136.23
2002-02-05,194.72
2002-02-06,378.42
2002-02-07,412.8
2002-02-08,245.62
2002-02-09,186.91
2002-02-10,245.74
2002-02-11,656.4
2002-02-12,388.39
2002-02-13,258.07
2002-02-14,203.49
2002-02-15,178.37
2002-02-16,204.12
2002-02-17,567.44
2002-02-18,1102.23
2002-02-19,693.92
2002-02-20,504.56
2002-02-21,424.2
2002-02-22,629.22
2002-02-23,710.98
2002-02-24,646.7
2002-02-25,621.15
2002-02-26,470.31
2002-02-27,373.94
2002-02-28,311.48
2002-03-01,375.16
2002-03-02,582.12
2002-03-03,413.05
2002-03-04,325.53
2002-03-05,277.71
2002-03-06,274.38
2002-03-07,352.02
2002-03-08,367.72
2002-03-09,297.87
2002-03-10,252.34
2002-03-11,226.38
2002-03-12,209.34
2002-03-13,193.93
2002-03-14,181.9
2002-03-15,173.03
2002-03-16,168.96
2002-03-17,163.86
2002-03-18,156.9
2002-03-19,148.02
2002-03-20,142.35
2002-03-21,145.35
2002-03-22,145.55
2002-03-23,140.86
2002-03-24,133.37
2002-03-25,134.45
2002-03-26,141.17
2002-03-27,148.63
2002-03-28,152.3
2002-03-29,138.25
2002-03-30,128.77
2002-03-31,124.11
2002-04-01,119.02
2002-04-02,113.46
2002-04-03,111.61
2002-04-04,111.32
2002-04-05,110.07
2002-04-06,112.25
2002-04-07,116.89
2002-04-08,112.87
2002-04-09,111.99
2002-04-10,119.1
2002-04-11,131.67
2002-04-12,142.62
2002-04-13,150.56
2002-04-14,182.51
2002-04-15,253.83
2002-04-16,235.24
2002-04-17,254.09
2002-04-18,273.05
2002-04-19,259.61
2002-04-20,221.86
2002-04-21,190.02
2002-04-22,163.3
2002-04-23,145.75
2002-04-24,135
2002-04-25,126.56
2002-04-26,122.65
2002-04-27,117.37
2002-04-28,116.86
2002-04-29,115.06
2002-04-30,114.12
2002-05-01,125.86
2002-05-02,144.05
2002-05-03,170.46
2002-05-04,188.62
2002-05-05,228.14
2002-05-06,269.34
2002-05-07,323.27
2002-05-08,385.95
2002-05-09,469.89
2002-05-10,471.61
2002-05-11,416.09
2002-05-12,350.29
2002-05-13,295.03
2002-05-14,254.68
2002-05-15,228.01
2002-05-16,203.6
2002-05-17,184.03
2002-05-18,168.7
2002-05-19,158.45
2002-05-20,150
2002-05-21,142.44
2002-05-22,140.28
2002-05-23,137.08
2002-05-24,128.67
2002-05-25,129.62
2002-05-26,128.78
2002-05-27,120.71
2002-05-28,110.72
2002-05-29,112.43
2002-05-30,112.56
2002-05-31,114.16
2002-06-01,114.24
2002-06-02,111.73
2002-06-03,101.82
2002-06-04,98.54
2002-06-05,97.27
2002-06-06,100.41
2002-06-07,99.03
2002-06-08,98.14
2002-06-09,101.75
2002-06-10,92.18
2002-06-11,92.12
2002-06-12,94.34
2002-06-13,93.31
2002-06-14,95.67
2002-06-15,93.95
2002-06-16,90.22
2002-06-17,89.35
2002-06-18,86.93
2002-06-19,108.06
2002-06-20,100.29
2002-06-21,94.26
2002-06-22,89.51
2002-06-23,88.39
2002-06-24,85.57
2002-06-25,82.08
2002-06-26,83.03
2002-06-27,97.53
2002-06-28,106.21
2002-06-29,103.33
2002-06-30,97.63
2002-07-01,89.61
2002-07-02,77.76
2002-07-03,77.98
2002-07-04,81.11
2002-07-05,82.39
2002-07-06,77.7
2002-07-07,74.17
2002-07-08,69.09
2002-07-09,65.27
2002-07-10,65.65
2002-07-11,71.05
2002-07-12,78.68
2002-07-13,78.08
2002-07-14,76.59
2002-07-15,70.21
2002-07-16,62.18
2002-07-17,64.17
2002-07-18,65.09
2002-07-19,64.87
2002-07-20,66.37
2002-07-21,68.02
2002-07-22,69.46
2002-07-23,69.73
2002-07-24,74.56
2002-07-25,76.61
2002-07-26,74.36
2002-07-27,76.96
2002-07-28,71.94
2002-07-29,59.03
2002-07-30,59.06
2002-07-31,69.84
2002-08-01,78.68
2002-08-02,76.46
2002-08-03,71.06
2002-08-04,62.95
2002-08-05,59.24
2002-08-06,51.67
2002-08-07,53.12
2002-08-08,54.51
2002-08-09,53.96
2002-08-10,53.89
2002-08-11,57.08
2002-08-12,65.68
2002-08-13,92.11
2002-08-14,98.81
2002-08-15,95.79
2002-08-16,88.57
2002-08-17,81.04
2002-08-18,74.49
2002-08-19,65.7
2002-08-20,66.13
2002-08-21,69.3
2002-08-22,73.67
2002-08-23,92.2
2002-08-24,110.23
2002-08-25,100.71
2002-08-26,88.54
2002-08-27,77.4
2002-08-28,74.18
2002-08-29,68.62
2002-08-30,65.31
2002-08-31,62.73
2002-09-01,67.84
2002-09-02,67.12
2002-09-03,64.2
2002-09-04,58.13
2002-09-05,56.92
2002-09-06,51.96
2002-09-07,50.12
2002-09-08,48.75
2002-09-09,45.12
2002-09-10,40.09
2002-09-11,43.56
2002-09-12,43.74
2002-09-13,40.23
2002-09-14,38.67
2002-09-15,39.49
2002-09-16,38.05
2002-09-17,34.44
2002-09-18,42.33
2002-09-19,46.42
2002-09-20,44.13
2002-09-21,37.99
2002-09-22,33.98
2002-09-23,27.11
2002-09-24,23.71
2002-09-25,25.06
2002-09-26,28.89
2002-09-27,29.47
2002-09-28,26.86
2002-09-29,29.76
2002-09-30,24.3
2002-10-01,17.87
2002-10-02,15.74
2002-10-03,19.38
2002-10-04,20.01
2002-10-05,21.57
2002-10-06,25.58
2002-10-07,27.26
2002-10-08,22.08
2002-10-09,19.4
2002-10-10,18.94
2002-10-11,16.45
2002-10-12,17.47
2002-10-13,24.65
2002-10-14,18.25
2002-10-15,17.67
2002-10-16,17.45
2002-10-17,17.87
2002-10-18,23.42
2002-10-19,24.25
2002-10-20,20.44
2002-10-21,12.04
2002-10-22,11.46
2002-10-23,10.36
2002-10-24,10.53
2002-10-25,16.94
2002-10-26,21.13
2002-10-27,24.56
2002-10-28,18.05
2002-10-29,13.87
2002-10-30,10.04
2002-10-31,9.22
2002-11-01,11.57
2002-11-02,14.07
2002-11-03,15.54
2002-11-04,14.1
2002-11-05,12.12
2002-11-06,11.22
2002-11-07,11.4
2002-11-08,12.02
2002-11-09,14.17
2002-11-10,15.13
2002-11-11,16.71
2002-11-12,14.81
2002-11-13,12.04
2002-11-14,12.49
2002-11-15,13.3
2002-11-16,15.46
2002-11-17,14.8
2002-11-18,14.05
2002-11-19,14.13
2002-11-20,12.68
2002-11-21,12.62
2002-11-22,16.94
2002-11-23,22.67
2002-11-24,22.66
2002-11-25,19.44
2002-11-26,14.84
2002-11-27,15.74
2002-11-28,18.09
2002-11-29,20.04
2002-11-30,18.7
2002-12-01,18.23
2002-12-02,35.15
2002-12-03,23.2
2002-12-04,20.49
2002-12-05,22.95
2002-12-06,27.15
2002-12-07,30.69
2002-12-08,31.2
2002-12-09,31.47
2002-12-10,27.4
2002-12-11,26.16
2002-12-12,23.86
2002-12-13,21.86
2002-12-14,22.16
2002-12-15,21.94
2002-12-16,23.55
2002-12-17,24.5
2002-12-18,25.96
2002-12-19,24.45
2002-12-20,22.48
2002-12-21,24.16
2002-12-22,24.74
2002-12-23,21.5
2002-12-24,19.04
2002-12-25,19.9
2002-12-26,21.13
2002-12-27,21.02
2002-12-28,20.83
2002-12-29,23.54
2002-12-30,23.91
2002-12-31,20.35
2003-01-01,21.42
2003-01-02,22.52
2003-01-03,30.28
2003-01-04,42.72
2003-01-05,47.95
2003-01-06,57.86
2003-01-07,49.33
2003-01-08,43.72
2003-01-09,41.15
2003-01-10,40.54
2003-01-11,40.52
2003-01-12,41.51
2003-01-13,37.94
2003-01-14,33.41
2003-01-15,31.96
2003-01-16,30.94
2003-01-17,30.37
2003-01-18,27.75
2003-01-19,27.98
2003-01-20,28.92
2003-01-21,31.25
2003-01-22,31.53
2003-01-23,30.37
2003-01-24,28.89
2003-01-25,25.72
2003-01-26,22.45
2003-01-27,39.59
2003-01-28,790.24
2003-01-29,582.75
2003-01-30,249.63
2003-01-31,151.17
2003-02-01,113.25
2003-02-02,93.15
2003-02-03,80.2
2003-02-04,71.23
2003-02-05,64.57
2003-02-06,62.82
2003-02-07,68.35
2003-02-08,75.09
2003-02-09,83.91
2003-02-10,102.96
2003-02-11,215.43
2003-02-12,467.14
2003-02-13,397.39
2003-02-14,334.81
2003-02-15,230.31
2003-02-16,174.78
2003-02-17,143.09
2003-02-18,125.17
2003-02-19,115.7
2003-02-20,109.91
2003-02-21,104.55
2003-02-22,95.43
2003-02-23,91.39
2003-02-24,88.45
2003-02-25,84.76
2003-02-26,94.76
2003-02-27,111.99
2003-02-28,202.69
2003-03-01,201.48
2003-03-02,212.57
2003-03-03,261.93
2003-03-04,1319.81
2003-03-05,1086.42
2003-03-06,784.26
2003-03-07,683.14
2003-03-08,646.83
2003-03-09,503.63
2003-03-10,392.58
2003-03-11,324.07
2003-03-12,272.8
2003-03-13,237.19
2003-03-14,249.79
2003-03-15,348.46
2003-03-16,332.51
2003-03-17,331.11
2003-03-18,307.92
2003-03-19,275.81
2003-03-20,239.38
2003-03-21,212.06
2003-03-22,195.25
2003-03-23,174.88
2003-03-24,161.2
2003-03-25,152.24
2003-03-26,144.87
2003-03-27,137.43
2003-03-28,131.57
2003-03-29,126.24
2003-03-30,122.81
2003-03-31,119.19
2003-04-01,110.75
2003-04-02,108.4
2003-04-03,106.99
2003-04-04,105.56
2003-04-05,94.29
2003-04-06,92.88
2003-04-07,92.59
2003-04-08,94.06
2003-04-09,92.45
2003-04-10,95.15
2003-04-11,94.08
2003-04-12,92.17
2003-04-13,84.58
2003-04-14,76.15
2003-04-15,76.77
2003-04-16,74.17
2003-04-17,74.03
2003-04-18,69.08
2003-04-19,68.94
2003-04-20,72.03
2003-04-21,79.94
2003-04-22,111.91
2003-04-23,143.82
2003-04-24,151.24
2003-04-25,146.97
2003-04-26,131.17
2003-04-27,121.45
2003-04-28,119.61
2003-04-29,116.31
2003-04-30,107.75
2003-05-01,97.18
2003-05-02,88.96
2003-05-03,87.76
2003-05-04,87.04
2003-05-05,85.52
2003-05-06,86.47
2003-05-07,105.69
2003-05-08,146
2003-05-09,157.91
2003-05-10,187.23
2003-05-11,197.19
2003-05-12,187.01
2003-05-13,191.09
2003-05-14,181.67
2003-05-15,179.99
2003-05-16,176.37
2003-05-17,180.14
2003-05-18,398.99
2003-05-19,357.61
2003-05-20,272.48
2003-05-21,215.51
2003-05-22,185.03
2003-05-23,161.2
2003-05-24,141.13
2003-05-25,126.95
2003-05-26,116.89
2003-05-27,111.62
2003-05-28,106.53
2003-05-29,108.53
2003-05-30,108.52
2003-05-31,106.17
2003-06-01,112.02
2003-06-02,126
2003-06-03,130.26
2003-06-04,123.86
2003-06-05,118.76
2003-06-06,110.19
2003-06-07,106.29
2003-06-08,98.68
2003-06-09,91.34
2003-06-10,90.28
2003-06-11,86.58
2003-06-12,87.22
2003-06-13,96.53
2003-06-14,115.75
2003-06-15,134.2
2003-06-16,136.85
2003-06-17,137.27
2003-06-18,132.68
2003-06-19,132.2
2003-06-20,128.34
2003-06-21,120.87
2003-06-22,115.28
2003-06-23,110.82
2003-06-24,105.43
2003-06-25,102.74
2003-06-26,113.45
2003-06-27,175.86
2003-06-28,158.05
2003-06-29,143.31
2003-06-30,129.41
2003-07-01,117.06
2003-07-02,107.69
2003-07-03,102.49
2003-07-04,102.34
2003-07-05,96.05
2003-07-06,91.19
2003-07-07,87.74
2003-07-08,88.09
2003-07-09,96.57
2003-07-10,124.22
2003-07-11,145.52
2003-07-12,154.21
2003-07-13,172.57
2003-07-14,201.88
2003-07-15,209.06
2003-07-16,197.63
2003-07-17,176.41
2003-07-18,164.69
2003-07-19,156.28
2003-07-20,152.53
2003-07-21,152.47
2003-07-22,151.93
2003-07-23,176.15
2003-07-24,227.34
2003-07-25,280.79
2003-07-26,271.2
2003-07-27,236.63
2003-07-28,208.26
2003-07-29,192.42
2003-07-30,172.22
2003-07-31,156.18
2003-08-01,150.47
2003-08-02,143.25
2003-08-03,130.59
2003-08-04,118.47
2003-08-05,116.81
2003-08-06,119
2003-08-07,124.39
2003-08-08,121.26
2003-08-09,113.81
2003-08-10,111.78
2003-08-11,106.06
2003-08-12,98.87
2003-08-13,96.61
2003-08-14,98.99
2003-08-15,95.82
2003-08-16,87.46
2003-08-17,86.81
2003-08-18,80.97
2003-08-19,80.51
2003-08-20,78.09
2003-08-21,80.18
2003-08-22,79.81
2003-08-23,76.75
2003-08-24,75.23
2003-08-25,68.57
2003-08-26,67.63
2003-08-27,65.04
2003-08-28,64.64
2003-08-29,67.38
2003-08-30,67.12
2003-08-31,68.39
2003-09-01,70.29
2003-09-02,81.61
2003-09-03,81.64
2003-09-04,76.58
2003-09-05,69.45
2003-09-06,64.23
2003-09-07,64.34
2003-09-08,64.96
2003-09-09,66.79
2003-09-10,64.44
2003-09-11,64.9
2003-09-12,62.52
2003-09-13,56.7
2003-09-14,56.09
2003-09-15,48.75
2003-09-16,48.01
2003-09-17,49.86
2003-09-18,46.5
2003-09-19,42.61
2003-09-20,41.28
2003-09-21,41.32
2003-09-22,41.55
2003-09-23,32.69
2003-09-24,35.51
2003-09-25,37.56
2003-09-26,41.27
2003-09-27,47.36
2003-09-28,50.17
2003-09-29,37.74
2003-09-30,26.45
2003-10-01,29.71
2003-10-02,31.42
2003-10-03,31.47
2003-10-04,31.31
2003-10-05,31.04
2003-10-06,25.31
2003-10-07,21.87
2003-10-08,25.33
2003-10-09,26.93
2003-10-10,28.86
2003-10-11,29.89
2003-10-12,27.32
2003-10-13,21.52
2003-10-14,20.99
2003-10-15,22.85
2003-10-16,27.76
2003-10-17,33.13
2003-10-18,36.79
2003-10-19,33.57
2003-10-20,25.4
2003-10-21,19.82
2003-10-22,21.88
2003-10-23,25.99
2003-10-24,24.01
2003-10-25,23.62
2003-10-26,25.66
2003-10-27,26.33
2003-10-28,22.51
2003-10-29,21.32
2003-10-30,23.26
2003-10-31,23.26
2003-11-01,23.57
2003-11-02,25.16
2003-11-03,22.74
2003-11-04,15.89
2003-11-05,16
2003-11-06,18.72
2003-11-07,19.28
2003-11-08,18.42
2003-11-09,19.83
2003-11-10,18.25
2003-11-11,14.35
2003-11-12,15.28
2003-11-13,20.03
2003-11-14,20.95
2003-11-15,22.88
2003-11-16,24.67
2003-11-17,22.53
2003-11-18,15.33
2003-11-19,14.36
2003-11-20,17.81
2003-11-21,18.22
2003-11-22,18.57
2003-11-23,19.54
2003-11-24,12.31
2003-11-25,11.51
2003-11-26,12.85
2003-11-27,20.83
2003-11-28,21.86
2003-11-29,21.12
2003-11-30,20.21
2003-12-01,15.92
2003-12-02,11.81
2003-12-03,17.08
2003-12-04,21.06
2003-12-05,23.63
2003-12-06,26.28
2003-12-07,40.43
2003-12-08,94.62
2003-12-09,63.93
2003-12-10,51.78
2003-12-11,48.3
2003-12-12,55.62
2003-12-13,56.06
2003-12-14,57.82
2003-12-15,57.32
2003-12-16,50.6
2003-12-17,47.37
2003-12-18,46.2
2003-12-19,45.86
2003-12-20,46.99
2003-12-21,51.42
2003-12-22,52.03
2003-12-23,48.82
2003-12-24,46.13
2003-12-25,43.48
2003-12-26,45.08
2003-12-27,52.88
2003-12-28,51.56
2003-12-29,46.76
2003-12-30,73.69
2003-12-31,269
2004-01-01,312.52
2004-01-02,276.52
2004-01-03,178.92
2004-01-04,129.68
2004-01-05,103.62
2004-01-06,91.47
2004-01-07,83.7
2004-01-08,86.81
2004-01-09,93.98
2004-01-10,90.96
2004-01-11,87.23
2004-01-12,89.35
2004-01-13,87.55
2004-01-14,144.14
2004-01-15,122.07
2004-01-16,135.95
2004-01-17,230.62
2004-01-18,287.89
2004-01-19,226.73
2004-01-20,204.94
2004-01-21,246.71
2004-01-22,239.56
2004-01-23,228.84
2004-01-24,210.12
2004-01-25,180.35
2004-01-26,160.48
2004-01-27,154.27
2004-01-28,185.87
2004-01-29,171.1
2004-01-30,155.88
2004-01-31,142.87
2004-02-01,133.88
2004-02-02,126.52
2004-02-03,128.82
2004-02-04,142.26
2004-02-05,179.4
2004-02-06,206.3
2004-02-07,2237.94
2004-02-08,4615.91
2004-02-09,2983.41
2004-02-10,1430.2
2004-02-11,1024.26
2004-02-12,948.96
2004-02-13,3280.48
2004-02-14,4427.17
2004-02-15,3743.28
2004-02-16,2362.17
2004-02-17,1652.25
2004-02-18,1253.12
2004-02-19,1022.48
2004-02-20,895.8
2004-02-21,804.58
2004-02-22,726.97
2004-02-23,678.52
2004-02-24,675.15
2004-02-25,711.22
2004-02-26,758.28
2004-02-27,725.09
2004-02-28,763.2
2004-02-29,1329.36
2004-03-01,1134.62
2004-03-02,1003.98
2004-03-03,1123.67
2004-03-04,1075.7
2004-03-05,1504.17
2004-03-06,1303.65
2004-03-07,1056.66
2004-03-08,915.96
2004-03-09,807.88
2004-03-10,723.35
2004-03-11,670.15
2004-03-12,634.82
2004-03-13,638.64
2004-03-14,764.14
2004-03-15,1054.76
2004-03-16,1372.36
2004-03-17,3819.73
2004-03-18,3317.19
2004-03-19,2503.39
2004-03-20,6573.81
2004-03-21,11445.92
2004-03-22,8980.03
2004-03-23,4121.31
2004-03-24,2639.66
2004-03-25,2113.17
2004-03-26,2035.56
2004-03-27,2354.05
2004-03-28,1890.5
2004-03-29,1574.44
2004-03-30,1371.47
2004-03-31,1227.61
2004-04-01,1131.54
2004-04-02,1065.36
2004-04-03,1004.91
2004-04-04,972.28
2004-04-05,969.35
2004-04-06,947.87
2004-04-07,914.11
2004-04-08,903.7
2004-04-09,904.64
2004-04-10,889.8
2004-04-11,881.64
2004-04-12,918.58
2004-04-13,953.98
2004-04-14,1012.76
2004-04-15,1010.05
2004-04-16,963.78
2004-04-17,923.18
2004-04-18,898.62
2004-04-19,893.45
2004-04-20,890.45
2004-04-21,867.03
2004-04-22,828.78
2004-04-23,800.55
2004-04-24,775.58
2004-04-25,776.78
2004-04-26,807.34
2004-04-27,898.93
2004-04-28,936.44
2004-04-29,957.43
2004-04-30,1449.63
2004-05-01,1479.46
2004-05-02,1264.37
2004-05-03,1070.46
2004-05-04,956.69
2004-05-05,918.41
2004-05-06,899.52
2004-05-07,878.44
2004-05-08,863.1
2004-05-09,836.18
2004-05-10,827.58
2004-05-11,818.6
2004-05-12,818.44
2004-05-13,779.21
2004-05-14,748.06
2004-05-15,724.4
2004-05-16,702.22
2004-05-17,688.04
2004-05-18,678.61
2004-05-19,651.33
2004-05-20,635.51
2004-05-21,624.43
2004-05-22,610.93
2004-05-23,612.54
2004-05-24,626.29
2004-05-25,629.54
2004-05-26,625.92
2004-05-27,601.66
2004-05-28,573.34
2004-05-29,546.49
2004-05-30,529.06
2004-05-31,514.07
2004-06-01,493.62
2004-06-02,500.08
2004-06-03,514.5
2004-06-04,530.74
2004-06-05,534.34
2004-06-06,517.87
2004-06-07,493.86
2004-06-08,499.49
2004-06-09,572.93
2004-06-10,563.61
2004-06-11,528.12
2004-06-12,499.68
2004-06-13,474.82
2004-06-14,446.92
2004-06-15,433.93
2004-06-16,446.33
2004-06-17,451.85
2004-06-18,431.24
2004-06-19,406.66
2004-06-20,387.14
2004-06-21,370.92
2004-06-22,342.3
2004-06-23,343.77
2004-06-24,352.96
2004-06-25,371.2
2004-06-26,387.74
2004-06-27,364.21
2004-06-28,333.26
2004-06-29,314.3
2004-06-30,315.96
2004-07-01,327.31
2004-07-02,354.55
2004-07-03,359.09
2004-07-04,352.7
2004-07-05,335.71
2004-07-06,332.24
2004-07-07,328.94
2004-07-08,323.79
2004-07-09,309.16
2004-07-10,296.83
2004-07-11,297.89
2004-07-12,285.65
2004-07-13,286.76
2004-07-14,307.54
2004-07-15,311.75
2004-07-16,295.96
2004-07-17,287.65
2004-07-18,280.33
2004-07-19,259.19
2004-07-20,248.96
2004-07-21,252.65
2004-07-22,245.57
2004-07-23,236.01
2004-07-24,240.35
2004-07-25,293.02
2004-07-26,332.85
2004-07-27,315.45
2004-07-28,296.21
2004-07-29,278.76
2004-07-30,262.22
2004-07-31,254.83
2004-08-01,245.44
2004-08-02,242.44
2004-08-03,239.06
2004-08-04,229.44
2004-08-05,230.7
2004-08-06,225.65
2004-08-07,215.65
2004-08-08,209.05
2004-08-09,183.8
2004-08-10,176.57
2004-08-11,186.45
2004-08-12,188.56
2004-08-13,185.39
2004-08-14,184.81
2004-08-15,179.03
2004-08-16,157.18
2004-08-17,146.96
2004-08-18,157.74
2004-08-19,167.46
2004-08-20,165.83
2004-08-21,156.38
2004-08-22,150.21
2004-08-23,142.86
2004-08-24,135.78
2004-08-25,145.43
2004-08-26,149.05
2004-08-27,149.09
2004-08-28,144.36
2004-08-29,144.42
2004-08-30,121.33
2004-08-31,113.68
2004-09-01,129.75
2004-09-02,136.35
2004-09-03,137.96
2004-09-04,139.52
2004-09-05,130.63
2004-09-06,116.82
2004-09-07,118.55
2004-09-08,129.82
2004-09-09,141.47
2004-09-10,144.97
2004-09-11,130.31
2004-09-12,126.27
2004-09-13,110.62
2004-09-14,99.51
2004-09-15,98.01
2004-09-16,116.88
2004-09-17,125.08
2004-09-18,115.92
2004-09-19,113.13
2004-09-20,97.79
2004-09-21,88.86
2004-09-22,91.92
2004-09-23,96.85
2004-09-24,102.19
2004-09-25,109.26
2004-09-26,103.9
2004-09-27,82.33
2004-09-28,72.57
2004-09-29,83.74
2004-09-30,91.7
2004-10-01,93.17
2004-10-02,88.32
2004-10-03,91.03
2004-10-04,77.69
2004-10-05,69.68
2004-10-06,69.17
2004-10-07,78.6
2004-10-08,80.88
2004-10-09,77.24
2004-10-10,68.21
2004-10-11,61.71
2004-10-12,55.35
2004-10-13,62.82
2004-10-14,70.28
2004-10-15,74.47
2004-10-16,84.33
2004-10-17,87.25
2004-10-18,91.36
2004-10-19,79.5
2004-10-20,75.71
2004-10-21,79.85
2004-10-22,84.56
2004-10-23,88.41
2004-10-24,84.45
2004-10-25,71.45
2004-10-26,57.07
2004-10-27,58.16
2004-10-28,64.61
2004-10-29,69.09
2004-10-30,65.53
2004-10-31,65.74
2004-11-01,60.17
2004-11-02,53.76
2004-11-03,61.93
2004-11-04,68.77
2004-11-05,65.23
2004-11-06,63.34
2004-11-07,62.09
2004-11-08,54.27
2004-11-09,44.68
2004-11-10,47.78
2004-11-11,62.82
2004-11-12,66.62
2004-11-13,65
2004-11-14,58.13
2004-11-15,54.65
2004-11-16,45.2
2004-11-17,47.18
2004-11-18,51.9
2004-11-19,51.92
2004-11-20,55.68
2004-11-21,56.96
2004-11-22,52.32
2004-11-23,47.54
2004-11-24,46.6
2004-11-25,54.36
2004-11-26,66.38
2004-11-27,83.73
2004-11-28,87.04
2004-11-29,83.18
2004-11-30,79.89
2004-12-01,78.63
2004-12-02,75.83
2004-12-03,70.35
2004-12-04,69.09
2004-12-05,64.93
2004-12-06,53.82
2004-12-07,44.2
2004-12-08,47.7
2004-12-09,54.89
2004-12-10,58.6
2004-12-11,63.1
2004-12-12,111.1
2004-12-13,199.75
2004-12-14,139.33
2004-12-15,132.29
2004-12-16,116.25
2004-12-17,135.92
2004-12-18,107.26
2004-12-19,90.14
2004-12-20,81.27
2004-12-21,76.6
2004-12-22,76.11
2004-12-23,74.73
2004-12-24,70.68
2004-12-25,84.64
2004-12-26,89.9
2004-12-27,86.25
2004-12-28,81.26
2004-12-29,102.72
2004-12-30,360.21
2004-12-31,451.8
2005-01-01,226.81
2005-01-02,324.86
2005-01-03,281.95
2005-01-04,206.53
2005-01-05,172.13
2005-01-06,145.48
2005-01-07,126.5
2005-01-08,116.83
2005-01-09,113.94
2005-01-10,109.09
2005-01-11,179.97
2005-01-12,1314.06
2005-01-13,849.77
2005-01-14,545.17
2005-01-15,388.41
2005-01-16,299.13
2005-01-17,244.95
2005-01-18,236.06
2005-01-19,323.48
2005-01-20,302.51
2005-01-21,255.31
2005-01-22,275.08
2005-01-23,591.84
2005-01-24,1119.6
2005-01-25,1614.35
2005-01-26,1133.7
2005-01-27,898.72
2005-01-28,837.03
2005-01-29,1008.38
2005-01-30,1058.81
2005-01-31,920.16
2005-02-01,765.47
2005-02-02,652.65
2005-02-03,551.72
2005-02-04,470.3
2005-02-05,591.23
2005-02-06,981.31
2005-02-07,1060.21
2005-02-08,880.9
2005-02-09,758.28
2005-02-10,723.25
2005-02-11,704.26
2005-02-12,622.95
2005-02-13,534.89
2005-02-14,465.16
2005-02-15,422.98
2005-02-16,389.05
2005-02-17,378.05
2005-02-18,585.97
2005-02-19,509.97
2005-02-20,433.57
2005-02-21,388.82
2005-02-22,356.1
2005-02-23,335.09
2005-02-24,327.75
2005-02-25,320.53
2005-02-26,312.14
2005-02-27,303.52
2005-02-28,301.16
2005-03-01,295.47
2005-03-02,291.34
2005-03-03,289.79
2005-03-04,291.36
2005-03-05,292.1
2005-03-06,292.51
2005-03-07,288.47
2005-03-08,282.92
2005-03-09,277.74
2005-03-10,276.94
2005-03-11,281.3
2005-03-12,290.81
2005-03-13,434.67
2005-03-14,1584.18
2005-03-15,1236.62
2005-03-16,864.98
2005-03-17,748.07
2005-03-18,680.01
2005-03-19,629.82
2005-03-20,580.39
2005-03-21,541.43
2005-03-22,509.57
2005-03-23,482.82
2005-03-24,462.67
2005-03-25,446.03
2005-03-26,432.53
2005-03-27,421.99
2005-03-28,410.88
2005-03-29,403.17
2005-03-30,397.65
2005-03-31,394.52
2005-04-01,387.95
2005-04-02,385.73
2005-04-03,385.42
2005-04-04,400.32
2005-04-05,393.79
2005-04-06,382.96
2005-04-07,390.95
2005-04-08,388.67
2005-04-09,379.04
2005-04-10,380.09
2005-04-11,369.64
2005-04-12,376.79
2005-04-13,427.4
2005-04-14,468.52
2005-04-15,460.66
2005-04-16,452.49
2005-04-17,431.63
2005-04-18,411.12
2005-04-19,389.42
2005-04-20,374.22
2005-04-21,356.72
2005-04-22,344.67
2005-04-23,333.36
2005-04-24,352.57
2005-04-25,377.99
2005-04-26,396.55
2005-04-27,389.25
2005-04-28,381
2005-04-29,376.4
2005-04-30,387.65
2005-05-01,411.58
2005-05-02,470.82
2005-05-03,445.74
2005-05-04,409.57
2005-05-05,386.66
2005-05-06,373.59
2005-05-07,368.75
2005-05-08,366.12
2005-05-09,354.49
2005-05-10,344.92
2005-05-11,341.97
2005-05-12,335.3
2005-05-13,332.6
2005-05-14,331.06
2005-05-15,317.42
2005-05-16,304.5
2005-05-17,296.93
2005-05-18,287.25
2005-05-19,280.03
2005-05-20,276.13
2005-05-21,267.35
2005-05-22,259.75
2005-05-23,245.47
2005-05-24,235.79
2005-05-25,243.87
2005-05-26,251.19
2005-05-27,260.5
2005-05-28,259.31
2005-05-29,247.22
2005-05-30,243.84
2005-05-31,233.73
2005-06-01,228.79
2005-06-02,234.69
2005-06-03,239.77
2005-06-04,238.05
2005-06-05,236.58
2005-06-06,238.55
2005-06-07,245.2
2005-06-08,244.58
2005-06-09,242.24
2005-06-10,238.1
2005-06-11,245.04
2005-06-12,244.66
2005-06-13,244.73
2005-06-14,230.47
2005-06-15,222.35
2005-06-16,217.35
2005-06-17,214.94
2005-06-18,208.1
2005-06-19,202.42
2005-06-20,193.04
2005-06-21,193.07
2005-06-22,193.15
2005-06-23,190.57
2005-06-24,187.19
2005-06-25,191.42
2005-06-26,189.54
2005-06-27,179.8
2005-06-28,171.14
2005-06-29,183.03
2005-06-30,193
2005-07-01,195.57
2005-07-02,189.23
2005-07-03,186
2005-07-04,172.66
2005-07-05,167.12
2005-07-06,177.41
2005-07-07,203.54
2005-07-08,216.76
2005-07-09,212.97
2005-07-10,207.2
2005-07-11,189.27
2005-07-12,184
2005-07-13,176.08
2005-07-14,169.86
2005-07-15,165.04
2005-07-16,157.71
2005-07-17,152.59
2005-07-18,138.18
2005-07-19,132.58
2005-07-20,142.41
2005-07-21,148.46
2005-07-22,164.55
2005-07-23,172.87
2005-07-24,192.78
2005-07-25,229.96
2005-07-26,311.03
2005-07-27,293.69
2005-07-28,247.57
2005-07-29,221.22
2005-07-30,202.67
2005-07-31,190.54
2005-08-01,174.4
2005-08-02,166.39
2005-08-03,246.6
2005-08-04,542.1
2005-08-05,486.45
2005-08-06,442.47
2005-08-07,398.48
2005-08-08,349.15
2005-08-09,310.57
2005-08-10,281.77
2005-08-11,263.27
2005-08-12,250.24
2005-08-13,236.48
2005-08-14,223.54
2005-08-15,201.82
2005-08-16,183.79
2005-08-17,183.41
2005-08-18,186.4
2005-08-19,199.54
2005-08-20,214.74
2005-08-21,226.67
2005-08-22,226.25
2005-08-23,209.4
2005-08-24,196.32
2005-08-25,188.57
2005-08-26,177.44
2005-08-27,177.67
2005-08-28,191.32
2005-08-29,200.94
2005-08-30,232.35
2005-08-31,256.63
2005-09-01,286.3
2005-09-02,285.93
2005-09-03,276.97
2005-09-04,270.38
2005-09-05,248.62
2005-09-06,224.58
2005-09-07,210.21
2005-09-08,201.37
2005-09-09,187.29
2005-09-10,177.65
2005-09-11,171.32
2005-09-12,156.65
2005-09-13,151.22
2005-09-14,160.33
2005-09-15,161.54
2005-09-16,156.01
2005-09-17,146.71
2005-09-18,137.74
2005-09-19,132.9
2005-09-20,123.12
2005-09-21,118.15
2005-09-22,123.49
2005-09-23,129.86
2005-09-24,131.5
2005-09-25,128.31
2005-09-26,120.09
2005-09-27,109.65
2005-09-28,108.36
2005-09-29,111.88
2005-09-30,103.21
2005-10-01,97.22
2005-10-02,94.26
2005-10-03,84.3
2005-10-04,78.38
2005-10-05,80.18
2005-10-06,89.95
2005-10-07,94.83
2005-10-08,90.5
2005-10-09,88.23
2005-10-10,75.48
2005-10-11,67.04
2005-10-12,71.96
2005-10-13,72.91
2005-10-14,74.68
2005-10-15,73.49
2005-10-16,68.61
2005-10-17,59.16
2005-10-18,54.58
2005-10-19,57.04
2005-10-20,63.05
2005-10-21,74
2005-10-22,104.3
2005-10-23,141.29
2005-10-24,126.65
2005-10-25,112.01
2005-10-26,106.4
2005-10-27,103.16
2005-10-28,103.18
2005-10-29,108.91
2005-10-30,99.36
2005-10-31,87.95
2005-11-01,81.6
2005-11-02,77.97
2005-11-03,81.01
2005-11-04,78.14
2005-11-05,75.54
2005-11-06,78.33
2005-11-07,69.63
2005-11-08,63.11
2005-11-09,63.36
2005-11-10,67.91
2005-11-11,68.14
2005-11-12,64.59
2005-11-13,59.94
2005-11-14,54.03
2005-11-15,48.33
2005-11-16,51.99
2005-11-17,59.01
2005-11-18,56.78
2005-11-19,55.82
2005-11-20,59.79
2005-11-21,55.44
2005-11-22,46.51
2005-11-23,47.23
2005-11-24,53.22
2005-11-25,54.67
2005-11-26,55.43
2005-11-27,53.14
2005-11-28,47.23
2005-11-29,39.48
2005-11-30,44.11
2005-12-01,54.42
2005-12-02,83.46
2005-12-03,85.44
2005-12-04,77.98
2005-12-05,80.05
2005-12-06,77.39
2005-12-07,76.88
2005-12-08,76.09
2005-12-09,69.85
2005-12-10,65.82
2005-12-11,62.27
2005-12-12,53.64
2005-12-13,46.18
2005-12-14,50.58
2005-12-15,49.27
2005-12-16,47.96
2005-12-17,48.43
2005-12-18,46.4
2005-12-19,44.59
2005-12-20,47.27
2005-12-21,54.59
2005-12-22,50.73
2005-12-23,49.27
2005-12-24,47.67
2005-12-25,53.4
2005-12-26,58.6
2005-12-27,59.95
2005-12-28,57.24
2005-12-29,58.25
2005-12-30,55.49
2005-12-31,53.18
2006-01-01,49.04
2006-01-02,38.83
2006-01-03,33.4
2006-01-04,44.05
2006-01-05,49.35
2006-01-06,51.66
2006-01-07,48.2
2006-01-08,45.44
2006-01-09,33.67
2006-01-10,31.8
2006-01-11,33.5
2006-01-12,72.97
2006-01-13,82.63
2006-01-14,72.35
2006-01-15,80.69
2006-01-16,81.02
2006-01-17,75.3
2006-01-18,70.63
2006-01-19,69.18
2006-01-20,67.66
2006-01-21,64.24
2006-01-22,60.7
2006-01-23,56.85
2006-01-24,54.3
2006-01-25,59.78
2006-01-26,76.16
2006-01-27,109.26
2006-01-28,142.55
2006-01-29,181.54
2006-01-30,671.74
2006-01-31,1075.05
2006-02-01,704.38
2006-02-02,446.14
2006-02-03,295.98
2006-02-04,220.66
2006-02-05,224.29
2006-02-06,225.68
2006-02-07,174.03
2006-02-08,149.77
2006-02-09,136.23
2006-02-10,125.2
2006-02-11,116.46
2006-02-12,109.87
2006-02-13,104.99
2006-02-14,106.58
2006-02-15,105.09
2006-02-16,110.57
2006-02-17,107.95
2006-02-18,113.28
2006-02-19,141.8
2006-02-20,119.12
2006-02-21,103.57
2006-02-22,96.85
2006-02-23,94.03
2006-02-24,95.97
2006-02-25,136.35
2006-02-26,218.35
2006-02-27,186.74
2006-02-28,172.93
2006-03-01,156.21
2006-03-02,141.36
2006-03-03,131.66
2006-03-04,123.85
2006-03-05,118.7
2006-03-06,115.18
2006-03-07,109.39
2006-03-08,108.97
2006-03-09,114.65
2006-03-10,142.62
2006-03-11,141.89
2006-03-12,132.4
2006-03-13,164.38
2006-03-14,841.44
2006-03-15,992.05
2006-03-16,864.57
2006-03-17,711.05
2006-03-18,569.09
2006-03-19,442.06
2006-03-20,359.78
2006-03-21,316.03
2006-03-22,7165.23
2006-03-23,4034.67
2006-03-24,2072.31
2006-03-25,1421.53
2006-03-26,1109.99
2006-03-27,960.58
2006-03-28,844.37
2006-03-29,752.47
2006-03-30,688.24
2006-03-31,674.99
2006-04-01,1043.74
2006-04-02,1310.46
2006-04-03,1064.35
2006-04-04,954.14
2006-04-05,907.13
2006-04-06,908.27
2006-04-07,870.17
2006-04-08,808.27
2006-04-09,788.88
2006-04-10,937.89
2006-04-11,915.26
2006-04-12,966.83
2006-04-13,1007.85
2006-04-14,954.94
2006-04-15,1401.08
2006-04-16,1333
2006-04-17,1797.96
2006-04-18,1482.9
2006-04-19,1397.08
2006-04-20,1515.83
2006-04-21,7614
2006-04-22,10587.08
2006-04-23,4343.52
2006-04-24,2815.21
2006-04-25,2121.55
2006-04-26,1721.51
2006-04-27,1474.11
2006-04-28,1301.44
2006-04-29,1187.64
2006-04-30,1124.88
2006-05-01,1060.54
2006-05-02,1006.92
2006-05-03,1285.57
2006-05-04,2090.68
2006-05-05,1639.55
2006-05-06,1413.92
2006-05-07,1269.56
2006-05-08,1167.12
2006-05-09,1106.25
2006-05-10,1045.66
2006-05-11,994.85
2006-05-12,942.79
2006-05-13,913.45
2006-05-14,903.38
2006-05-15,873.06
2006-05-16,848.51
2006-05-17,839.5
2006-05-18,834.74
2006-05-19,807.51
2006-05-20,790.2
2006-05-21,771.04
2006-05-22,749.94
2006-05-23,739.41
2006-05-24,735.33
2006-05-25,716.85
2006-05-26,700.36
2006-05-27,686.76
2006-05-28,675.69
2006-05-29,665.97
2006-05-30,659.9
2006-05-31,648.26
2006-06-01,633.6
2006-06-02,627.36
2006-06-03,609.73
2006-06-04,596.27
2006-06-05,563.05
2006-06-06,533.39
2006-06-07,525.94
2006-06-08,522.52
2006-06-09,520.48
2006-06-10,519.12
2006-06-11,541.33
2006-06-12,589.24
2006-06-13,572.82
2006-06-14,524.33
2006-06-15,506.18
2006-06-16,511.54
2006-06-17,515.07
2006-06-18,518.71
2006-06-19,513.08
2006-06-20,507.03
2006-06-21,527.59
2006-06-22,513.86
2006-06-23,498.27
2006-06-24,498
2006-06-25,489.06
2006-06-26,499.31
2006-06-27,498.88
2006-06-28,514.7
2006-06-29,542.29
2006-06-30,587.35
2006-07-01,681.76
2006-07-02,721.5
2006-07-03,683.61
2006-07-04,635.39
2006-07-05,587.73
2006-07-06,534.05
2006-07-07,500.99
2006-07-08,482.05
2006-07-09,465.19
2006-07-10,436.33
2006-07-11,423.58
2006-07-12,438.5
2006-07-13,438.32
2006-07-14,430.67
2006-07-15,429.16
2006-07-16,436.09
2006-07-17,426.73
2006-07-18,485.27
2006-07-19,684.26
2006-07-20,670.11
2006-07-21,610.26
2006-07-22,542.08
2006-07-23,512.02
2006-07-24,552.78
2006-07-25,555.55
2006-07-26,521.49
2006-07-27,491.47
2006-07-28,466.91
2006-07-29,443.9
2006-07-30,427.97
2006-07-31,397.59
2006-08-01,380.65
2006-08-02,375.76
2006-08-03,361.39
2006-08-04,358.25
2006-08-05,345.55
2006-08-06,323.67
2006-08-07,294.02
2006-08-08,288.16
2006-08-09,293.35
2006-08-10,294.24
2006-08-11,300.66
2006-08-12,294.74
2006-08-13,285.95
2006-08-14,287.12
2006-08-15,315.76
2006-08-16,318.49
2006-08-17,295.71
2006-08-18,278.01
2006-08-19,267.34
2006-08-20,258.64
2006-08-21,233.13
2006-08-22,224.77
2006-08-23,245.17
2006-08-24,237.84
2006-08-25,223.89
2006-08-26,217.04
2006-08-27,213.54
2006-08-28,193.52
2006-08-29,184.35
2006-08-30,189.44
2006-08-31,195.42
2006-09-01,196.93
2006-09-02,200.93
2006-09-03,193.11
2006-09-04,180.4
2006-09-05,216.98
2006-09-06,243.75
2006-09-07,227.44
2006-09-08,213.87
2006-09-09,197.79
2006-09-10,182.77
2006-09-11,164.24
2006-09-12,149.79
2006-09-13,159.09
2006-09-14,166.39
2006-09-15,170.7
2006-09-16,192.46
2006-09-17,203.42
2006-09-18,191.49
2006-09-19,181.31
2006-09-20,178.03
2006-09-21,190.78
2006-09-22,193.99
2006-09-23,178.55
2006-09-24,168.02
2006-09-25,148.56
2006-09-26,134.22
2006-09-27,145.99
2006-09-28,149.43
2006-09-29,154.73
2006-09-30,152.76
2006-10-01,143.09
2006-10-02,123.31
2006-10-03,117.04
2006-10-04,130.71
2006-10-05,133.59
2006-10-06,128.08
2006-10-07,125.07
2006-10-08,116.89
2006-10-09,99.37
2006-10-10,94.59
2006-10-11,103.15
2006-10-12,114.65
2006-10-13,124.02
2006-10-14,144.77
2006-10-15,166.04
2006-10-16,156.41
2006-10-17,144.45
2006-10-18,139.61
2006-10-19,136.32
2006-10-20,148.72
2006-10-21,162.01
2006-10-22,156.21
2006-10-23,137.12
2006-10-24,127.21
2006-10-25,129.73
2006-10-26,153.97
2006-10-27,149.22
2006-10-28,139.68
2006-10-29,128.55
2006-10-30,98.75
2006-10-31,87.85
2006-11-01,94.19
2006-11-02,102.34
2006-11-03,105.27
2006-11-04,103.51
2006-11-05,102.05
2006-11-06,93.51
2006-11-07,82.99
2006-11-08,86.27
2006-11-09,88.6
2006-11-10,90.12
2006-11-11,83.42
2006-11-12,74.89
2006-11-13,74.68
2006-11-14,67.02
2006-11-15,69.09
2006-11-16,74.56
2006-11-17,73.43
2006-11-18,67.99
2006-11-19,70.29
2006-11-20,66.57
2006-11-21,63.11
2006-11-22,73.46
2006-11-23,84.26
2006-11-24,88.71
2006-11-25,93.45
2006-11-26,80.55
2006-11-27,68.8
2006-11-28,62.05
2006-11-29,65.78
2006-11-30,69.39
2006-12-01,71.85
2006-12-02,70.21
2006-12-03,66.04
2006-12-04,60.18
2006-12-05,57.07
2006-12-06,65.91
2006-12-07,75.84
2006-12-08,80
2006-12-09,80.98
2006-12-10,82.01
2006-12-11,77.43
2006-12-12,68.32
2006-12-13,82.7
2006-12-14,91.76
2006-12-15,88.76
2006-12-16,84.69
2006-12-17,76.37
2006-12-18,64.93
2006-12-19,58.52
2006-12-20,58.87
2006-12-21,61.24
2006-12-22,64.8
2006-12-23,65.76
2006-12-24,68.46
2006-12-25,59.08
2006-12-26,46.92
2006-12-27,49.54
2006-12-28,56.04
2006-12-29,69.76
2006-12-30,110.02
2006-12-31,119.04
2007-01-01,101.05
2007-01-02,91.34
2007-01-03,85.26
2007-01-04,78.57
2007-01-05,76.74
2007-01-06,73.83
2007-01-07,72.1
2007-01-08,64.84
2007-01-09,56.89
2007-01-10,64.8
2007-01-11,62.29
2007-01-12,68.98
2007-01-13,65.17
2007-01-14,62.68
2007-01-15,50.66
2007-01-16,70.57
2007-01-17,83.18
2007-01-18,66.26
2007-01-19,63.59
2007-01-20,66.61
2007-01-21,66.36
2007-01-22,60.68
2007-01-23,70.69
2007-01-24,79.99
2007-01-25,79.53
2007-01-26,79.09
2007-01-27,75.33
2007-01-28,72.2
2007-01-29,132.34
2007-01-30,129.59
2007-01-31,124.25
2007-02-01,149.78
2007-02-02,495.49
2007-02-03,596.66
2007-02-04,612.66
2007-02-05,506.19
2007-02-06,587.63
2007-02-07,2452.21
2007-02-08,1669.71
2007-02-09,1551.25
2007-02-10,1370.36
2007-02-11,1011.43
2007-02-12,809.49
2007-02-13,687.38
2007-02-14,733.07
2007-02-15,660.37
2007-02-16,539.63
2007-02-17,459.67
2007-02-18,421.81
2007-02-19,406.46
2007-02-20,376.56
2007-02-21,417.34
2007-02-22,613.41
2007-02-23,853.15
2007-02-24,802.95
2007-02-25,724.3
2007-02-26,1147.21
2007-02-27,1937.83
2007-02-28,1512.98
2007-03-01,1205.17
2007-03-02,1025.38
2007-03-03,923.33
2007-03-04,825.48
2007-03-05,740.16
2007-03-06,676.3
2007-03-07,624.85
2007-03-08,576.17
2007-03-09,536.09
2007-03-10,503.47
2007-03-11,493.39
2007-03-12,462.12
2007-03-13,444.12
2007-03-14,425.9
2007-03-15,473.17
2007-03-16,615.86
2007-03-17,544.45
2007-03-18,624.55
2007-03-19,616.76
2007-03-20,558.76
2007-03-21,510.82
2007-03-22,491.81
2007-03-23,568.49
2007-03-24,650.94
2007-03-25,733.37
2007-03-26,747.05
2007-03-27,706.61
2007-03-28,644.47
2007-03-29,573.34
2007-03-30,522.94
2007-03-31,467.31
2007-04-01,422.66
2007-04-02,390.22
2007-04-03,379.3
2007-04-04,448.01
2007-04-05,442.66
2007-04-06,402.92
2007-04-07,382.48
2007-04-08,380.78
2007-04-09,383.46
2007-04-10,373.65
2007-04-11,376.28
2007-04-12,420.56
2007-04-13,407.76
2007-04-14,395.42
2007-04-15,402.87
2007-04-16,439.9
2007-04-17,526.07
2007-04-18,528.77
2007-04-19,488.85
2007-04-20,443.1
2007-04-21,405.87
2007-04-22,376.94
2007-04-23,352.79
2007-04-24,333.13
2007-04-25,319.02
2007-04-26,308.53
2007-04-27,296.37
2007-04-28,286.8
2007-04-29,281.53
2007-04-30,269.7
2007-05-01,261.36
2007-05-02,254.81
2007-05-03,249.21
2007-05-04,240.06
2007-05-05,238.53
2007-05-06,231.26
2007-05-07,227.13
2007-05-08,219.82
2007-05-09,226.56
2007-05-10,234.03
2007-05-11,263.41
2007-05-12,268.79
2007-05-13,267.08
2007-05-14,282.52
2007-05-15,268.81
2007-05-16,257.95
2007-05-17,250.9
2007-05-18,240.35
2007-05-19,233.05
2007-05-20,225.52
2007-05-21,209.2
2007-05-22,200.47
2007-05-23,206.22
2007-05-24,204.01
2007-05-25,203.19
2007-05-26,209.23
2007-05-27,222.47
2007-05-28,213.95
2007-05-29,224.37
2007-05-30,237.38
2007-05-31,278.96
2007-06-01,282.79
2007-06-02,261.85
2007-06-03,247.33
2007-06-04,240.13
2007-06-05,240.12
2007-06-06,236.93
2007-06-07,238.76
2007-06-08,244.09
2007-06-09,251.93
2007-06-10,251.68
2007-06-11,230.01
2007-06-12,212.03
2007-06-13,213.31
2007-06-14,209.37
2007-06-15,204.95
2007-06-16,204.63
2007-06-17,204.25
2007-06-18,204.32
2007-06-19,202.01
2007-06-20,245.23
2007-06-21,283.26
2007-06-22,280.42
2007-06-23,280.79
2007-06-24,272.04
2007-06-25,261.92
2007-06-26,243.97
2007-06-27,248.95
2007-06-28,269.45
2007-06-29,263.28
2007-06-30,245.21
2007-07-01,228.1
2007-07-02,208.4
2007-07-03,197.34
2007-07-04,191.52
2007-07-05,186.3
2007-07-06,183.68
2007-07-07,179.03
2007-07-08,173.57
2007-07-09,156.27
2007-07-10,149.15
2007-07-11,150.9
2007-07-12,151.66
2007-07-13,151.73
2007-07-14,150.96
2007-07-15,150.74
2007-07-16,143.07
2007-07-17,131.81
2007-07-18,137.1
2007-07-19,139.49
2007-07-20,134.22
2007-07-21,136.86
2007-07-22,137.16
2007-07-23,123.95
2007-07-24,117.03
2007-07-25,143.89
2007-07-26,180.55
2007-07-27,202.72
2007-07-28,202.12
2007-07-29,186.22
2007-07-30,173.5
2007-07-31,168.37
2007-08-01,159.14
2007-08-02,148.4
2007-08-03,144.88
2007-08-04,141.1
2007-08-05,134.44
2007-08-06,122.42
2007-08-07,111.98
2007-08-08,114.84
2007-08-09,118.51
2007-08-10,116.66
2007-08-11,122.48
2007-08-12,129.34
2007-08-13,121.22
2007-08-14,113.82
2007-08-15,114.86
2007-08-16,116.45
2007-08-17,109.82
2007-08-18,111.15
2007-08-19,124.89
2007-08-20,121.48
2007-08-21,126.29
2007-08-22,133.26
2007-08-23,125.5
2007-08-24,121.94
2007-08-25,116.15
2007-08-26,103.21
2007-08-27,91.12
2007-08-28,85.16
2007-08-29,87.61
2007-08-30,107.38
2007-08-31,121.3
2007-09-01,129.28
2007-09-02,129.55
2007-09-03,120.62
2007-09-04,114.09
2007-09-05,115.33
2007-09-06,112.69
2007-09-07,118.37
2007-09-08,119.11
2007-09-09,108.5
2007-09-10,91.68
2007-09-11,83.48
2007-09-12,85.81
2007-09-13,91.53
2007-09-14,86.29
2007-09-15,82.6
2007-09-16,74.96
2007-09-17,67.96
2007-09-18,63.63
2007-09-19,64.88
2007-09-20,68
2007-09-21,65.89
2007-09-22,62.09
2007-09-23,60.56
2007-09-24,55.37
2007-09-25,48.95
2007-09-26,51.6
2007-09-27,62.65
2007-09-28,64.33
2007-09-29,59.32
2007-09-30,51.7
2007-10-01,44.75
2007-10-02,43.74
2007-10-03,47.43
2007-10-04,56.61
2007-10-05,62.68
2007-10-06,62.7
2007-10-07,55.98
2007-10-08,48.58
2007-10-09,42.01
2007-10-10,43.53
2007-10-11,42.96
2007-10-12,47.79
2007-10-13,44.55
2007-10-14,48.65
2007-10-15,49.45
2007-10-16,45.56
2007-10-17,45.72
2007-10-18,49.23
2007-10-19,52.27
2007-10-20,51.38
2007-10-21,55.87
2007-10-22,70.86
2007-10-23,74.79
2007-10-24,76.01
2007-10-25,71.62
2007-10-26,61.8
2007-10-27,51.77
2007-10-28,48.84
2007-10-29,41.93
2007-10-30,39.75
2007-10-31,41.5
2007-11-01,45.39
2007-11-02,46.39
2007-11-03,45.26
2007-11-04,43.95
2007-11-05,35.36
2007-11-06,30.76
2007-11-07,30.59
2007-11-08,34.1
2007-11-09,37.46
2007-11-10,38.84
2007-11-11,40.57
2007-11-12,33.99
2007-11-13,29.46
2007-11-14,30.87
2007-11-15,44.11
2007-11-16,62.36
2007-11-17,68.39
2007-11-18,66.8
2007-11-19,65.22
2007-11-20,63.12
2007-11-21,64.92
2007-11-22,66.45
2007-11-23,68.22
2007-11-24,63.01
2007-11-25,64.74
2007-11-26,80.74
2007-11-27,75.3
2007-11-28,69.92
2007-11-29,65.51
2007-11-30,65.34
2007-12-01,75.67
2007-12-02,94.63
2007-12-03,85.6
2007-12-04,75.71
2007-12-05,93.5
2007-12-06,139.83
2007-12-07,126.29
2007-12-08,99.01
2007-12-09,88.54
2007-12-10,80.3
2007-12-11,73.9
2007-12-12,69.45
2007-12-13,65.48
2007-12-14,64.87
2007-12-15,62.88
2007-12-16,60.17
2007-12-17,56.41
2007-12-18,54.03
2007-12-19,54.36
2007-12-20,55.53
2007-12-21,53.07
2007-12-22,50.02
2007-12-23,50.31
2007-12-24,50
2007-12-25,47.85
2007-12-26,47.55
2007-12-27,46.03
2007-12-28,52.17
2007-12-29,68.14
2007-12-30,123.26
2007-12-31,160.55
2008-01-01,126.24
2008-01-02,97.98
2008-01-03,84.49
2008-01-04,83.58
2008-01-05,84.94
2008-01-06,81.44
2008-01-07,78.6
2008-01-08,76.47
2008-01-09,160.64
2008-01-10,2003.18
2008-01-11,4283.23
2008-01-12,1664.01
2008-01-13,1045.48
2008-01-14,827.26
2008-01-15,736.49
2008-01-16,690.51
2008-01-17,734.56
2008-01-18,673.81
2008-01-19,587.5
2008-01-20,490.57
2008-01-21,416.81
2008-01-22,353.47
2008-01-23,304.87
2008-01-24,274.08
2008-01-25,259.1
2008-01-26,246.47
2008-01-27,239.6
2008-01-28,234.54
2008-01-29,209.13
2008-01-30,193.24
2008-01-31,186.96
2008-02-01,213.23
2008-02-02,271.35
2008-02-03,244.1
2008-02-04,218.91
2008-02-05,217.24
2008-02-06,243.01
2008-02-07,269.14
2008-02-08,387.57
2008-02-09,531.55
2008-02-10,481.05
2008-02-11,509.71
2008-02-12,586.99
2008-02-13,1092.22
2008-02-14,1087.93
2008-02-15,928.66
2008-02-16,812.38
2008-02-17,702.8
2008-02-18,1667.34
2008-02-19,5036.04
2008-02-20,4803.21
2008-02-21,5887.31
2008-02-22,3476.55
2008-02-23,2084.08
2008-02-24,1505.51
2008-02-25,1203.65
2008-02-26,1013.26
2008-02-27,910.46
2008-02-28,1133.02
2008-02-29,2914.31
2008-03-01,3682.76
2008-03-02,2220.68
2008-03-03,1554.53
2008-03-04,1401.75
2008-03-05,1488.91
2008-03-06,8383.73
2008-03-07,19204.53
2008-03-08,5512.14
2008-03-09,3278.18
2008-03-10,2413.25
2008-03-11,1868
2008-03-12,1615.81
2008-03-13,1438.73
2008-03-14,3299.23
2008-03-15,7620.58
2008-03-16,4506.87
2008-03-17,3921.67
2008-03-18,2814.23
2008-03-19,2226.68
2008-03-20,1837.69
2008-03-21,1623
2008-03-22,1462.91
2008-03-23,1330.52
2008-03-24,1228.38
2008-03-25,1150.32
2008-03-26,1091.99
2008-03-27,1031.89
2008-03-28,970.3
2008-03-29,937.93
2008-03-30,916.63
2008-03-31,896.84
2008-04-01,888.38
2008-04-02,869.65
2008-04-03,846.56
2008-04-04,840.52
2008-04-05,823.19
2008-04-06,794.46
2008-04-07,772.12
2008-04-08,750.37
2008-04-09,736.93
2008-04-10,728.11
2008-04-11,704.22
2008-04-12,680.57
2008-04-13,666.81
2008-04-14,658.37
2008-04-15,650.37
2008-04-16,643.53
2008-04-17,636.6
2008-04-18,630.19
2008-04-19,634.37
2008-04-20,627.32
2008-04-21,609.98
2008-04-22,593.01
2008-04-23,587.82
2008-04-24,578.76
2008-04-25,559.14
2008-04-26,542.26
2008-04-27,528.31
2008-04-28,505.83
2008-04-29,490.96
2008-04-30,488.66
2008-05-01,472.63
2008-05-02,464.56
2008-05-03,457.34
2008-05-04,459.85
2008-05-05,452.71
2008-05-06,429.61
2008-05-07,425.93
2008-05-08,440.34
2008-05-09,432.67
2008-05-10,414.62
2008-05-11,397.28
2008-05-12,374.79
2008-05-13,383.35
2008-05-14,393.25
2008-05-15,380.65
2008-05-16,388.03
2008-05-17,386.03
2008-05-18,368.97
2008-05-19,343.68
2008-05-20,330.75
2008-05-21,332.95
2008-05-22,333.72
2008-05-23,328.28
2008-05-24,328.83
2008-05-25,356.94
2008-05-26,358.63
2008-05-27,380.27
2008-05-28,378.71
2008-05-29,367.62
2008-05-30,351.95
2008-05-31,338.24
2008-06-01,324.57
2008-06-02,307.22
2008-06-03,296.55
2008-06-04,302.67
2008-06-05,300.55
2008-06-06,297.04
2008-06-07,295.22
2008-06-08,285.48
2008-06-09,259.63
2008-06-10,247.53
2008-06-11,276.18
2008-06-12,305.38
2008-06-13,309.18
2008-06-14,321.49
2008-06-15,305.18
2008-06-16,289.47
2008-06-17,277.7
2008-06-18,275.14
2008-06-19,279.71
2008-06-20,286.04
2008-06-21,277.75
2008-06-22,262.3
2008-06-23,244.85
2008-06-24,235.64
2008-06-25,237.24
2008-06-26,237.65
2008-06-27,237.15
2008-06-28,244.07
2008-06-29,237.86
2008-06-30,217.18
2008-07-01,218.33
2008-07-02,240.15
2008-07-03,240.94
2008-07-04,232.45
2008-07-05,223.9
2008-07-06,218.67
2008-07-07,199.57
2008-07-08,188.5
2008-07-09,199.87
2008-07-10,213.18
2008-07-11,205.27
2008-07-12,201.46
2008-07-13,192.3
2008-07-14,169.06
2008-07-15,159.8
2008-07-16,179.96
2008-07-17,189.03
2008-07-18,207.56
2008-07-19,210.45
2008-07-20,206.52
2008-07-21,192.4
2008-07-22,198.69
2008-07-23,233.06
2008-07-24,242.73
2008-07-25,300.14
2008-07-26,315.92
2008-07-27,264.71
2008-07-28,229.51
2008-07-29,216.55
2008-07-30,207.32
2008-07-31,196.8
2008-08-01,184.52
2008-08-02,174.81
2008-08-03,169.84
2008-08-04,154.54
2008-08-05,148.06
2008-08-06,153.83
2008-08-07,150.44
2008-08-08,145.88
2008-08-09,145.94
2008-08-10,151.62
2008-08-11,137.09
2008-08-12,120.48
2008-08-13,130.4
2008-08-14,139.11
2008-08-15,142.42
2008-08-16,132.31
2008-08-17,126.64
2008-08-18,118.75
2008-08-19,113.68
2008-08-20,120.31
2008-08-21,127.19
2008-08-22,127.91
2008-08-23,127.67
2008-08-24,128.74
2008-08-25,113.48
2008-08-26,104.35
2008-08-27,112.69
2008-08-28,133.45
2008-08-29,142.92
2008-08-30,142.09
2008-08-31,136.21
2008-09-01,120.54
2008-09-02,115.94
2008-09-03,117.69
2008-09-04,118.2
2008-09-05,117.58
2008-09-06,117.43
2008-09-07,107.84
2008-09-08,88.94
2008-09-09,86.88
2008-09-10,180.71
2008-09-11,190.75
2008-09-12,159.87
2008-09-13,152.52
2008-09-14,153.05
2008-09-15,146.63
2008-09-16,137.17
2008-09-17,128.97
2008-09-18,121.69
2008-09-19,111.24
2008-09-20,104.89
2008-09-21,100.61
2008-09-22,91.61
2008-09-23,80.87
2008-09-24,86.74
2008-09-25,96.67
2008-09-26,96.85
2008-09-27,100.36
2008-09-28,99.43
2008-09-29,93.82
2008-09-30,94.35
2008-10-01,99.57
2008-10-02,96.05
2008-10-03,91.37
2008-10-04,93.52
2008-10-05,111.18
2008-10-06,114.55
2008-10-07,97.8
2008-10-08,97.18
2008-10-09,95.61
2008-10-10,85.05
2008-10-11,82.54
2008-10-12,81.14
2008-10-13,73.71
2008-10-14,72.97
2008-10-15,83.77
2008-10-16,94.52
2008-10-17,93.97
2008-10-18,88.64
2008-10-19,81.99
2008-10-20,78.35
2008-10-21,93.91
2008-10-22,106.05
2008-10-23,104.75
2008-10-24,100.86
2008-10-25,93.91
2008-10-26,89.14
2008-10-27,76.98
2008-10-28,63.55
2008-10-29,68.05
2008-10-30,76.28
2008-10-31,75.96
2008-11-01,73.16
2008-11-02,71.42
2008-11-03,67.35
2008-11-04,53.93
2008-11-05,59.52
2008-11-06,69.1
2008-11-07,67.3
2008-11-08,65.03
2008-11-09,60.67
2008-11-10,55.64
2008-11-11,51.4
2008-11-12,66.42
2008-11-13,71.79
2008-11-14,65.73
2008-11-15,61.9
2008-11-16,58.25
2008-11-17,50.79
2008-11-18,49.64
2008-11-19,50.5
2008-11-20,58.84
2008-11-21,88.58
2008-11-22,121.45
2008-11-23,134.28
2008-11-24,99.85
2008-11-25,86.73
2008-11-26,80.98
2008-11-27,80.75
2008-11-28,91.98
2008-11-29,109.35
2008-11-30,179.95
2008-12-01,141.78
2008-12-02,116.28
2008-12-03,111.64
2008-12-04,119.22
2008-12-05,110.03
2008-12-06,96.8
2008-12-07,89.64
2008-12-08,82.95
2008-12-09,81.2
2008-12-10,94.37
2008-12-11,96.89
2008-12-12,103.95
2008-12-13,101.42
2008-12-14,88.64
2008-12-15,82.09
2008-12-16,91.33
2008-12-17,85.19
2008-12-18,104.88
2008-12-19,95.25
2008-12-20,90.96
2008-12-21,84.26
2008-12-22,79.87
2008-12-23,77.77
2008-12-24,76.58
2008-12-25,76.02
2008-12-26,73.24
2008-12-27,70.03
2008-12-28,69.68
2008-12-29,74.64
2008-12-30,92.34
2008-12-31,108.79
2009-01-01,123.92
2009-01-02,366.09
2009-01-03,353.67
2009-01-04,543.39
2009-01-05,513.92
2009-01-06,692.45
2009-01-07,808.77
2009-01-08,585.5
2009-01-09,431.89
2009-01-10,357.59
2009-01-11,323.94
2009-01-12,352.22
2009-01-13,579.4
2009-01-14,1360.27
2009-01-15,1651.56
2009-01-16,1202.68
2009-01-17,882.95
2009-01-18,791.68
2009-01-19,816.83
2009-01-20,847.59
2009-01-21,1142.86
2009-01-22,1008.29
2009-01-23,846.91
2009-01-24,752.96
2009-01-25,879.49
2009-01-26,790.47
2009-01-27,742.24
2009-01-28,774.34
2009-01-29,731.44
2009-01-30,659.54
2009-01-31,646.71
2009-02-01,590.61
2009-02-02,813.9
2009-02-03,1801.99
2009-02-04,3235.11
2009-02-05,2100.01
2009-02-06,4528.53
2009-02-07,4608.06
2009-02-08,3830.22
2009-02-09,3807.28
2009-02-10,3261.42
2009-02-11,2305.98
2009-02-12,1727.75
2009-02-13,1617.35
2009-02-14,1509.52
2009-02-15,1230.57
2009-02-16,1100.94
2009-02-17,987.93
2009-02-18,922.34
2009-02-19,858.4
2009-02-20,809.09
2009-02-21,794.89
2009-02-22,792.17
2009-02-23,740.08
2009-02-24,782.18
2009-02-25,843.74
2009-02-26,842.84
2009-02-27,774.49
2009-02-28,731.99
2009-03-01,705.32
2009-03-02,671.32
2009-03-03,639.65
2009-03-04,621.23
2009-03-05,598.8
2009-03-06,580.68
2009-03-07,561.48
2009-03-08,717.8
2009-03-09,881.7
2009-03-10,889.49
2009-03-11,1041.39
2009-03-12,1006.31
2009-03-13,960.7
2009-03-14,846.13
2009-03-15,776.47
2009-03-16,722.88
2009-03-17,682.09
2009-03-18,649.03
2009-03-19,625.47
2009-03-20,608.37
2009-03-21,594.7
2009-03-22,567.99
2009-03-23,536.88
2009-03-24,506.04
2009-03-25,490.67
2009-03-26,484.19
2009-03-27,468.66
2009-03-28,461.19
2009-03-29,453.14
2009-03-30,455.55
2009-03-31,433.79
2009-04-01,419.26
2009-04-02,404.03
2009-04-03,389.22
2009-04-04,375.79
2009-04-05,367.26
2009-04-06,356.05
2009-04-07,349.77
2009-04-08,350.5
2009-04-09,345.93
2009-04-10,391.36
2009-04-11,459.57
2009-04-12,526.7
2009-04-13,457.78
2009-04-14,423.21
2009-04-15,472.96
2009-04-16,482.64
2009-04-17,461.59
2009-04-18,499.23
2009-04-19,517.13
2009-04-20,458.8
2009-04-21,418.59
2009-04-22,398
2009-04-23,379.11
2009-04-24,364.14
2009-04-25,354.75
2009-04-26,345
2009-04-27,324.69
2009-04-28,311.99
2009-04-29,309.31
2009-04-30,312.26
2009-05-01,300.84
2009-05-02,294.55
2009-05-03,288.99
2009-05-04,285.35
2009-05-05,286.98
2009-05-06,302.29
2009-05-07,301.1
2009-05-08,300.61
2009-05-09,320.28
2009-05-10,334.76
2009-05-11,365.47
2009-05-12,377.53
2009-05-13,376.63
2009-05-14,374.17
2009-05-15,365.29
2009-05-16,355.94
2009-05-17,343.82
2009-05-18,333.47
2009-05-19,317.8
2009-05-20,309.06
2009-05-21,302.81
2009-05-22,295.67
2009-05-23,283.03
2009-05-24,270.65
2009-05-25,258.92
2009-05-26,251.43
2009-05-27,253.02
2009-05-28,272.59
2009-05-29,282.98
2009-05-30,278.72
2009-05-31,267.23
2009-06-01,254.95
2009-06-02,259.24
2009-06-03,272.34
2009-06-04,279.7
2009-06-05,273.3
2009-06-06,263.26
2009-06-07,252.6
2009-06-08,236.19
2009-06-09,229.44
2009-06-10,228.02
2009-06-11,226.85
2009-06-12,222.65
2009-06-13,215.53
2009-06-14,208.18
2009-06-15,204.28
2009-06-16,198.29
2009-06-17,202.25
2009-06-18,200.16
2009-06-19,193.9
2009-06-20,202.32
2009-06-21,204.54
2009-06-22,195.62
2009-06-23,183.03
2009-06-24,191.62
2009-06-25,194.46
2009-06-26,186.97
2009-06-27,184.67
2009-06-28,181.82
2009-06-29,173.44
2009-06-30,166.05
2009-07-01,163
2009-07-02,176
2009-07-03,177.02
2009-07-04,172.97
2009-07-05,167.14
2009-07-06,157.91
2009-07-07,148.57
2009-07-08,152.17
2009-07-09,162.26
2009-07-10,158.87
2009-07-11,159.49
2009-07-12,165.8
2009-07-13,152.71
2009-07-14,138.11
2009-07-15,146.03
2009-07-16,156.62
2009-07-17,154.77
2009-07-18,151.39
2009-07-19,147.71
2009-07-20,137.89
2009-07-21,130.47
2009-07-22,139.31
2009-07-23,146.32
2009-07-24,142.95
2009-07-25,139.58
2009-07-26,134.39
2009-07-27,124.52
2009-07-28,120.56
2009-07-29,116.07
2009-07-30,114.3
2009-07-31,113.37
2009-08-01,112.11
2009-08-02,109.88
2009-08-03,110.77
2009-08-04,111.78
2009-08-05,113.36
2009-08-06,124.85
2009-08-07,122.51
2009-08-08,118.02
2009-08-09,118.71
2009-08-10,105.39
2009-08-11,93.5
2009-08-12,91.26
2009-08-13,96.71
2009-08-14,98.22
2009-08-15,96.96
2009-08-16,96.65
2009-08-17,81.34
2009-08-18,72.28
2009-08-19,73.83
2009-08-20,81.97
2009-08-21,82.85
2009-08-22,87.61
2009-08-23,86.52
2009-08-24,80.3
2009-08-25,69.62
2009-08-26,67.18
2009-08-27,68.53
2009-08-28,71.01
2009-08-29,72.08
2009-08-30,73.02
2009-08-31,73.25
2009-09-01,72.31
2009-09-02,69.54
2009-09-03,67.75
2009-09-04,66.71
2009-09-05,66.51
2009-09-06,66.54
2009-09-07,66.57
2009-09-08,66.27
2009-09-09,61.61
2009-09-10,59.97
2009-09-11,61.05
2009-09-12,60.67
2009-09-13,57.05
2009-09-14,59.39
2009-09-15,56.83
2009-09-16,57.83
2009-09-17,59.47
2009-09-18,58.86
2009-09-19,59.98
2009-09-20,57.3
2009-09-21,56.34
2009-09-22,52.8
2009-09-23,52.89
2009-09-24,50.08
2009-09-25,52.79
2009-09-26,51.38
2009-09-27,48.46
2009-09-28,46.84
2009-09-29,42.95
2009-09-30,41.33
2009-10-01,45.06
2009-10-02,50.68
2009-10-03,46.45
2009-10-04,46.48
2009-10-05,38.95
2009-10-06,34.34
2009-10-07,40.99
2009-10-08,42.85
2009-10-09,42.9
2009-10-10,41.33
2009-10-11,42.21
2009-10-12,37.63
2009-10-13,33.26
2009-10-14,33.2
2009-10-15,36.87
2009-10-16,40.78
2009-10-17,41.53
2009-10-18,35.61
2009-10-19,31.32
2009-10-20,26.14
2009-10-21,29.12
2009-10-22,38.68
2009-10-23,45.99
2009-10-24,54.28
2009-10-25,48.15
2009-10-26,40.65
2009-10-27,41.54
2009-10-28,39.92
2009-10-29,41.71
2009-10-30,41.43
2009-10-31,47.62
2009-11-01,49.16
2009-11-02,47.83
2009-11-03,45.44
2009-11-04,48.11
2009-11-05,50.39
2009-11-06,44.45
2009-11-07,36.89
2009-11-08,46.07
2009-11-09,48.19
2009-11-10,47.63
2009-11-11,50.28
2009-11-12,56.46
2009-11-13,58.56
2009-11-14,60.45
2009-11-15,63.06
2009-11-16,56.18
2009-11-17,49.63
2009-11-18,48.6
2009-11-19,45.37
2009-11-20,45.65
2009-11-21,44.96
2009-11-22,39.69
2009-11-23,39.29
2009-11-24,37.54
2009-11-25,40.2
2009-11-26,42.74
2009-11-27,53.24
2009-11-28,75.33
2009-11-29,81.99
2009-11-30,64.27
2009-12-01,56.45
2009-12-02,54.52
2009-12-03,51.94
2009-12-04,49.65
2009-12-05,48.03
2009-12-06,45.29
2009-12-07,40.32
2009-12-08,31.39
2009-12-09,35.93
2009-12-10,43.82
2009-12-11,46.47
2009-12-12,46.43
2009-12-13,43.14
2009-12-14,44.42
2009-12-15,34.69
2009-12-16,24.95
2009-12-17,27.28
2009-12-18,33.18
2009-12-19,37.53
2009-12-20,40.31
2009-12-21,36.7
2009-12-22,27.2
2009-12-23,21.72
2009-12-24,21.69
2009-12-25,30.26
2009-12-26,36.23
2009-12-27,37.53
2009-12-28,49.18
2009-12-29,71.46
2009-12-30,77.8
2009-12-31,61.75
